OPPORTUNITY NUMBER,OPPORTUNITY TITLE,AGENCY CODE,AGENCY NAME,CATEGORY OF FUNDING ACTIVITY,FUNDING CATEGORY EXPLANATION,FUNDING INSTRUMENT TYPE,ASSISTANCE LISTINGS,ESTIMATED TOTAL FUNDING,EXPECTED NUMBER OF AWARDS,AWARD CEILING,AWARD FLOOR,COST SHARING / MATCH REQUIREMENT,LINK TO ADDITIONAL INFORMATION,GRANTOR CONTACT,GRANTOR CONTACT PHONE,GRANTOR CONTACT EMAIL,ESTIMATED POST DATE,ESTIMATED APPLICATION DUE DATE,POSTED DATE,CLOSE DATE,LAST UPDATED DATE/TIME,VERSION,OPPORTUNITY STATUS,OPPORTUNITY PACKAGE,SYNOPSIS ARCHIVED,FUNDING DESCRIPTION,ELIGIBLE APPLICANTS,funding_description_lower,keyword_women,keyword_black
"=HYPERLINK(""https://www.grants.gov/search-results-detail/355904"",""RFA-PS-25-113"")","Develop and Test HIV Prevention Interventions for Black and Hispanic Gay, Bisexual, and Other Men Who Have Sex with Men Who Use Substances",HHS-CDC-HHSCDCERA,Centers for Disease Control and Prevention - ERA,Health,,Cooperative Agreement,"93.084 - Prevention of Disease, Disability, and Death by Infectious Diseases",2850000.0,2.0,475000,350000,No,,"Jocelyn Patterson Mosley
JPatterson@cdc.gov",,JPatterson@cdc.gov,,,2024-12-16,02/20/2025,Dec-16-2024 02:42:32 PM EST,Synopsis 1,Archived,Yes,Yes,"The purpose of this Notice of Funding Opportunity (NOFO) is to support pilot research to develop and test behavioral implementation strategies for biomedical interventions (e.g., oral PrEP, condoms) to improve HIV and STI prevention implementation among disproportionately affected populations, especially Black/African American (Black) and Hispanic/Latino (Hispanic) gay, bisexual, and other men who have sex with men (MSM) without HIV who report substance use (drug or alcohol). The study design and sample size should meet minimum requirements for consideration of the CDC Compendium of Best Evidence (https://www.cdc.gov/hivpartners/php/compendium/) and thus may have the potential for future CDC HIV prevention funding implementation in jurisdictions around the United States. The applicants should have access to research participants in priority jurisdictions outlined in Ending the HIV Epidemic in the United States (EHE), in support of the goals of EHE (Ending the HIV Epidemic in the US (EHE) | EHE Initiative | CDC), the HIV National Strategic Plan for the United States: A Roadmap to End the HIV Epidemic (2021-2025) (https://www.cdc.gov/nchhstp/media/pdfs/2024/08/hiv-national-strategic-plan-2021-2025.pdf), and other federal prevention planning efforts.","State governments; County governments; City or township governments; Special district governments; Independent school districts; Public and State controlled institutions of higher education; Native American tribal governments (Federally recognized); Public housing authorities/Indian housing authorities; Native American tribal organizations (other than Federally recognized tribal governments); Nonprofits having a 501(c)(3) status with the IRS, other than institutions of higher education; Nonprofits that do not have a 501(c)(3) status with the IRS, other than institutions of higher education; Private institutions of higher education; For profit organizations other than small businesses","the purpose of this notice of funding opportunity (nofo) is to support pilot research to develop and test behavioral implementation strategies for biomedical interventions (e.g., oral prep, condoms) to improve hiv and sti prevention implementation among disproportionately affected populations, especially black/african american (black) and hispanic/latino (hispanic) gay, bisexual, and other men who have sex with men (msm) without hiv who report substance use (drug or alcohol). the study design and sample size should meet minimum requirements for consideration of the cdc compendium of best evidence (https://www.cdc.gov/hivpartners/php/compendium/) and thus may have the potential for future cdc hiv prevention funding implementation in jurisdictions around the united states. the applicants should have access to research participants in priority jurisdictions outlined in ending the hiv epidemic in the united states (ehe), in support of the goals of ehe (ending the hiv epidemic in the us (ehe) | ehe initiative | cdc), the hiv national strategic plan for the united states: a roadmap to end the hiv epidemic (2021-2025) (https://www.cdc.gov/nchhstp/media/pdfs/2024/08/hiv-national-strategic-plan-2021-2025.pdf), and other federal prevention planning efforts.",False,True
"=HYPERLINK(""https://www.grants.gov/search-results-detail/355903"",""RFA-PS-25-112"")",PEP Packs: Postexposure Prophylaxis Packs for Immediate Access to HIV and Sexually Transmitted Infection Prevention,HHS-CDC-HHSCDCERA,Centers for Disease Control and Prevention - ERA,Health,,Cooperative Agreement,"93.084 - Prevention of Disease, Disability, and Death by Infectious Diseases",4800000.0,1.0,1200000,900000,No,,"Jocelyn Patterson Mosley
JPatterson@cdc.gov",,JPatterson@cdc.gov,,,2024-12-13,02/19/2025,Dec-13-2024 03:17:21 PM EST,Synopsis 1,Archived,Yes,Yes,"The purpose of this notice of funding opportunity (NOFO) is to support an implementation research study. In this study, optimal strategies will be assessed for a postexposure prophylaxis (PEP) in pocket (PiP) approach for prevention of HIV and sexually transmitted infections (STIs) among disproportionately affected populations, for example, gay, bisexual, and other men who have sex with men (MSM) and transgender women (TGW). The recipient will implement and evaluate a comprehensive strategy to integrate PEP packs as a component of existing PrEP and STI clinical services. PEP packs will include a supply of antiretroviral medication for nonoccupational PEP (nPEP), doxycycline for STI PEP (DoxyPEP), HIV and STI self-test kits, and instruction materials. Study clinics should be in communities with high rates of HIV diagnoses among disproportionately affected populations, for example, Black and Hispanic MSM and TGW.","State governments; County governments; City or township governments; Special district governments; Independent school districts; Public and State controlled institutions of higher education; Native American tribal governments (Federally recognized); Public housing authorities/Indian housing authorities; Native American tribal organizations (other than Federally recognized tribal governments); Nonprofits having a 501(c)(3) status with the IRS, other than institutions of higher education; Nonprofits that do not have a 501(c)(3) status with the IRS, other than institutions of higher education; Private institutions of higher education; For profit organizations other than small businesses; Others (see text field entitled ""Additional Information on Eligibility"" for clarification)","the purpose of this notice of funding opportunity (nofo) is to support an implementation research study. in this study, optimal strategies will be assessed for a postexposure prophylaxis (pep) in pocket (pip) approach for prevention of hiv and sexually transmitted infections (stis) among disproportionately affected populations, for example, gay, bisexual, and other men who have sex with men (msm) and transgender women (tgw). the recipient will implement and evaluate a comprehensive strategy to integrate pep packs as a component of existing prep and sti clinical services. pep packs will include a supply of antiretroviral medication for nonoccupational pep (npep), doxycycline for sti pep (doxypep), hiv and sti self-test kits, and instruction materials. study clinics should be in communities with high rates of hiv diagnoses among disproportionately affected populations, for example, black and hispanic msm and tgw.",True,True
"=HYPERLINK(""https://www.grants.gov/search-results-detail/355369"",""HRSA-25-039"")",Black Lung Data and Resource Center,HHS-HRSA,Health Resources and Services Administration,Health,https://grants.hrsa.gov/2010/Web2External/Interface/FundingCycle/ExternalView.aspx?fCycleID=361383b4-1608-483d-880f-77c863ebb615,Cooperative Agreement,93.965 - Coal Miners Respiratory Impairment Treatment Clinics and Services,135000.0,1.0,135000,0,No,,"Department of Health and Human Services, Health Resources and Services Administration
blacklung@hrsa.gov",,blacklung@hrsa.gov,,,2024-12-12,02/11/2025,Dec-12-2024 02:39:57 PM EST,Synopsis 1,Closed,Yes,No,"The purpose of the Black Lung Data and Resource Center (BLDRC) program is to improve health care in rural areas by supporting patient-level data collection and analysis, clinic operations, and the quality and breadth of services provided by recipients of Black Lung Clinics Program (BLCP) funding. For the purposes of this Notice of Funding Opportunity, BLCP award recipients are referred to as BLCP recipients. Additional details about the program requirements and expectations for BLCP recipients can be found in HRSA-25-040.
 Our goal is to strengthen BLCP recipients’ ability to examine and treat respiratory diseases and pulmonary impairments in active and inactive U.S. coal miners. To that end, the BLDRC provides programmatic assistance and resources to help BLCP recipients use data analysis to better understand the health status and needs of U.S. coal miners. BLDRC support and data analysis contributes to advancing evidence-based models of health care for rural health care providers, including BLCP recipients and other health care providers serving rural populations.
 The BLDRC will work with BLCP recipients and stakeholders to address long-standing challenges and barriers to medical, outreach, educational, and benefits counseling services for U.S. coal miners. The BLDRC will also help collect and analyze information on the demographics and clinical status of coal miners with Coal Mine Dust Lung Diseases (CMDLD), or black lung diseases, especially Coal Workers Pneumoconiosis (CWP) and its most severe form, Progressive Massive Fibrosis (PMF). The BLDRC supports BLCP recipients, including rural health providers, in discerning effective methods to address challenges, analyzing best practices, and informing lessons learned that translate across rural and non-rural health care settings. These methods also expand and further enhance support for health care delivery in rural areas.","State governments; County governments; City or township governments; Special district governments; Independent school districts; Public and State controlled institutions of higher education; Native American tribal governments (Federally recognized); Native American tribal organizations (other than Federally recognized tribal governments); Nonprofits having a 501(c)(3) status with the IRS, other than institutions of higher education; Nonprofits that do not have a 501(c)(3) status with the IRS, other than institutions of higher education; Private institutions of higher education; For profit organizations other than small businesses; Small businesses; Others (see text field entitled ""Additional Information on Eligibility"" for clarification)","the purpose of the black lung data and resource center (bldrc) program is to improve health care in rural areas by supporting patient-level data collection and analysis, clinic operations, and the quality and breadth of services provided by recipients of black lung clinics program (blcp) funding. for the purposes of this notice of funding opportunity, blcp award recipients are referred to as blcp recipients. additional details about the program requirements and expectations for blcp recipients can be found in hrsa-25-040.
 our goal is to strengthen blcp recipients’ ability to examine and treat respiratory diseases and pulmonary impairments in active and inactive u.s. coal miners. to that end, the bldrc provides programmatic assistance and resources to help blcp recipients use data analysis to better understand the health status and needs of u.s. coal miners. bldrc support and data analysis contributes to advancing evidence-based models of health care for rural health care providers, including blcp recipients and other health care providers serving rural populations.
 the bldrc will work with blcp recipients and stakeholders to address long-standing challenges and barriers to medical, outreach, educational, and benefits counseling services for u.s. coal miners. the bldrc will also help collect and analyze information on the demographics and clinical status of coal miners with coal mine dust lung diseases (cmdld), or black lung diseases, especially coal workers pneumoconiosis (cwp) and its most severe form, progressive massive fibrosis (pmf). the bldrc supports blcp recipients, including rural health providers, in discerning effective methods to address challenges, analyzing best practices, and informing lessons learned that translate across rural and non-rural health care settings. these methods also expand and further enhance support for health care delivery in rural areas.",False,True
"=HYPERLINK(""https://www.grants.gov/search-results-detail/355370"",""HRSA-25-040"")",Black Lung Clinics Program,HHS-HRSA,Health Resources and Services Administration,Health,https://grants.hrsa.gov/2010/Web2External/Interface/FundingCycle/ExternalView.aspx?fCycleID=66914450-4f02-42ba-8cfa-bb8b9dd7fd10,Grant,93.965 - Coal Miners Respiratory Impairment Treatment Clinics and Services,12000000.0,15.0,0,0,No,,"Department of Health and Human Services, Health Resources and Services Administration
BlackLung@hrsa.gov",,BlackLung@hrsa.gov,,,2024-12-12,02/11/2025,Dec-12-2024 02:53:07 PM EST,Synopsis 1,Closed,Yes,No,"The Black Lung Clinic Program’s primary goal is to reduce the morbidity and mortality associated with occupation related coal mine dust lung disease (CMDLD), also known as black lung disease, by providing:
 •Medical services.
 •Outreach services.
 •Educational services.
 •Benefits counseling services.
 All recipients are required to provide certain services to coal miners in their service area. We also provide additional requirements to the minimum required services, to make sure that the quality and breadth of services coal miners receive is sustained in all service areas.","State governments; County governments; City or township governments; Special district governments; Independent school districts; Public and State controlled institutions of higher education; Native American tribal governments (Federally recognized); Native American tribal organizations (other than Federally recognized tribal governments); Nonprofits having a 501(c)(3) status with the IRS, other than institutions of higher education; Nonprofits that do not have a 501(c)(3) status with the IRS, other than institutions of higher education; Private institutions of higher education; For profit organizations other than small businesses; Small businesses; Others (see text field entitled ""Additional Information on Eligibility"" for clarification)","the black lung clinic program’s primary goal is to reduce the morbidity and mortality associated with occupation related coal mine dust lung disease (cmdld), also known as black lung disease, by providing:
 •medical services.
 •outreach services.
 •educational services.
 •benefits counseling services.
 all recipients are required to provide certain services to coal miners in their service area. we also provide additional requirements to the minimum required services, to make sure that the quality and breadth of services coal miners receive is sustained in all service areas.",False,True
"=HYPERLINK(""https://www.grants.gov/search-results-detail/357640"",""EDITIONS-202511"")",Publishing Historical Records in Collaborative Digital Editions,NARA,National Archives and Records Administration,Humanities,,Grant,89.003 - National Historical Publications and Records Grants,2600000.0,21.0,125000,1,No,https://www.archives.gov/nhprc/announcement/editions.html,"Julie Fisher
julie.fisher@nara.gov",,julie.fisher@nara.gov,,,2024-12-11,11/05/2025,Dec-11-2024 06:32:51 AM EST,Synopsis 2,Posted,Yes,No,"The National Historical Publications and Records Commission seeks proposals to publish online editions of historical records. All types of historical records are eligible, including documents, photographs, born-digital records, and analog audio. Projects may focus on broad historical movements in U.S. history, such as law (including the social and political history of the law), politics, social reform, business, military, the arts, and other aspects of the national experience.

Projects that center the voices and document the history of Black, Indigenous, and People of Color are especially welcome.","State governments; County governments; City or township governments; Public and State controlled institutions of higher education; Native American tribal governments (Federally recognized); Nonprofits having a 501(c)(3) status with the IRS, other than institutions of higher education; Private institutions of higher education","the national historical publications and records commission seeks proposals to publish online editions of historical records. all types of historical records are eligible, including documents, photographs, born-digital records, and analog audio. projects may focus on broad historical movements in u.s. history, such as law (including the social and political history of the law), politics, social reform, business, military, the arts, and other aspects of the national experience.

projects that center the voices and document the history of black, indigenous, and people of color are especially welcome.",False,True
"=HYPERLINK(""https://www.grants.gov/search-results-detail/353676"",""20250409-HB"")",Awards for Faculty,NEH,National Endowment for the Humanities,Humanities,,Grant,45.160 - Promotion of the Humanities Fellowships and Stipends,1500000.0,22.0,60000,10000,No,https://www.neh.gov/divisions/research,"Division of Research Programs
National Endowment for the Humanities
400 Seventh Street, SW
Washington, DC 20506
202-606-8200
FacultyAwards@neh.gov",,FacultyAwards@neh.gov,,,2024-12-04,04/09/2025,Mar-28-2025 11:07:23 AM EST,Synopsis 10,Closed,Yes,No,"The National Endowment for the Humanities (NEH) Division of Research Programs is accepting applications for the Awards for Faculty at Hispanic-Serving Institutions (HSIs), Historically Black Colleges and Universities (HBCUs), and Tribal Colleges and Universities (TCUs) programs. These programs strengthen the humanities at HBCUs, HSIs, and TCUs by encouraging and expanding humanities research opportunities for individual faculty and staff members. Awards support individuals pursuing scholarly research that is of value to humanities scholars, students, and/or general audiences.",Individuals,"the national endowment for the humanities (neh) division of research programs is accepting applications for the awards for faculty at hispanic-serving institutions (hsis), historically black colleges and universities (hbcus), and tribal colleges and universities (tcus) programs. these programs strengthen the humanities at hbcus, hsis, and tcus by encouraging and expanding humanities research opportunities for individual faculty and staff members. awards support individuals pursuing scholarly research that is of value to humanities scholars, students, and/or general audiences.",False,True
"=HYPERLINK(""https://www.grants.gov/search-results-detail/357393"",""EDITIONS-202505"")",Publishing Historical Records in Collaborative Digital Editions,NARA,National Archives and Records Administration,Humanities,,Grant,89.003 - National Historical Publications and Records Grants,2600000.0,21.0,125000,1,No,https://www.archives.gov/nhprc/announcement/editions.html,"Julie Fisher
julie.fisher@nara.gov",,julie.fisher@nara.gov,,,2024-11-26,05/07/2025,Nov-26-2024 04:04:21 PM EST,Synopsis 2,Posted,Yes,No,"The National Historical Publications and Records Commission seeks proposals to publish online editions of historical records. All types of historical records are eligible, including documents,
photographs, born-digital records, and analog audio. Projects may focus on broad historical movements in U.S. history, such as law (including the social and political history of the law), politics, social reform, business, military, the arts, and other aspects of the national experience. Projects that center the voices and document the history of Black, Indigenous, and People of Color are especially welcome.

Opportunities for FY2026 are limited to current and previously funded projects in the Publishing Historical Records in Collaborative Digital Editions and Mellon Planning Grants for Collaborative Digital Editions in African American, Asian American, Hispanic American, and Native American
History and Ethnic Studies programs. Due to funding constraints, the program is not accepting proposals from new projects for FY2026.","State governments; County governments; City or township governments; Public and State controlled institutions of higher education; Native American tribal governments (Federally recognized); Nonprofits having a 501(c)(3) status with the IRS, other than institutions of higher education; Private institutions of higher education","the national historical publications and records commission seeks proposals to publish online editions of historical records. all types of historical records are eligible, including documents,
photographs, born-digital records, and analog audio. projects may focus on broad historical movements in u.s. history, such as law (including the social and political history of the law), politics, social reform, business, military, the arts, and other aspects of the national experience. projects that center the voices and document the history of black, indigenous, and people of color are especially welcome.

opportunities for fy2026 are limited to current and previously funded projects in the publishing historical records in collaborative digital editions and mellon planning grants for collaborative digital editions in african american, asian american, hispanic american, and native american
history and ethnic studies programs. due to funding constraints, the program is not accepting proposals from new projects for fy2026.",False,True
"=HYPERLINK(""https://www.grants.gov/search-results-detail/357095"",""P24AS00547"")",FY2024 Historic Preservation Fund - Historically Black Colleges and Universities Grants,DOI-NPS,National Park Service,"Other (see text field entitled ""Explanation of Other Category of Funding Activity"" for clarification)",Historic Preservation,Grant,15.932 - Preservation of Historic Structures on the Campuses of Historically Black Colleges and Universities (HBCUs).,11000000.0,,750000,50000,No,,"STLPG Staff
STLPG@nps.gov",,STLPG@nps.gov,,,2024-11-13,01/28/2025,Nov-13-2024 01:04:40 PM EST,Synopsis 1,Closed,Yes,No,"In 1988, the Historically Black Colleges and Universities (HBCU) Preservation grant program was established to document, preserve, and stabilize historic structures on HBCU campuses. Historic resources on campuses of accredited Historically Black Colleges and Universities that are listed or eligible for listing in the National Register of Historic Places either individually or as contributing to a National Register or National Historic Landmark historic district are eligible for this program. Projects must meet major program selection criteria and all work must follow the Secretary of the Interior’s Standards and Guidelines for Archeology and Historic Preservation.  Projects may also fund survey, nomination, and preservation planning for historic HBCU campuses.",Public and State controlled institutions of higher education; Private institutions of higher education,"in 1988, the historically black colleges and universities (hbcu) preservation grant program was established to document, preserve, and stabilize historic structures on hbcu campuses. historic resources on campuses of accredited historically black colleges and universities that are listed or eligible for listing in the national register of historic places either individually or as contributing to a national register or national historic landmark historic district are eligible for this program. projects must meet major program selection criteria and all work must follow the secretary of the interior’s standards and guidelines for archeology and historic preservation.  projects may also fund survey, nomination, and preservation planning for historic hbcu campuses.",False,True
"=HYPERLINK(""https://www.grants.gov/search-results-detail/356842"",""DOS-PDS-FY25-01"")",Celebrating the Contribution of African Food to American Cuisine,DOS-UGA,U.S. Mission to Uganda,"Other (see text field entitled ""Explanation of Other Category of Funding Activity"" for clarification)",Public Diplomacy,Cooperative Agreement,19.040 - Public Diplomacy Programs,20000.0,1.0,20000,10000,No,,"Mission Uganda Public Diplomacy Grants Management Team
Grantor
Phone 256414306001",,kampalagrants@state.gov,,,2024-10-25,11/30/2024,Oct-25-2024 02:43:37 AM EST,Synopsis 1,Archived,Yes,Yes,"The U.S. Embassy in Uganda will host a culinary diplomacy program titled “Celebrating the Contribution of African Food to American Cuisine,” to celebrate Black History Month 2025, and invites organizations to submit applications for its implementation. The program will engage 75-100 Ugandan chefs, culinary students, and food industry professionals through advanced culinary workshops led by visiting American culinary expert Tanya Holland. It will culminate in a fusion banquet that highlights the historical and cultural connections between African and American food traditions. Key activities will take place at prominent hospitality venues, including the Uganda Hotel and Tourism Training Institute (UHTTI) in Jinja and select locations in Kampala. The program aims to address both cultural and economic challenges within Uganda’s hospitality industry by fostering the development of local talent and creating career advancement opportunities for Ugandan chefs in an industry largely dominated by foreign professionals. By offering hands-on training with a focus on American cuisine, particularly Southern traditions rooted in African heritage, the program seeks to enhance culinary skills and inspire innovation in Uganda’s food sector. Applicants must demonstrate how they will integrate the expertise of the American culinary professional into Uganda’s culinary space while promoting economic growth and empowering Ugandan chefs to succeed locally and internationally.  ","Others (see text field entitled ""Additional Information on Eligibility"" for clarification)","the u.s. embassy in uganda will host a culinary diplomacy program titled “celebrating the contribution of african food to american cuisine,” to celebrate black history month 2025, and invites organizations to submit applications for its implementation. the program will engage 75-100 ugandan chefs, culinary students, and food industry professionals through advanced culinary workshops led by visiting american culinary expert tanya holland. it will culminate in a fusion banquet that highlights the historical and cultural connections between african and american food traditions. key activities will take place at prominent hospitality venues, including the uganda hotel and tourism training institute (uhtti) in jinja and select locations in kampala. the program aims to address both cultural and economic challenges within uganda’s hospitality industry by fostering the development of local talent and creating career advancement opportunities for ugandan chefs in an industry largely dominated by foreign professionals. by offering hands-on training with a focus on american cuisine, particularly southern traditions rooted in african heritage, the program seeks to enhance culinary skills and inspire innovation in uganda’s food sector. applicants must demonstrate how they will integrate the expertise of the american culinary professional into uganda’s culinary space while promoting economic growth and empowering ugandan chefs to succeed locally and internationally.  ",False,True
"=HYPERLINK(""https://www.grants.gov/search-results-detail/354172"",""20250203-HBI"")",Awards for Faculty Institutional Support – HBCUs and TCUs,NEH,National Endowment for the Humanities,Humanities,,Grant,45.161 - Promotion of the Humanities Research,90000.0,3.0,30000,1,No,https://www.neh.gov/program/awards-faculty-institutional-support-hbcus-and-tcus,"Division of Research Programs
National Endowment for the Humanities
400 Seventh Street, SW
Washington, DC 20506
facultyawards@neh.gov",,facultyawards@neh.gov,,,2024-10-04,05/01/2025,Feb-24-2025 12:45:22 PM EST,Synopsis 3,Posted,Yes,No,"This limited competition supports institutions that have one or more faculty or staff member(s) who have been awarded an NEH Awards for Faculty at Historically Black Colleges and Universities (HBCU) or an NEH Awards for Faculty at Tribal Colleges and Universities (TCU) fellowship in federal fiscal year 2025.

This program strengthens the capacity of HBCUs and TCUs to support humanities research on their campuses through funding for replacement instructors. NEH will provide funding at a fixed rate of $2,500 per month (full-time equivalent), up to $30,000. The fixed rate is pro-rated to correspond to the Awards for Faculty fellow’s NEH period of performance and regular institutional load.",Public and State controlled institutions of higher education; Private institutions of higher education,"this limited competition supports institutions that have one or more faculty or staff member(s) who have been awarded an neh awards for faculty at historically black colleges and universities (hbcu) or an neh awards for faculty at tribal colleges and universities (tcu) fellowship in federal fiscal year 2025.

this program strengthens the capacity of hbcus and tcus to support humanities research on their campuses through funding for replacement instructors. neh will provide funding at a fixed rate of $2,500 per month (full-time equivalent), up to $30,000. the fixed rate is pro-rated to correspond to the awards for faculty fellow’s neh period of performance and regular institutional load.",False,True
"=HYPERLINK(""https://www.grants.gov/search-results-detail/356538"",""PD-24-7790"")",Atmosphere Cluster,NSF,National Science Foundation,Science and Technology and other Research and Development,,Grant,47.050 - Geosciences,,,none,none,No,http://www.nsf.gov/funding/pgm_summ.jsp?pims_id=506308,"NSF grants.gov support
grantsgovsupport@nsf.gov",,grantsgovsupport@nsf.gov,,,2024-09-26,,Sep-27-2024 01:00:15 AM EST,Synopsis 2,Posted,Yes,No,"
  
The Atmosphere Cluster (AC) in the Division of Atmospheric and Geospace Sciences (AGS) supports fundamental studies of atmospheric processes from the Earth’s surface to the stratosphere, and from timescales of nanoseconds to millennia. Core areas of research include the chemical, physical, and dynamical processes in the atmosphere that impact clouds, weather, climate, air quality, and the water cycle. Research methods include modeling, collecting observations, conducting experiments in the laboratory and field, and advancing analytical measurement techniques. 



  
 



  
General research topics that are supported by the AC include, and are not limited to: 





      
Chemical processes and mechanisms that explain how atmospheric gases and aerosols form, react, transform and interact with the surrounding environment. 

    





      
Processes and dynamics that govern climate and hydroclimate, including their mean state, variability, response to external forcing and their role in the establishment of a global energy and water balance; coupled atmosphere-ocean interactions, land-atmosphere interactions and interactions among clouds, atmospheric circulation and climate. 

    





      
Observational and modeling studies of past climate and its drivers and studies that develop and synthesize paleoclimate proxies and records. 

    





      
Physics and dynamics of atmospheric motions on all scales, from the planetary to the microscale, including the general circulation of the troposphere and stratosphere, planetary waves, synoptic and mesoscale systems, convection, gravity waves, turbulence and planetary boundary layer dynamics. 

    





      
Physical meteorology including aerosol, cloud, and precipitation physics and atmospheric electricity. 

    





      
Synoptic and mesoscale meteorology including the processes, predictability and future changes in severe and hazardous weather. 

    



  
 



  
Proposals to the AC are welcome at any time. However, the following solicitations in support of specific atmospheric science and community efforts have target dates or deadlines. They also may have PI and/or Institution restrictions. Please refer to the solicitation documents for further details: 



  
 





      
The Paleo Perspectives on Present and Projected Climate (P4CLIMATE) solicitation supports observational and modeling studies to provide paleo perspectives addressing the two research themes: 1) Past Regional and Seasonal Climate; and 2) Past Climate Forcing, Sensitivity, and Feedbacks. 

    





      
The Facility and Instrumentation Request Process (FIRP) solicitation describes the requirements for the submission of proposals that will make use of AGS-supported facilities and instrumentation managed by the Facilities for Atmospheric Reseach and Education (FARE) program. 

    



  
AGS encourages and inspires scientific leaders by investing in the atmospheric and geospace sciences, enhancing educational opportunities and experiences and supporting faculty and researchers at all career stages. The Division expects that proposers will integrate education, outreach and dissemination activities into their research plans in compliance with NSF Broader Impacts Merit Review criteria.    



  
 



  
AGS invites proposals that include plans for workforce development, educational and outreach activities, open science initiatives, and efforts to broaden participation and encourage diverse talent in the atmosphere and geospace sciences. Furthermore, AGS encourages proposals from all institutions, including Minority Serving Institutions, Emerging Research Institutions and institutions in Established Program to Stimulate Competitive Research (EPSCoR) jurisdictions. 



  
 



  
The Proposal & Award Policies & Procedures Guide (PAPPG) provides the instructions for submitting proposals to AGS. Additionally, Chapter II.F of the PAPPG defines “Other Types of Proposals,” including community-building proposals such as Conference, Travel or Planning Proposals and special categories of proposals, such as Rapid Response Research (RAPID) and EArly-concept Grants for Exploratory Research (EAGER). Proposals that are not compliant with the PAPPG will be returned without review. 



  
 



  
The following sections highlight specific NSF-, GEO- or AGS-wide solicitations that may be relevant to the AGS Community. Please be aware that solicitations are frequently updated, so make sure that you are looking at the most recent version.   



  
 



  
Career Development 



  
 



AGS Postdoctoral Research Fellowship (AGS-PRF):  The AGS-PRF program supports researchers (also known as Fellows) for up to 24 months at the institution of their choice. The program is intended to recognize beginning investigators of significant potential and provide them with research experience that will broaden perspectives, facilitate interdisciplinary interactions and establish them in leadership positions within the AGS community. 



  
 



Faculty Early Career Development Program (CAREER):  The CAREER program supports early career (assistant professor-level) faculty who have the potential to serve as academic role models in research and education and to lead advances for their department or organization. Awards are 5 years long and must integrate research and education. 



  
 



Mid-Career Advancement (MCA):  The MCA program provides opportunities for scientists and engineers at the associate professor rank (or equivalent) to substantively enhance and advance their research program through synergistic partnerships. 



  
  



  
Capacity Development 



  
 



EMpowering BRoader Academic Capacity and Education (EMBRACE):  The EMBRACE program supports research and educational efforts at ""non-R1"" institutions, including non-R1 minority serving institutions (MSIs), two-year colleges (2YCs), primarily undergraduate institutions (PUIs), and emerging research (ERIs) and master's level institutions. 



  
 



Historically Black Colleges and Universities - Excellence in Research (HBCU - EiR):  The HBCU-EiR  program supports research at public and private historically Black colleges and universities to strengthen research capacity and promote engagement with NSF. 



  
 



Facilitating Research at Primarily Undergraduate Institutions (RUI and ROA):  RUI awards support PUI faculty in research that engages them in their professional field(s), builds capacity for research at their home institution, and supports the integration of research and undergraduate education. ROA awards similarly support PUI faculty research, but these awards typically allow faculty to work as visiting scientists at research-intensive organizations where they collaborate with other NSF-supported investigators. 



  
 



  
Instrumentation and Facilities 



  
 



Major Research Instrumentation:  The MRI program supports requests for up to $4 million from NSF for the development or acquisition of multi-user research instruments that are critical to the advancement of science and engineering. 



  
 



Mid-scale Research Infrastructure-1:  The MSRI-1 program supports the design and implementation of research infrastructure  including equipment, cyberinfrastructure, large-scale datasets and personnel  whose total project costs exceed the NSF Major Research Instrumentation program limit but are under $20 million. 



  
 



Mid-scale Research Infrastructure-2:  The MSRI-2 program supports the implementation of research infrastructure  including equipment, cyberinfrastructure, large-scale datasets and personnel  whose total project costs fall between $20 million and $100 million.  



  
   

","Unrestricted (i.e., open to any type of entity above), subject to any clarification in text field entitled ""Additional Information on Eligibility""","
  
the atmosphere cluster (ac) in the division of atmospheric and geospace sciences (ags) supports fundamental studies of atmospheric processes from the earth’s surface to the stratosphere, and from timescales of nanoseconds to millennia. core areas of research include the chemical, physical, and dynamical processes in the atmosphere that impact clouds, weather, climate, air quality, and the water cycle. research methods include modeling, collecting observations, conducting experiments in the laboratory and field, and advancing analytical measurement techniques. 



  
 



  
general research topics that are supported by the ac include, and are not limited to: 





      
chemical processes and mechanisms that explain how atmospheric gases and aerosols form, react, transform and interact with the surrounding environment. 

    





      
processes and dynamics that govern climate and hydroclimate, including their mean state, variability, response to external forcing and their role in the establishment of a global energy and water balance; coupled atmosphere-ocean interactions, land-atmosphere interactions and interactions among clouds, atmospheric circulation and climate. 

    





      
observational and modeling studies of past climate and its drivers and studies that develop and synthesize paleoclimate proxies and records. 

    





      
physics and dynamics of atmospheric motions on all scales, from the planetary to the microscale, including the general circulation of the troposphere and stratosphere, planetary waves, synoptic and mesoscale systems, convection, gravity waves, turbulence and planetary boundary layer dynamics. 

    





      
physical meteorology including aerosol, cloud, and precipitation physics and atmospheric electricity. 

    





      
synoptic and mesoscale meteorology including the processes, predictability and future changes in severe and hazardous weather. 

    



  
 



  
proposals to the ac are welcome at any time. however, the following solicitations in support of specific atmospheric science and community efforts have target dates or deadlines. they also may have pi and/or institution restrictions. please refer to the solicitation documents for further details: 



  
 





      
the paleo perspectives on present and projected climate (p4climate) solicitation supports observational and modeling studies to provide paleo perspectives addressing the two research themes: 1) past regional and seasonal climate; and 2) past climate forcing, sensitivity, and feedbacks. 

    





      
the facility and instrumentation request process (firp) solicitation describes the requirements for the submission of proposals that will make use of ags-supported facilities and instrumentation managed by the facilities for atmospheric reseach and education (fare) program. 

    



  
ags encourages and inspires scientific leaders by investing in the atmospheric and geospace sciences, enhancing educational opportunities and experiences and supporting faculty and researchers at all career stages. the division expects that proposers will integrate education, outreach and dissemination activities into their research plans in compliance with nsf broader impacts merit review criteria.    



  
 



  
ags invites proposals that include plans for workforce development, educational and outreach activities, open science initiatives, and efforts to broaden participation and encourage diverse talent in the atmosphere and geospace sciences. furthermore, ags encourages proposals from all institutions, including minority serving institutions, emerging research institutions and institutions in established program to stimulate competitive research (epscor) jurisdictions. 



  
 



  
the proposal & award policies & procedures guide (pappg) provides the instructions for submitting proposals to ags. additionally, chapter ii.f of the pappg defines “other types of proposals,” including community-building proposals such as conference, travel or planning proposals and special categories of proposals, such as rapid response research (rapid) and early-concept grants for exploratory research (eager). proposals that are not compliant with the pappg will be returned without review. 



  
 



  
the following sections highlight specific nsf-, geo- or ags-wide solicitations that may be relevant to the ags community. please be aware that solicitations are frequently updated, so make sure that you are looking at the most recent version.   



  
 



  
career development 



  
 



ags postdoctoral research fellowship (ags-prf):  the ags-prf program supports researchers (also known as fellows) for up to 24 months at the institution of their choice. the program is intended to recognize beginning investigators of significant potential and provide them with research experience that will broaden perspectives, facilitate interdisciplinary interactions and establish them in leadership positions within the ags community. 



  
 



faculty early career development program (career):  the career program supports early career (assistant professor-level) faculty who have the potential to serve as academic role models in research and education and to lead advances for their department or organization. awards are 5 years long and must integrate research and education. 



  
 



mid-career advancement (mca):  the mca program provides opportunities for scientists and engineers at the associate professor rank (or equivalent) to substantively enhance and advance their research program through synergistic partnerships. 



  
  



  
capacity development 



  
 



empowering broader academic capacity and education (embrace):  the embrace program supports research and educational efforts at ""non-r1"" institutions, including non-r1 minority serving institutions (msis), two-year colleges (2ycs), primarily undergraduate institutions (puis), and emerging research (eris) and master's level institutions. 



  
 



historically black colleges and universities - excellence in research (hbcu - eir):  the hbcu-eir  program supports research at public and private historically black colleges and universities to strengthen research capacity and promote engagement with nsf. 



  
 



facilitating research at primarily undergraduate institutions (rui and roa):  rui awards support pui faculty in research that engages them in their professional field(s), builds capacity for research at their home institution, and supports the integration of research and undergraduate education. roa awards similarly support pui faculty research, but these awards typically allow faculty to work as visiting scientists at research-intensive organizations where they collaborate with other nsf-supported investigators. 



  
 



  
instrumentation and facilities 



  
 



major research instrumentation:  the mri program supports requests for up to $4 million from nsf for the development or acquisition of multi-user research instruments that are critical to the advancement of science and engineering. 



  
 



mid-scale research infrastructure-1:  the msri-1 program supports the design and implementation of research infrastructure  including equipment, cyberinfrastructure, large-scale datasets and personnel  whose total project costs exceed the nsf major research instrumentation program limit but are under $20 million. 



  
 



mid-scale research infrastructure-2:  the msri-2 program supports the implementation of research infrastructure  including equipment, cyberinfrastructure, large-scale datasets and personnel  whose total project costs fall between $20 million and $100 million.  



  
   

",False,True
"=HYPERLINK(""https://www.grants.gov/search-results-detail/356536"",""PD-24-7789"")",Geospace Cluster,NSF,National Science Foundation,Science and Technology and other Research and Development,,Grant,47.050 - Geosciences,,,none,none,No,http://www.nsf.gov/funding/pgm_summ.jsp?pims_id=506312,"NSF grants.gov support
grantsgovsupport@nsf.gov",,grantsgovsupport@nsf.gov,,,2024-09-26,,Oct-04-2024 01:00:04 AM EST,Synopsis 3,Posted,Yes,No,"The Geospace Cluster (GC) in the Division of Atmospheric and Geospace Sciences (AGS) supports fundamental and solutions-oriented research, technology development and education related to the Earth's near-space environment (including the mesosphere, thermosphere, ionosphere, exosphere, magnetosphere and radiation belts) and the inner heliosphere and solar atmosphere. The GC advances knowledge of the Sun--Earth system, including how various parts of the system are coupled through dynamical, electrodynamical and chemical processes. The GC supports research on the societal impacts of these processes including space weather and upper atmosphere climate change, with the aim of increasing resilience to such natural hazards. The GC supports research that uses ground-based or space-based observational facilities and instruments as well as data centers and a broad range of theoretical, modeling, observational, data analyses and laboratory activities.

  

  General research topics that are supported by the GC include, but are not limited to:


Aeronomy, including studies of wave dynamics, ionization, recombination, chemical reaction, photo emission and transport of energy and momentum within and between the mesosphere, thermosphere and ionosphere of the Earth; how this global system is coupled to the stratosphere below and magnetosphere above; and the plasma physics of phenomena manifested in the coupled ionosphere-magnetosphere system.
Magnetospheric physics, including studies of the magnetosphere, or the cavity carved out of the solar wind by the Earth's magnetic field, its energization by the solar wind and population by solar and ionospheric sources; waves and instabilities in such natural plasmas; the origin of planetary electric fields; the origin of geomagnetic storms and substorms; and the coupling among the radiation belts, magnetosphere, ionosphere and atmosphere.
Solar-terrestrial physics, including how energy generation and eruptive processes occur in the solar atmosphere and how energy and momentum are transported within the Sun-Earth system; solar dynamo, solar activity cycle and magnetic flux emergence; eruptive activity including solar flares and coronal mass ejections; solar wind heating, solar energetic particles and interactions with cosmic rays; solar wind/magnetosphere boundary; and helioseismology.
Space weather and space climate, including solar or terrestrial drivers of space weather; observations and modeling of the integrative geospace system that could lead to better predictive capabilities of the time-varying space environment; and characterization of space weather impacts on critical infrastructure and technological systems.


Proposals to the GC are welcome at any time. However, the following solicitations in support of specific geospace science and community efforts have target dates or deadlines. They also may have PI and/or Institution restrictions. Please refer to the solicitation documents for further details:


The Coupling, Energetics, and Dynamics of Atmospheric Regions (CEDAR) targeted research program aims to understand the behavior of the Earth's atmospheric regions from the middle atmosphere upward through the thermosphere and ionosphere into the exosphere in terms of coupling, energetics, chemistry and dynamics on regional and global scales.
The Geospace Environment Modeling (GEM) targeted research program supports investigations of the physics of the Earth's magnetosphere and the coupling of the magnetosphere to the atmosphere and solar wind, including for making accurate predictions of the geospace environment.
The Solar, Heliospheric, and Interplanetary Environment (SHINE) targeted research program supports enhanced understanding of and predictive capabilities for the processes by which energy in the form of magnetic fields and particles are produced by the Sun and/or accelerated in interplanetary space and on the mechanisms by which these fields and particles are transported to the Earth through the inner heliosphere.
The Faculty Development in geoSpace Science (FDSS) solicitation integrates topics in geospace science, including solar and space physics and space weather research, into natural sciences, engineering or related departments at U.S. institutions of higher education. The solicitation also stimulates the development of undergraduate or graduate programs or curricula to train the next generation of leaders in geospace science.


The Geospace Cluster participates in other AGS, GEO and NSF programs and solicitations including but not limited to:


Distributed Array of Small Instruments (DASI)
ECosystem for Leading Innovation in Plasma Science and Engineering (ECLIPSE)


AGS encourages and inspires scientific leaders by investing in the atmospheric and geospace sciences, enhancing educational opportunities and experiences and supporting faculty and researchers at all career stages. The Division expects that proposers will integrate education, outreach and dissemination activities into their research plans in compliance with NSF Broader Impacts Merit Review criteria.



AGS invites proposals that include plans for workforce development, educational and outreach activities, open science initiatives and efforts to broaden participation and encourage diverse talent in the atmosphere and geospace sciences. Furthermore, AGS encourages proposals from all institutions, including Minority Serving Institutions, Emerging Research Institutions and institutions in EPSCoR jurisdictions.



The Proposal & Award Policies & Procedures Guide (PAPPG) provides the instructions for submitting proposals to AGS. Additionally, Chapter II.F of the PAPPG defines ""Other Types of Proposals,"" including community-building proposals such as Conference, Travel or Planning Proposals and special categories of proposals, such as Rapid Response Research (RAPID) and EArly-concept Grants for Exploratory Research (EAGER). Proposals that are not compliant with the PAPPG will be returned without review.



The following sections highlight specific NSF-, GEO-, or AGS-wide solicitations that may be relevant to the AGS Community. Please be aware that solicitations are frequently updated, so make sure that you are looking at the most recent version.  



Career Development



AGS Postdoctoral Research Fellowship (AGS-PRF): The AGS-PRF program supports researchers (also known as Fellows) for up to 24 months at the institution of their choice. The program is intended to recognize beginning investigators of significant potential and provide them with research experience that will broaden perspectives, facilitate interdisciplinary interactions, and establish them in leadership positions within the AGS community.



Faculty Early Career Development Program (CAREER): The CAREER program supports early career (assistant professor-level) faculty who have the potential to serve as academic role models in research and education and to lead advances for their department or organization. Awards are 5 years long and must integrate research and education.



Mid-Career Advancement (MCA): The MCA program provides opportunities for scientists and engineers at the associate professor rank (or equivalent) to substantively enhance and advance their research program through synergistic partnerships.





Capacity Development



EMpowering BRoader Academic Capacity and Education (EMBRACE):  The EMBRACE program supports research and educational efforts at ""non-R1"" institutions, including non-R1 minority serving institutions (MSIs), two-year colleges (2YCs), primarily undergraduate institutions (PUIs), and emerging research (ERIs) and master's level institutions.



Historically Black Colleges and Universities Excellence in Research (HBCU - EiR):  The HBCU-EiR program supports research at public and private historically Black colleges and universities to strengthen research capacity and promote engagement with NSF.



Facilitating Research at Primarily Undergraduate Institutions (RUI and ROA):  RUI awards support PUI faculty in research that engages them in their professional field(s), build capacity for research at their home institution, and support the integration of research and undergraduate education. ROA awards similarly support PUI faculty research, but these awards typically allow faculty to work as visiting scientists at research-intensive organizations where they collaborate with other NSF-supported investigators.



Instrumentation and Facilities



Major Research Instrumentation:  The MRI program supports requests for up to $4 million from NSF for the development or acquisition of multi-user research instruments that are critical to the advancement of science and engineering.



Mid-scale Research Infrastructure-1:  The MSRI-1 program supports the design and implementation of research infrastructure--including equipment, cyberinfrastructure, large-scale datasets and personnel--whose total project costs exceed the NSF Major Research Instrumentation program limit but are under $20 million.



Mid-scale Research Infrastructure-2:  The MSRI-2 program supports the implementation of research infrastructure--including equipment, cyberinfrastructure, large-scale datasets and personnel--whose total project costs fall between $20 million and $100 million.



","Unrestricted (i.e., open to any type of entity above), subject to any clarification in text field entitled ""Additional Information on Eligibility""","the geospace cluster (gc) in the division of atmospheric and geospace sciences (ags) supports fundamental and solutions-oriented research, technology development and education related to the earth's near-space environment (including the mesosphere, thermosphere, ionosphere, exosphere, magnetosphere and radiation belts) and the inner heliosphere and solar atmosphere. the gc advances knowledge of the sun--earth system, including how various parts of the system are coupled through dynamical, electrodynamical and chemical processes. the gc supports research on the societal impacts of these processes including space weather and upper atmosphere climate change, with the aim of increasing resilience to such natural hazards. the gc supports research that uses ground-based or space-based observational facilities and instruments as well as data centers and a broad range of theoretical, modeling, observational, data analyses and laboratory activities.

  

  general research topics that are supported by the gc include, but are not limited to:


aeronomy, including studies of wave dynamics, ionization, recombination, chemical reaction, photo emission and transport of energy and momentum within and between the mesosphere, thermosphere and ionosphere of the earth; how this global system is coupled to the stratosphere below and magnetosphere above; and the plasma physics of phenomena manifested in the coupled ionosphere-magnetosphere system.
magnetospheric physics, including studies of the magnetosphere, or the cavity carved out of the solar wind by the earth's magnetic field, its energization by the solar wind and population by solar and ionospheric sources; waves and instabilities in such natural plasmas; the origin of planetary electric fields; the origin of geomagnetic storms and substorms; and the coupling among the radiation belts, magnetosphere, ionosphere and atmosphere.
solar-terrestrial physics, including how energy generation and eruptive processes occur in the solar atmosphere and how energy and momentum are transported within the sun-earth system; solar dynamo, solar activity cycle and magnetic flux emergence; eruptive activity including solar flares and coronal mass ejections; solar wind heating, solar energetic particles and interactions with cosmic rays; solar wind/magnetosphere boundary; and helioseismology.
space weather and space climate, including solar or terrestrial drivers of space weather; observations and modeling of the integrative geospace system that could lead to better predictive capabilities of the time-varying space environment; and characterization of space weather impacts on critical infrastructure and technological systems.


proposals to the gc are welcome at any time. however, the following solicitations in support of specific geospace science and community efforts have target dates or deadlines. they also may have pi and/or institution restrictions. please refer to the solicitation documents for further details:


the coupling, energetics, and dynamics of atmospheric regions (cedar) targeted research program aims to understand the behavior of the earth's atmospheric regions from the middle atmosphere upward through the thermosphere and ionosphere into the exosphere in terms of coupling, energetics, chemistry and dynamics on regional and global scales.
the geospace environment modeling (gem) targeted research program supports investigations of the physics of the earth's magnetosphere and the coupling of the magnetosphere to the atmosphere and solar wind, including for making accurate predictions of the geospace environment.
the solar, heliospheric, and interplanetary environment (shine) targeted research program supports enhanced understanding of and predictive capabilities for the processes by which energy in the form of magnetic fields and particles are produced by the sun and/or accelerated in interplanetary space and on the mechanisms by which these fields and particles are transported to the earth through the inner heliosphere.
the faculty development in geospace science (fdss) solicitation integrates topics in geospace science, including solar and space physics and space weather research, into natural sciences, engineering or related departments at u.s. institutions of higher education. the solicitation also stimulates the development of undergraduate or graduate programs or curricula to train the next generation of leaders in geospace science.


the geospace cluster participates in other ags, geo and nsf programs and solicitations including but not limited to:


distributed array of small instruments (dasi)
ecosystem for leading innovation in plasma science and engineering (eclipse)


ags encourages and inspires scientific leaders by investing in the atmospheric and geospace sciences, enhancing educational opportunities and experiences and supporting faculty and researchers at all career stages. the division expects that proposers will integrate education, outreach and dissemination activities into their research plans in compliance with nsf broader impacts merit review criteria.



ags invites proposals that include plans for workforce development, educational and outreach activities, open science initiatives and efforts to broaden participation and encourage diverse talent in the atmosphere and geospace sciences. furthermore, ags encourages proposals from all institutions, including minority serving institutions, emerging research institutions and institutions in epscor jurisdictions.



the proposal & award policies & procedures guide (pappg) provides the instructions for submitting proposals to ags. additionally, chapter ii.f of the pappg defines ""other types of proposals,"" including community-building proposals such as conference, travel or planning proposals and special categories of proposals, such as rapid response research (rapid) and early-concept grants for exploratory research (eager). proposals that are not compliant with the pappg will be returned without review.



the following sections highlight specific nsf-, geo-, or ags-wide solicitations that may be relevant to the ags community. please be aware that solicitations are frequently updated, so make sure that you are looking at the most recent version.  



career development



ags postdoctoral research fellowship (ags-prf): the ags-prf program supports researchers (also known as fellows) for up to 24 months at the institution of their choice. the program is intended to recognize beginning investigators of significant potential and provide them with research experience that will broaden perspectives, facilitate interdisciplinary interactions, and establish them in leadership positions within the ags community.



faculty early career development program (career): the career program supports early career (assistant professor-level) faculty who have the potential to serve as academic role models in research and education and to lead advances for their department or organization. awards are 5 years long and must integrate research and education.



mid-career advancement (mca): the mca program provides opportunities for scientists and engineers at the associate professor rank (or equivalent) to substantively enhance and advance their research program through synergistic partnerships.





capacity development



empowering broader academic capacity and education (embrace):  the embrace program supports research and educational efforts at ""non-r1"" institutions, including non-r1 minority serving institutions (msis), two-year colleges (2ycs), primarily undergraduate institutions (puis), and emerging research (eris) and master's level institutions.



historically black colleges and universities excellence in research (hbcu - eir):  the hbcu-eir program supports research at public and private historically black colleges and universities to strengthen research capacity and promote engagement with nsf.



facilitating research at primarily undergraduate institutions (rui and roa):  rui awards support pui faculty in research that engages them in their professional field(s), build capacity for research at their home institution, and support the integration of research and undergraduate education. roa awards similarly support pui faculty research, but these awards typically allow faculty to work as visiting scientists at research-intensive organizations where they collaborate with other nsf-supported investigators.



instrumentation and facilities



major research instrumentation:  the mri program supports requests for up to $4 million from nsf for the development or acquisition of multi-user research instruments that are critical to the advancement of science and engineering.



mid-scale research infrastructure-1:  the msri-1 program supports the design and implementation of research infrastructure--including equipment, cyberinfrastructure, large-scale datasets and personnel--whose total project costs exceed the nsf major research instrumentation program limit but are under $20 million.



mid-scale research infrastructure-2:  the msri-2 program supports the implementation of research infrastructure--including equipment, cyberinfrastructure, large-scale datasets and personnel--whose total project costs fall between $20 million and $100 million.



",False,True
"=HYPERLINK(""https://www.grants.gov/search-results-detail/356383"",""DE-FOA-0003438"")",Notice of Intent (NOI) to Issue Notice of Funding Opportunity (NOFO) Advanced Hydrogen and Fuel Cell Technologies to Drive National Decarbonization DE-FOA-0003439,DOE-GFO,Golden Field Office,Energy,,Cooperative Agreement,81.087 - Renewable Energy Research and Development,46000000.0,20.0,10000000,1000000,Yes,https://eere-exchange.energy.gov,"For technical issues in eXCHANGE 
EERE-eXCHANGESupport@hq.doe.gov",,EERE-eXCHANGESupport@hq.doe.gov,,,2024-09-10,01/31/2025,Sep-10-2024 01:37:14 PM EST,Synopsis 2,Archived,No,Yes,"Modification 0001: The purpose of this modification is to:

• Update title for Topic 3


The Office of Energy Efficiency and Renewable Energy (EERE) intends to issue, on behalf of the Hydrogen and Fuel Cell Technologies Office (HFTO), a Notice of Funding Opportunity (NOFO) entitled “Advanced Hydrogen and Fuel Cell Technologies to Drive National Decarbonization.”

Clean hydrogen and fuel cell technologies are important elements of a comprehensive energy portfolio, particularly for use in hard-to-decarbonize sectors of the economy (such as heavy-duty transportation and industrial applications) and to enable long duration energy storage for a clean electric grid. Advancing clean hydrogen and fuel cell technologies directly supports the Biden-Harris Administration’s goals of achieving carbon pollution-free electricity by 2035 and net-zero emissions economy-wide by no later than 2050, benefiting all Americans.

This NOFO supports the vision outlined in the U.S. National Clean Hydrogen Strategy and Roadmap: affordable clean hydrogen for a net-zero carbon future and a sustainable, resilient, and equitable economy. The NOFO will target research, development, and demonstration (RD&D) topics critical to scaling hydrogen infrastructure and enabling increased adoption of clean hydrogen across sectors, particularly in heavy-duty (HD) vehicles and other heavy-duty transportation applications, which supports the U.S. National Blueprint for Transportation Decarbonization. Increased adoption of hydrogen technologies will help achieve economies of scale and drive down costs, directly supporting the Department of Energy’s (DOE) Regional Clean Hydrogen Hubs (H2Hubs) Program, an $8 billion federal investment to create networks of hydrogen producers, consumers, and local connective infrastructure to accelerate the use of hydrogen as a clean energy carrier and a carbon-free input to a number of chemical and industrial processes. Improvements in clean hydrogen technologies will also contribute to the long-term viability of the H2Hubs and other commercial-scale deployments. Activities funded under this NOFO will also align with the H2@Scale Initiative, which aims to advance affordable hydrogen production, transport, storage, and utilization to enable decarbonization and revenue opportunities across multiple sectors. The NOFO’s objectives support DOE’s Hydrogen Shot goal, which targets affordable clean hydrogen production at $1/kg within a decade.

Hydrogen and fuel cells can provide benefits and create opportunities for communities that have been historically underserved—such as improving air quality, providing resiliency, and creating jobs, including good-paying union jobs. Consistent with DOE’s commitment to benefit all Americans, this anticipated NOFO will encourage the participation of underserved communities and underrepresented groups. Applicants will be encouraged to form meaningful and substantial partnerships with Minority Serving Institutions (e.g., Historically Black Colleges and Universities, Tribal Colleges and Universities, and Other Minority Institutions).

To support the goal of building a clean and equitable energy economy, projects funded under this NOFO will be expected to (1) advance diversity, equity, inclusion, and accessibility (DEIA); (2) contribute to the Justice40 Initiative7 and other considerations linked with energy and/or environmental justice; and (3) invest in America’s workforce. To ensure these objectives are met, applications must include an RDD&D Community Benefits Plan (CBP) that addresses the three objectives stated above.

THIS IS A NOTICE OF INTENT (NOI) ONLY. This Notice is issued so that interested parties are aware of the EERE’s intention to issue this NOFO in the near term. All of the information contained in this Notice is subject to change. EERE may issue a NOFO as described herein, may issue a NOFO that is significantly different from the NOFO described herein, or EERE may not issue a NOFO at all.

EERE will not respond to questions concerning this Notice. Once the NOFO has been released, EERE will provide an avenue for potential Applicants to submit questions.

Prospective applicants to the NOFO should begin developing partnerships, formulating ideas, and gathering data in anticipation of the issuance of this NOFO. EERE plans to issue the NOFO on or about October 2024 via the EERE Exchange website https://eere-exchange.energy.gov/.","State governments; County governments; City or township governments; Special district governments; Independent school districts; Public and State controlled institutions of higher education; Native American tribal governments (Federally recognized); Public housing authorities/Indian housing authorities; Native American tribal organizations (other than Federally recognized tribal governments); Nonprofits having a 501(c)(3) status with the IRS, other than institutions of higher education; Nonprofits that do not have a 501(c)(3) status with the IRS, other than institutions of higher education; Private institutions of higher education; Individuals; For profit organizations other than small businesses; Small businesses","modification 0001: the purpose of this modification is to:

• update title for topic 3


the office of energy efficiency and renewable energy (eere) intends to issue, on behalf of the hydrogen and fuel cell technologies office (hfto), a notice of funding opportunity (nofo) entitled “advanced hydrogen and fuel cell technologies to drive national decarbonization.”

clean hydrogen and fuel cell technologies are important elements of a comprehensive energy portfolio, particularly for use in hard-to-decarbonize sectors of the economy (such as heavy-duty transportation and industrial applications) and to enable long duration energy storage for a clean electric grid. advancing clean hydrogen and fuel cell technologies directly supports the biden-harris administration’s goals of achieving carbon pollution-free electricity by 2035 and net-zero emissions economy-wide by no later than 2050, benefiting all americans.

this nofo supports the vision outlined in the u.s. national clean hydrogen strategy and roadmap: affordable clean hydrogen for a net-zero carbon future and a sustainable, resilient, and equitable economy. the nofo will target research, development, and demonstration (rd&d) topics critical to scaling hydrogen infrastructure and enabling increased adoption of clean hydrogen across sectors, particularly in heavy-duty (hd) vehicles and other heavy-duty transportation applications, which supports the u.s. national blueprint for transportation decarbonization. increased adoption of hydrogen technologies will help achieve economies of scale and drive down costs, directly supporting the department of energy’s (doe) regional clean hydrogen hubs (h2hubs) program, an $8 billion federal investment to create networks of hydrogen producers, consumers, and local connective infrastructure to accelerate the use of hydrogen as a clean energy carrier and a carbon-free input to a number of chemical and industrial processes. improvements in clean hydrogen technologies will also contribute to the long-term viability of the h2hubs and other commercial-scale deployments. activities funded under this nofo will also align with the h2@scale initiative, which aims to advance affordable hydrogen production, transport, storage, and utilization to enable decarbonization and revenue opportunities across multiple sectors. the nofo’s objectives support doe’s hydrogen shot goal, which targets affordable clean hydrogen production at $1/kg within a decade.

hydrogen and fuel cells can provide benefits and create opportunities for communities that have been historically underserved—such as improving air quality, providing resiliency, and creating jobs, including good-paying union jobs. consistent with doe’s commitment to benefit all americans, this anticipated nofo will encourage the participation of underserved communities and underrepresented groups. applicants will be encouraged to form meaningful and substantial partnerships with minority serving institutions (e.g., historically black colleges and universities, tribal colleges and universities, and other minority institutions).

to support the goal of building a clean and equitable energy economy, projects funded under this nofo will be expected to (1) advance diversity, equity, inclusion, and accessibility (deia); (2) contribute to the justice40 initiative7 and other considerations linked with energy and/or environmental justice; and (3) invest in america’s workforce. to ensure these objectives are met, applications must include an rdd&d community benefits plan (cbp) that addresses the three objectives stated above.

this is a notice of intent (noi) only. this notice is issued so that interested parties are aware of the eere’s intention to issue this nofo in the near term. all of the information contained in this notice is subject to change. eere may issue a nofo as described herein, may issue a nofo that is significantly different from the nofo described herein, or eere may not issue a nofo at all.

eere will not respond to questions concerning this notice. once the nofo has been released, eere will provide an avenue for potential applicants to submit questions.

prospective applicants to the nofo should begin developing partnerships, formulating ideas, and gathering data in anticipation of the issuance of this nofo. eere plans to issue the nofo on or about october 2024 via the eere exchange website https://eere-exchange.energy.gov/.",False,True
"=HYPERLINK(""https://www.grants.gov/search-results-detail/355960"",""AAHC-FY25"")",Museum Grants for African American History and Culture (2025),IMLS,Institute of Museum and Library Services,Arts; Humanities,,Grant,45.309 - Museum Grants for African American History and Culture,6000000.0,35.0,500000,5000,Yes,https://imls.gov/grants/available/museum-grants-african-american-history-and-culture,"Jessica Ottley
Senior Program Officer
jottley@imls.gov
imls-museumgrants@imls.gov",,imls-museumgrants@imls.gov,,,2024-08-15,11/15/2024,Nov-09-2024 10:15:31 AM EST,Synopsis 2,Closed,Yes,No,"The Museum Grants for African American History and Culture (AAHC) program is designed to build the capacity of African American museums and support the growth and development of museum professionals at African American museums.

The AAHC program supports projects that nurture museum professionals, build institutional capacity, and increase access to museum and archival collections at African American museums and Historically Black Colleges and Universities (HBCUs).","Others (see text field entitled ""Additional Information on Eligibility"" for clarification)","the museum grants for african american history and culture (aahc) program is designed to build the capacity of african american museums and support the growth and development of museum professionals at african american museums.

the aahc program supports projects that nurture museum professionals, build institutional capacity, and increase access to museum and archival collections at african american museums and historically black colleges and universities (hbcus).",False,True
"=HYPERLINK(""https://www.grants.gov/search-results-detail/356013"",""FR-6800-N-98"")",FY24 Pathways to Removing Obstacles to Housing (PRO Housing),HUD,Department of Housing and Urban Development,Community Development; Housing,,Grant,14.023 - Community Development Block Grant- PRO Housing Competition,100064100.0,30.0,7000000,1000000,No,https://,"Kimberly Nash
CDBG-PROHousing@hud.gov",,CDBG-PROHousing@hud.gov,,,2024-08-13,10/22/2024,Oct-11-2024 06:19:07 PM EST,Synopsis 2,Closed,Yes,No,"Communities nationwide are suffering from a lack of affordable housing, and housing production is not meeting the increasing demand for accessible and available units in many urban and rural areas, particularly areas of high opportunity. Pathways to Removing Obstacles to Housing (PRO Housing) empowers communities that are actively taking steps to remove barriers to affordable housing and seeking to increase housing production and lower housing costs over the long term. Barriers to affordable housing may take the form of restrictive zoning designations, land use policies, or regulations; discretionary, costly or prolonged procedures; deteriorating or inadequate infrastructure; lack of neighborhood amenities; neighborhood opposition to new or affordable housing; or challenges to preserving existing housing stock such as increasing threats from natural hazards, redevelopment that reduces the number of affordable units, displacement pressures, or expiration of affordability requirements.Across the United States, regulatory and other barriers have made it difficult to produce, preserve, and access affordable housing. Constrained supply drives up housing costs and reduces affordability. According to American Community Survey estimates in 2021, 39.3 million households (20.9 million renters and 18.4 million homeowners) have been classified as “cost-burdened,” spending more than 30 percent of their income on housing. Cost burden is even greater for underserved populations. Black families face affordability challenges as homeowners and renters more than any other racial or ethnic group, spending between 30 to 50 percent of their income on housing. In Puerto Rico, cost-burdened households face severe affordability challenges, spending between 50 to 90 percent of their income on housing. Limited access to housing has long-term effects on access to opportunity and ability to build generational wealth, especially for underserved communities of color and low-income people. Affordability challenges and the lack of affordable housing supply further increase eviction pressures and likelihood of homelessness for low-income people.In 2024, HUD awarded the inaugural PRO Housing competitive grants to 21 winners to advance housing opportunities in communities across 19 states and the District of Columbia. The first-round competition was greatly oversubscribed. For every dollar made available for fiscal year 2023, thirteen dollars were requested. HUD received over 150 applications from nearly every state and territory. The considerable interest in this first-of-its-kind funding is an indication of the need for resources to address barriers to housing production and preservation across the county. The applicants and winners represent rural, suburban, and urban communities ranging from under 5,000 residents to millions. While communities have seen historic levels of federal investments in housing and infrastructure, there is still a need to address the barriers that inhibit or slow housing production.  Barriers such as high cost of land, lack of available units, inadequate infrastructure, gaps in financing, restrictive zoning, risks of displacement, expiring affordability, and increased threats from extreme weather and an aging housing stock were common themes throughout the initial applications. PRO Housing funding enables awardees to address those barriers through planning, infrastructure, development, and preservation actions to further local housing goals.HUD is issuing this second PRO Housing NOFO under the authority of the Consolidated Appropriations Act, 2024 (Public Law 118-42, approved March 9, 2024) (Appropriations Act), which appropriates $100 million for competitive grant funding for the identification and removal of barriers to affordable housing production and preservation. Congress has directed HUD to undertake a competition using the Community Development Block Grant (CDBG) statutory and regulatory framework. Under this NOFO, HUD will provide PRO Housing grants to identify and remove barriers to affordable housing production and preservation. Grantees may use awards to further develop, evaluate, and implement housing policy plans, improve housing strategies, and facilitate affordable housing production and preservation. Eligible applicants are State and local governments, metropolitan planning organizations (MPOs), and multijurisdictional entities.HUD has six goals for this competition:Fairly and effectively award the PRO Housing grant funding;Elevate and enable promising practices dedicated to identifying and removing barriers to affordable housing production and preservation, while preventing displacement;Institutionalize state and local analysis and implementation of effective, equitable, and resilient approaches to affordable housing production and preservation;Provide technical assistance to help communities better fulfill the Consolidated Plan’s requirement of identifying barriers to affordable housing and implementing solutions to address these barriers;Affirmatively further fair housing by addressing and removing barriers that perpetuate segregation, inhibit access to well-resourced areas of opportunity for protected class groups and vulnerable populations, and concentrate affordable housing in under-resourced areas; andFacilitate collaboration and harness innovative approaches from jurisdictions, researchers, advocates, and stakeholders.HUD will prioritize applicants that demonstrate: (1) progress and a commitment to overcoming local barriers to facilitate the increase in affordable housing production and preservation, primarily by having enacted improved laws and regulations that HUD reasonably expects to preserve or produce new housing units; and (2) an acute need for housing affordable to households with incomes below 100 percent of the area median income.  If applicable, proposals should also explain how the funds will be used to identify and remove barriers to affordable housing in a manner that affirmatively furthers fair housing by expanding access to housing opportunities in well-resourced areas for protected class groups. HUD will also prioritize applicants that demonstrate a commitment and ability to identify and remove barriers to: (1) expanding affordable housing in a manner that promotes desegregation; (2) expanding affordable housing in well-resourced areas of opportunity for protected class groups that have systematically been denied equitable access to such areas; or (3) deconcentrating affordable housing and increasing housing choice. HUD encourages applications that incorporate a discussion of key barriers related to land-use regulations, permitting, or related procedural issues. HUD further encourages applicants to outline and discuss how their proposed activities will advance equity, locate affordable accessible housing near transit and bolster access to services and opportunities, increase community resilience and mitigate the effects of natural and environmental hazards, and develop and preserve affordable housing in accordance with input from community members and other stakeholders.As with all CDBG assistance, the priority is to serve low- and moderate-income people.PRO Housing grantees must administer the PRO Housing grant in a manner that affirmatively furthers fair housing, which means taking meaningful actions, in addition to combating discrimination, to overcome patterns of segregation and foster inclusive communities free from barriers that restrict access to opportunity based on protected characteristics. Specifically, affirmatively furthering fair housing means taking meaningful actions that, taken together, address significant disparities in housing needs and in access to opportunities, replacing segregated living patterns with truly integrated and balanced living patterns, transforming racially and ethnically concentrated areas of poverty into areas of opportunity, and fostering and maintaining compliance with civil rights and fair housing laws.","State governments; County governments; City or township governments; Others (see text field entitled ""Additional Information on Eligibility"" for clarification)","communities nationwide are suffering from a lack of affordable housing, and housing production is not meeting the increasing demand for accessible and available units in many urban and rural areas, particularly areas of high opportunity. pathways to removing obstacles to housing (pro housing) empowers communities that are actively taking steps to remove barriers to affordable housing and seeking to increase housing production and lower housing costs over the long term. barriers to affordable housing may take the form of restrictive zoning designations, land use policies, or regulations; discretionary, costly or prolonged procedures; deteriorating or inadequate infrastructure; lack of neighborhood amenities; neighborhood opposition to new or affordable housing; or challenges to preserving existing housing stock such as increasing threats from natural hazards, redevelopment that reduces the number of affordable units, displacement pressures, or expiration of affordability requirements.across the united states, regulatory and other barriers have made it difficult to produce, preserve, and access affordable housing. constrained supply drives up housing costs and reduces affordability. according to american community survey estimates in 2021, 39.3 million households (20.9 million renters and 18.4 million homeowners) have been classified as “cost-burdened,” spending more than 30 percent of their income on housing. cost burden is even greater for underserved populations. black families face affordability challenges as homeowners and renters more than any other racial or ethnic group, spending between 30 to 50 percent of their income on housing. in puerto rico, cost-burdened households face severe affordability challenges, spending between 50 to 90 percent of their income on housing. limited access to housing has long-term effects on access to opportunity and ability to build generational wealth, especially for underserved communities of color and low-income people. affordability challenges and the lack of affordable housing supply further increase eviction pressures and likelihood of homelessness for low-income people.in 2024, hud awarded the inaugural pro housing competitive grants to 21 winners to advance housing opportunities in communities across 19 states and the district of columbia. the first-round competition was greatly oversubscribed. for every dollar made available for fiscal year 2023, thirteen dollars were requested. hud received over 150 applications from nearly every state and territory. the considerable interest in this first-of-its-kind funding is an indication of the need for resources to address barriers to housing production and preservation across the county. the applicants and winners represent rural, suburban, and urban communities ranging from under 5,000 residents to millions. while communities have seen historic levels of federal investments in housing and infrastructure, there is still a need to address the barriers that inhibit or slow housing production.  barriers such as high cost of land, lack of available units, inadequate infrastructure, gaps in financing, restrictive zoning, risks of displacement, expiring affordability, and increased threats from extreme weather and an aging housing stock were common themes throughout the initial applications. pro housing funding enables awardees to address those barriers through planning, infrastructure, development, and preservation actions to further local housing goals.hud is issuing this second pro housing nofo under the authority of the consolidated appropriations act, 2024 (public law 118-42, approved march 9, 2024) (appropriations act), which appropriates $100 million for competitive grant funding for the identification and removal of barriers to affordable housing production and preservation. congress has directed hud to undertake a competition using the community development block grant (cdbg) statutory and regulatory framework. under this nofo, hud will provide pro housing grants to identify and remove barriers to affordable housing production and preservation. grantees may use awards to further develop, evaluate, and implement housing policy plans, improve housing strategies, and facilitate affordable housing production and preservation. eligible applicants are state and local governments, metropolitan planning organizations (mpos), and multijurisdictional entities.hud has six goals for this competition:fairly and effectively award the pro housing grant funding;elevate and enable promising practices dedicated to identifying and removing barriers to affordable housing production and preservation, while preventing displacement;institutionalize state and local analysis and implementation of effective, equitable, and resilient approaches to affordable housing production and preservation;provide technical assistance to help communities better fulfill the consolidated plan’s requirement of identifying barriers to affordable housing and implementing solutions to address these barriers;affirmatively further fair housing by addressing and removing barriers that perpetuate segregation, inhibit access to well-resourced areas of opportunity for protected class groups and vulnerable populations, and concentrate affordable housing in under-resourced areas; andfacilitate collaboration and harness innovative approaches from jurisdictions, researchers, advocates, and stakeholders.hud will prioritize applicants that demonstrate: (1) progress and a commitment to overcoming local barriers to facilitate the increase in affordable housing production and preservation, primarily by having enacted improved laws and regulations that hud reasonably expects to preserve or produce new housing units; and (2) an acute need for housing affordable to households with incomes below 100 percent of the area median income.  if applicable, proposals should also explain how the funds will be used to identify and remove barriers to affordable housing in a manner that affirmatively furthers fair housing by expanding access to housing opportunities in well-resourced areas for protected class groups. hud will also prioritize applicants that demonstrate a commitment and ability to identify and remove barriers to: (1) expanding affordable housing in a manner that promotes desegregation; (2) expanding affordable housing in well-resourced areas of opportunity for protected class groups that have systematically been denied equitable access to such areas; or (3) deconcentrating affordable housing and increasing housing choice. hud encourages applications that incorporate a discussion of key barriers related to land-use regulations, permitting, or related procedural issues. hud further encourages applicants to outline and discuss how their proposed activities will advance equity, locate affordable accessible housing near transit and bolster access to services and opportunities, increase community resilience and mitigate the effects of natural and environmental hazards, and develop and preserve affordable housing in accordance with input from community members and other stakeholders.as with all cdbg assistance, the priority is to serve low- and moderate-income people.pro housing grantees must administer the pro housing grant in a manner that affirmatively furthers fair housing, which means taking meaningful actions, in addition to combating discrimination, to overcome patterns of segregation and foster inclusive communities free from barriers that restrict access to opportunity based on protected characteristics. specifically, affirmatively furthering fair housing means taking meaningful actions that, taken together, address significant disparities in housing needs and in access to opportunities, replacing segregated living patterns with truly integrated and balanced living patterns, transforming racially and ethnically concentrated areas of poverty into areas of opportunity, and fostering and maintaining compliance with civil rights and fair housing laws.",False,True
"=HYPERLINK(""https://www.grants.gov/search-results-detail/355975"",""N0017324STS01"")",NRL Postdoctoral Fellowship Program (PFP),DOD-ONR-NRL,Naval Research Laboratory,Science and Technology and other Research and Development,,Cooperative Agreement,12.300 - Basic and Applied Scientific Research,,,none,none,No,,"Todd Schwartz
Grantor: NRL
Phone: 202-923-1348 (email preferred)",,todd.m.schwartz.civ@us.navy.mil,,,2024-08-09,10/16/2024,Oct-08-2024 10:31:55 AM EST,Synopsis 3,Archived,Yes,Yes,"The Naval Research Laboratory (NRL) is issuing a Funding Opportunity Announcement (FOA), N0017324STS01, for the establishment of NRL's Postdoctoral Fellowship Program (PFP). The objective of NRL's PFP is to provide postdoctoral scientists and engineers of unusual promise and ability opportunities to engage in research on problems, largely of their own choice, that are compatible with the interests of the Government and will potentially contribute to the general effort of NRL. NRL's PFP will further science and technology through fundamental research, with this research having potentially both civilian and military applications.Subject to the availability of funds, this announcement will result in the award of Cooperative Agreements (CA) as defined at 31 U.S.C. 6305 for execution of NRL's PFP. The CA is subject to the Department of Defense Grant and Agreement Regulations (DoDGARs). The principal purpose of NRL's partnership with the recipient(s) is to carry out the public purpose for the support or stimulation of basic and applied research in areas of science with potential interest to NRL rather than the acquisition of supplies or services for the direct benefit of the Government. This partnership will result in bringing new talent, ideas and techniques to NRL and will also introduce emerging researchers to the roles and needs of the Warfighter. This partnership will also provide researchers access to NRL's world class research facilities, while supporting collaborative fundamental research of mutual interest to the Navy and the researcher. Substantial Government involvement is expected through the collaborative planning, management and execution of the research to be performed by the participants in the PFP and NRL.It is the intent of this FOA to solicit the most creative, innovative, and effective approaches to the execution of the NRL PFP.In response to the announcement, awardees should be prepared to: (1) Formulate an advertising plan to attract qualified applicants based on the NRL mission and capabilities. This plan should consider issues such as potential sources of applicants, e.g., major domestic colleges, universities, Historically Black Colleges and Universities (HBCUs), Minority Serving Institutions (MSIs); various types of methods to disseminate information (e.g., professional trade journals, and professional society meetings and seminars; different ways to advertise (e.g., electronic and print media) and implementation methods;(2) Prepare marketing materials, in collaboration with the Government, to outline the NRL PFP;(3) Establish an ongoing application process to solicit the interest of qualified individuals (i.e. postdoctoral scientists and engineers) with interests in Research proposals largely of their own choice, that are compatible with the interests in Research that is consistent with the NRL Mission;(4) Establish a competitive review process for the review of applications and the selection of the various types of applicants;(5) Identify the process by which the applications will be reviewed, vetted, approved and recommended to NRL; and(6) Identify a management structure and plan to address the management required for successful execution of the PFP, to include items such as progress reports and evaluations for each Fellow, support provided to fellows/researchers, recordkeeping requirements, payment and financial reports.The announcement provides the estimated number of Postdoctoral Fellows, estimated Stipend levels and performance locations, based on historical data. The Postdoctoral Fellows are expected to perform research primarily at the NRL facilities in Washington, DC, Stennis, MS, and Monterey, CA. Thus, opportunities for participation as a Fellow are only open to citizens and Permanent Residents of the United States. There is no limitation on the place of performance for all other activities performed by the Recipient to execute the PFP. The CA award(s), if any, made as a result of this announcement will provide for a period of performance of five (5) years (four (4) years for new fellowship awards, and a final year for a close out with no new fellowship awards).The FOA will be posted on www.grants.gov. Proposals shall be submitted electronically through the www.grants.gov portal. Proposals sent by fax or email will NOT be considered.","Unrestricted (i.e., open to any type of entity above), subject to any clarification in text field entitled ""Additional Information on Eligibility""","the naval research laboratory (nrl) is issuing a funding opportunity announcement (foa), n0017324sts01, for the establishment of nrl's postdoctoral fellowship program (pfp). the objective of nrl's pfp is to provide postdoctoral scientists and engineers of unusual promise and ability opportunities to engage in research on problems, largely of their own choice, that are compatible with the interests of the government and will potentially contribute to the general effort of nrl. nrl's pfp will further science and technology through fundamental research, with this research having potentially both civilian and military applications.subject to the availability of funds, this announcement will result in the award of cooperative agreements (ca) as defined at 31 u.s.c. 6305 for execution of nrl's pfp. the ca is subject to the department of defense grant and agreement regulations (dodgars). the principal purpose of nrl's partnership with the recipient(s) is to carry out the public purpose for the support or stimulation of basic and applied research in areas of science with potential interest to nrl rather than the acquisition of supplies or services for the direct benefit of the government. this partnership will result in bringing new talent, ideas and techniques to nrl and will also introduce emerging researchers to the roles and needs of the warfighter. this partnership will also provide researchers access to nrl's world class research facilities, while supporting collaborative fundamental research of mutual interest to the navy and the researcher. substantial government involvement is expected through the collaborative planning, management and execution of the research to be performed by the participants in the pfp and nrl.it is the intent of this foa to solicit the most creative, innovative, and effective approaches to the execution of the nrl pfp.in response to the announcement, awardees should be prepared to: (1) formulate an advertising plan to attract qualified applicants based on the nrl mission and capabilities. this plan should consider issues such as potential sources of applicants, e.g., major domestic colleges, universities, historically black colleges and universities (hbcus), minority serving institutions (msis); various types of methods to disseminate information (e.g., professional trade journals, and professional society meetings and seminars; different ways to advertise (e.g., electronic and print media) and implementation methods;(2) prepare marketing materials, in collaboration with the government, to outline the nrl pfp;(3) establish an ongoing application process to solicit the interest of qualified individuals (i.e. postdoctoral scientists and engineers) with interests in research proposals largely of their own choice, that are compatible with the interests in research that is consistent with the nrl mission;(4) establish a competitive review process for the review of applications and the selection of the various types of applicants;(5) identify the process by which the applications will be reviewed, vetted, approved and recommended to nrl; and(6) identify a management structure and plan to address the management required for successful execution of the pfp, to include items such as progress reports and evaluations for each fellow, support provided to fellows/researchers, recordkeeping requirements, payment and financial reports.the announcement provides the estimated number of postdoctoral fellows, estimated stipend levels and performance locations, based on historical data. the postdoctoral fellows are expected to perform research primarily at the nrl facilities in washington, dc, stennis, ms, and monterey, ca. thus, opportunities for participation as a fellow are only open to citizens and permanent residents of the united states. there is no limitation on the place of performance for all other activities performed by the recipient to execute the pfp. the ca award(s), if any, made as a result of this announcement will provide for a period of performance of five (5) years (four (4) years for new fellowship awards, and a final year for a close out with no new fellowship awards).the foa will be posted on www.grants.gov. proposals shall be submitted electronically through the www.grants.gov portal. proposals sent by fax or email will not be considered.",False,True
"=HYPERLINK(""https://www.grants.gov/search-results-detail/355421"",""CDC-RFA-PS-24-00470101SUPP24"")",High-Impact HIV Prevention and Surveillance Programs for Health Departments: Accelerating Pre-Exposure Prophylaxis (PrEP) Uptake for Ending the HIV Epidemic in the United States,HHS-CDC-NCHHSTP,Centers for Disease Control - NCHHSTP,Health,,Cooperative Agreement,93.940 - HIV Prevention Activities Health Department Based,1750000.0,4.0,0,0,No,,"Erica K. Dunbar
NOFOINFO@cdc.gov",,NOFOINFO@cdc.gov,,,2024-08-01,08/31/2024,Aug-01-2024 11:42:40 AM EST,Synopsis 1,Archived,Yes,Yes,"CDC announces the availability of approximately $7 million in competitive supplemental funding for the 32 health department jurisdictions currently receiving Ending the HIV Epidemic in the US (EHE) initiative funding resources under notice of funding opportunity (NOFO) PS24-0047: High-Impact HIV Prevention and Surveillance Programs for Health Departments. Fully aligned with PS24-0047, the supplemental NOFO prioritizes acceleration of progress toward achieving the national HIV prevention goal of 50% pre-exposure prophylaxis (PrEP) coverage by the end of 2025. Jurisdictions with greater need for PrEP and lower uptake among priority populations disproportionately affected by HIV and low PrEP prescriptions (i.e., Black and Latino gay, bisexual, and other men who have sex with men (MSM), and Black cisgender and transgender women) need these additional resources and flexibility to accelerate PrEP uptake through patient navigation/case management services and improve access to and utilization of existing PrEP services not covered by other financial resources. Recipients will implement enhanced and expanded programmatic activities to increase access to and uptake of PrEP for priority populations and to help further eliminate structural and social barriers that prevent equitable access to PrEP within EHE jurisdictions. Additionally, these enhanced and expanded PrEP programs will incorporate elements to increase HIV non-occupational post-exposure prophylaxis (PEP) and doxycycline post-exposure prophylaxis (doxy PEP) awareness and access, including activities with clinicians, non-clinical community-based organizations (CBOs), and persons at risk for HIV acquisition.The supplemental NOFO's period of performance is September 30, 2024 - May 31, 2025 (8 months). Recipients may request to continue implementation of supplemental programmatic activities during PS24-0047 Budget Year 2 (June 1, 2025 - May 31, 2026).  Recipients will implement concurrently all required programmatic activities as described in both PS24-0047 and the forthcoming supplemental NOFO.",State governments; County governments; City or township governments; Special district governments,"cdc announces the availability of approximately $7 million in competitive supplemental funding for the 32 health department jurisdictions currently receiving ending the hiv epidemic in the us (ehe) initiative funding resources under notice of funding opportunity (nofo) ps24-0047: high-impact hiv prevention and surveillance programs for health departments. fully aligned with ps24-0047, the supplemental nofo prioritizes acceleration of progress toward achieving the national hiv prevention goal of 50% pre-exposure prophylaxis (prep) coverage by the end of 2025. jurisdictions with greater need for prep and lower uptake among priority populations disproportionately affected by hiv and low prep prescriptions (i.e., black and latino gay, bisexual, and other men who have sex with men (msm), and black cisgender and transgender women) need these additional resources and flexibility to accelerate prep uptake through patient navigation/case management services and improve access to and utilization of existing prep services not covered by other financial resources. recipients will implement enhanced and expanded programmatic activities to increase access to and uptake of prep for priority populations and to help further eliminate structural and social barriers that prevent equitable access to prep within ehe jurisdictions. additionally, these enhanced and expanded prep programs will incorporate elements to increase hiv non-occupational post-exposure prophylaxis (pep) and doxycycline post-exposure prophylaxis (doxy pep) awareness and access, including activities with clinicians, non-clinical community-based organizations (cbos), and persons at risk for hiv acquisition.the supplemental nofo's period of performance is september 30, 2024 - may 31, 2025 (8 months). recipients may request to continue implementation of supplemental programmatic activities during ps24-0047 budget year 2 (june 1, 2025 - may 31, 2026).  recipients will implement concurrently all required programmatic activities as described in both ps24-0047 and the forthcoming supplemental nofo.",True,True
"=HYPERLINK(""https://www.grants.gov/search-results-detail/353975"",""RFA-TS-25-036"")",Identify and Evaluate Potential Risk Factors for Amyotrophic Lateral Sclerosis (ALS),HHS-CDC-HHSCDCERA,Centers for Disease Control and Prevention - ERA,Health,,Cooperative Agreement,93.061 - Innovations in Applied Public Health Research,7500000.0,8.0,500000,0,No,,"Candis M. Hunter, PhD, MSPH, REHS
ncipc_erpo@cdc.gov",,ncipc_erpo@cdc.gov,,,2024-08-01,11/04/2024,Oct-09-2024 06:42:10 PM EST,Synopsis 4,Archived,Yes,Yes,"The Centers for Disease Control/Agency for Toxic Substances and Disease Registry (CDC/ATSDR) is seeking investigator-initiated research that will identify and evaluate potential risk factors contributing to Amyotrophic Lateral Sclerosis (ALS), with preferred focus on research proposals that will examine factors related to military service, contact sports, traumatic brain injury, neuroinflammation, and infectious agents. Research proposals on preferred topics can be funded under one of three funding options, Funding Option A, Funding Option B, or Funding Option C.  Funding Option A is intended to support ALS risk factor research investigations that have an existing, well substantiated evidence base and would benefit from strengthened rigorous evaluation. Funding Option B is intended to support novel ALS risk factor research investigations that may or may not have an existing evidence base,  may be supported by limited and insufficient preliminary research, and are exploratory and developmental in nature. Funding Option C is intended to support research and better understanding of ALS risk including prevalence and incidence in communities such as racial and ethnic minority populations (e.g., Black or African American persons, Hispanic or Latino persons, Asian persons) and military veterans.","State governments; County governments; City or township governments; Special district governments; Independent school districts; Public and State controlled institutions of higher education; Native American tribal governments (Federally recognized); Public housing authorities/Indian housing authorities; Native American tribal organizations (other than Federally recognized tribal governments); Nonprofits having a 501(c)(3) status with the IRS, other than institutions of higher education; Nonprofits that do not have a 501(c)(3) status with the IRS, other than institutions of higher education; Private institutions of higher education; Others (see text field entitled ""Additional Information on Eligibility"" for clarification); Unrestricted (i.e., open to any type of entity above), subject to any clarification in text field entitled ""Additional Information on Eligibility""","the centers for disease control/agency for toxic substances and disease registry (cdc/atsdr) is seeking investigator-initiated research that will identify and evaluate potential risk factors contributing to amyotrophic lateral sclerosis (als), with preferred focus on research proposals that will examine factors related to military service, contact sports, traumatic brain injury, neuroinflammation, and infectious agents. research proposals on preferred topics can be funded under one of three funding options, funding option a, funding option b, or funding option c.  funding option a is intended to support als risk factor research investigations that have an existing, well substantiated evidence base and would benefit from strengthened rigorous evaluation. funding option b is intended to support novel als risk factor research investigations that may or may not have an existing evidence base,  may be supported by limited and insufficient preliminary research, and are exploratory and developmental in nature. funding option c is intended to support research and better understanding of als risk including prevalence and incidence in communities such as racial and ethnic minority populations (e.g., black or african american persons, hispanic or latino persons, asian persons) and military veterans.",False,True
"=HYPERLINK(""https://www.grants.gov/search-results-detail/355704"",""SP-24-004"")",Syndemic Approach to Preventing HIV and Substance Use Among Racial and Ethnic Minority Communities,HHS-SAMHS-SAMHSA,Substance Abuse and Mental Health Services Adminis,Health,,Cooperative Agreement,93.899 - Minority HIV/AIDS Fund (MHAF),1600000.0,4.0,400000,0,No,https://www.samhsa.gov/grants/grant-announcements/sp-24-004,"Office of Financial Resources, Division of Grants Management
Substance Abuse and Mental Health Services Administration 
(240) 276-1940",,FOACSAP@samhsa.hhs.gov,,,2024-07-29,08/28/2024,Jul-29-2024 11:11:23 AM EST,Synopsis 2,Archived,Yes,Yes,"The purpose of the SAP program is to advance equity in health outcomes for racial and ethnic minority communities, especially all Black female identities, including cisgender, transgender, nonbinary, and genderqueer/fluid individuals in the South who are experiencing disparities related to HIV/AIDS, viral hepatitis (VH), sexually transmitted infections (STIs), substance use and substance use disorders (SUDs), and/or mental health conditions.","Others (see text field entitled ""Additional Information on Eligibility"" for clarification)","the purpose of the sap program is to advance equity in health outcomes for racial and ethnic minority communities, especially all black female identities, including cisgender, transgender, nonbinary, and genderqueer/fluid individuals in the south who are experiencing disparities related to hiv/aids, viral hepatitis (vh), sexually transmitted infections (stis), substance use and substance use disorders (suds), and/or mental health conditions.",False,True
"=HYPERLINK(""https://www.grants.gov/search-results-detail/355666"",""N62473-24-2-0011"")","HERPETOLOGICAL, BAT, MAMMALIAN, BOTANICAL AND INVERTEBRATE SURVEYS ON NAVAL WEAPONS STATION SEAL BEACH DETACHMENT FALLBROOK, CALIFORNIA",DOD-ONR-FAC-N62473,Naval Facilities Engineering Command Southwest,Environment,,Cooperative Agreement,12.300 - Basic and Applied Scientific Research,,1.0,1996364,0,No,,"Kevin Magennis
Grants Officer
Phone 6197055566",,kevin.e.magennis.civ@us.navy.mil,,,2024-07-26,08/26/2024,Jul-26-2024 12:55:39 AM EST,Synopsis 1,Archived,Yes,Yes,"Funding Opportunity Description
Naval Weapons Station (NAVWPNSTA) Seal Beach Detachment Fallbrook (Detachment Fallbrook, installation) is located in north San Diego County, adjacent to Camp Pendleton and the town of Fallbrook. Detachment Fallbrook resides within the California Floristic Province, which is a Mediterranean type climate and is recognized as a biodiversity hotspot of global significance ecosystem known for high biodiversity and endemism. On the installation, there is a diversity of flora and fauna. 
The low-intensity land use requirement of the military mission has kept over 90% of Detachment Fallbrook lands as undeveloped and largely natural open space that supports a range of plant communities and provides habitat for many sensitive species, including federally listed threatened and endangered species. The intent of this project is to study five taxonomic groups: amphibians (including the federally endangered Arroyo Toad [ARTO, Anaxyrus californicus] and federally proposed Spadefoot Toad [Spea hammondii]; reptiles (including federally proposed Southwestern Pond Turtle [Actinemys pallida]); mammals (with a focus on bats [Chiroptera] and other mammals of potential management interest); plants (with a focus on rare, endangered, and species of potential management concern); and invertebrates (including the federally proposed Monarch Butterfly [Danaus plexippus]).
           One species, ARTO, is both a California species of special concern and a federally listed endangered species. The ARTO is surveyed regularly per a 2003 United States Fish and Wildlife Service (UFWS) Biological Opinion (BO) to support the implementation of fire management on the installation (FWS-SDG-04B0004-04F0005). Of particular interest with the ARTO is tracking the riverine portion of the population over time as well as characterizing its uplands occupancy. The installation also supports a diverse herpetofaunal population (reptiles and other amphibians). Numerous herpetofaunal species on the installation are considered California species of special concern and a couple, the Spadefoot Toad and Southwestern Pond Turtle, have been proposed for federal listing. This taxonomic group is routinely surveyed to assess diversity and trends in species within the installation, as well as monitor for exotic or rare species that may not have been detected yet. 
One group of mammals, the bats, has received a lot of conservation attention in North America in recent years. This is due in part to their ecological and economic value in the face of alarming population declines following the spread of a fungal disease known to be associated with white-nose syndrome. Bats occur throughout the installation, to include roosting in bat boxes and within manmade structures such as magazines; there are current mission/bat conflicts that require evaluation and management support. There are other mammalian species of potential management concern at Detachment Fallbrook that have been less well studied, including San Diego Black-tailed Jackrabbit, American Badger, and Woodrats. 
Plant diversity on the installation is high with over 600 plant species documented on Detachment Fallbrook. The majority of plant species are classified as native; however, approximately 30% are non-native. Detachment Fallbrook’s 2016 Integrated Natural Resources Management Plan (INRMP) identifies which species have voucher specimens on file and which species are on the Detachment Fallbrook Watch List because more information (e.g., confirmation of presence) is needed. In response, botanical diversity at Detachment Fallbrook is surveyed periodically for differing management purposes, including early detection of invasive species, vigilance for rare or listed species, assessing parameters for habitat restoration and recovery, etc. 
Finally, in addition to being ecologically significant (e.g., as important food source, pollinators, decomposers, etc.), some invertebrate species in our region are of particular management interest because they are invasive pests (e.g., Gold-Spotted Oak Borer, Shothole Borer) or species at risk and/or proposed for listing (e.g., Monarch Butterfly). The Monarch Butterfly is known to occur on Detachment Fallbrook and is of current management interest because it is slated to be listed in 2024, but the Navy does not have good data on its potential habitat and distribution. 
 
Brief Description of the Anticipated Work:
The Navy is seeking statements of interest that address two objectives: 1) to conduct mandatory surveys for ARTO, along with surveys for other amphibians and reptiles (with an emphasis on species proposed for federal listing), bats, plants and invertebrates (with an emphasis on Monarch Butterfly), and as required by the aforementioned BO’s and DoD instructions. 2) to continue surveys for these taxonomic groups per requirements in accordance with the installation’s INRMP as enforced through 16 USC §670c-1 (Natural Resources Management - Sikes Act), Department of Defense (DoD) Instruction 4715.03 and Operation Naval Instruction 5090-1. 
 
Please see enclosure 1 for full scope of work and enclosure 2 for applicable terms and conditions.","Others (see text field entitled ""Additional Information on Eligibility"" for clarification)","funding opportunity description
naval weapons station (navwpnsta) seal beach detachment fallbrook (detachment fallbrook, installation) is located in north san diego county, adjacent to camp pendleton and the town of fallbrook. detachment fallbrook resides within the california floristic province, which is a mediterranean type climate and is recognized as a biodiversity hotspot of global significance ecosystem known for high biodiversity and endemism. on the installation, there is a diversity of flora and fauna. 
the low-intensity land use requirement of the military mission has kept over 90% of detachment fallbrook lands as undeveloped and largely natural open space that supports a range of plant communities and provides habitat for many sensitive species, including federally listed threatened and endangered species. the intent of this project is to study five taxonomic groups: amphibians (including the federally endangered arroyo toad [arto, anaxyrus californicus] and federally proposed spadefoot toad [spea hammondii]; reptiles (including federally proposed southwestern pond turtle [actinemys pallida]); mammals (with a focus on bats [chiroptera] and other mammals of potential management interest); plants (with a focus on rare, endangered, and species of potential management concern); and invertebrates (including the federally proposed monarch butterfly [danaus plexippus]).
           one species, arto, is both a california species of special concern and a federally listed endangered species. the arto is surveyed regularly per a 2003 united states fish and wildlife service (ufws) biological opinion (bo) to support the implementation of fire management on the installation (fws-sdg-04b0004-04f0005). of particular interest with the arto is tracking the riverine portion of the population over time as well as characterizing its uplands occupancy. the installation also supports a diverse herpetofaunal population (reptiles and other amphibians). numerous herpetofaunal species on the installation are considered california species of special concern and a couple, the spadefoot toad and southwestern pond turtle, have been proposed for federal listing. this taxonomic group is routinely surveyed to assess diversity and trends in species within the installation, as well as monitor for exotic or rare species that may not have been detected yet. 
one group of mammals, the bats, has received a lot of conservation attention in north america in recent years. this is due in part to their ecological and economic value in the face of alarming population declines following the spread of a fungal disease known to be associated with white-nose syndrome. bats occur throughout the installation, to include roosting in bat boxes and within manmade structures such as magazines; there are current mission/bat conflicts that require evaluation and management support. there are other mammalian species of potential management concern at detachment fallbrook that have been less well studied, including san diego black-tailed jackrabbit, american badger, and woodrats. 
plant diversity on the installation is high with over 600 plant species documented on detachment fallbrook. the majority of plant species are classified as native; however, approximately 30% are non-native. detachment fallbrook’s 2016 integrated natural resources management plan (inrmp) identifies which species have voucher specimens on file and which species are on the detachment fallbrook watch list because more information (e.g., confirmation of presence) is needed. in response, botanical diversity at detachment fallbrook is surveyed periodically for differing management purposes, including early detection of invasive species, vigilance for rare or listed species, assessing parameters for habitat restoration and recovery, etc. 
finally, in addition to being ecologically significant (e.g., as important food source, pollinators, decomposers, etc.), some invertebrate species in our region are of particular management interest because they are invasive pests (e.g., gold-spotted oak borer, shothole borer) or species at risk and/or proposed for listing (e.g., monarch butterfly). the monarch butterfly is known to occur on detachment fallbrook and is of current management interest because it is slated to be listed in 2024, but the navy does not have good data on its potential habitat and distribution. 
 
brief description of the anticipated work:
the navy is seeking statements of interest that address two objectives: 1) to conduct mandatory surveys for arto, along with surveys for other amphibians and reptiles (with an emphasis on species proposed for federal listing), bats, plants and invertebrates (with an emphasis on monarch butterfly), and as required by the aforementioned bo’s and dod instructions. 2) to continue surveys for these taxonomic groups per requirements in accordance with the installation’s inrmp as enforced through 16 usc §670c-1 (natural resources management - sikes act), department of defense (dod) instruction 4715.03 and operation naval instruction 5090-1. 
 
please see enclosure 1 for full scope of work and enclosure 2 for applicable terms and conditions.",False,True
"=HYPERLINK(""https://www.grants.gov/search-results-detail/355643"",""DE-FOA-0003416"")",Residential Wood Heater In-Situ Testing Request for Information (RFI),DOE-GFO,Golden Field Office,Energy,,Other,81.087 - Renewable Energy Research and Development,0.0,0.0,1,0,No,,"woodheat@ee.doe.gov  
woodheat@ee.doe.gov",,woodheat@ee.doe.gov,,,2024-07-25,09/30/2024,Aug-29-2024 01:29:42 PM EST,Synopsis 2,Archived,No,Yes,"Description

Wood is an important renewable source of fuel for residential heat, with 10% of American households (approximately 13 million) burning wood for heat and 2% using wood as their primary heat source. Although wood heaters provide a small percentage of energy used in residences in the United States, the devices are a substantial source of particulate matter emissions. These emissions contain fine particulate matter (PM) along with other pollutants, including carbon monoxide (CO), volatile organic compounds (VOCs), toxic air pollutants (e.g., benzene and formaldehyde), and black carbon. Improvements in the design and automation of wood heaters have the potential to significantly reduce emissions and increase efficiency. In addition to wood heater design, proper installation and operation also determine the level of emissions and efficiency of residential wood heaters.

As innovation has driven the improved performance of residential wood stoves, they have become more efficient and cleaner burning, as proven by laboratory certification tests. Measuring stoves’ performance as they burn in residences with real user behavior (in-situ) will give more insight into the stoves’ efficiency as well as the indoor and outdoor air quality. Collecting in-situ data will provide both industry and government with information to guide further innovation of cleaner and more efficient wood stoves and the best use of renewable wood feedstocks.

Background

Since fiscal year 2019 the U. S. Department of Energy (DOE) Bioenergy Technologies Office (BETO), an element of DOE’s Office of Energy Efficiency and Renewable Energy (EERE), has been the steward of funds to support the development of cleaner burning, higher efficiency residential wood heaters. These funds have supported topics in Funding Opportunity Announcements (FOA), Wood Heater Design Challenge (WHDC) competition, a FY23 Cooperative Research and Development Agreement (CRADA) call, and a series of workshops held in 2022. A recommendation from the March 2022 workshop series was to focus on the in-situ testing of wood heaters to better understand their actual performance as influenced by many factors, including but not limited to operator control, chimney design, climate, and wood quality. This RFI seeks further input from stakeholders to define the goals and objectives for a planned effort to collect in-situ wood heater performance data.

Purpose

The purpose of this RFI is to solicit feedback from industry, academia, research laboratories, government agencies, and other stakeholders on issues and considerations related to testing residential wood stoves in-situ to enable the development of cleaner, more efficient wood heaters. The planned in-situ field data collection effort will monitor wood heater performance in operation by the homeowner rather than an imposed duty cycle in a laboratory environment. EERE is specifically interested in input in identifying the most important parameters to measure, considerations of in-situ test design, data collection methods, operator behavior, and other input surrounding in-situ testing. 

This is solely a request for information and not a FOA. EERE is not accepting applications.

Responses to this RFI must be submitted electronically to woodheat@ee.doe.gov no later than 5:00pm (ET) on September 30, 2024. Responses must be provided as attachments to an email. It is recommended that attachments with file sizes exceeding 25MB be compressed (i.e., zipped) to ensure message delivery. Responses must be provided as a Microsoft Word (.docx) attachment to the email, and no more than 5 pages in length, 12 point font, 1 inch margins. Only electronic responses will be accepted.

Please see the full RFI document at EERE-Exchange.Energy.gov.","Unrestricted (i.e., open to any type of entity above), subject to any clarification in text field entitled ""Additional Information on Eligibility""","description

wood is an important renewable source of fuel for residential heat, with 10% of american households (approximately 13 million) burning wood for heat and 2% using wood as their primary heat source. although wood heaters provide a small percentage of energy used in residences in the united states, the devices are a substantial source of particulate matter emissions. these emissions contain fine particulate matter (pm) along with other pollutants, including carbon monoxide (co), volatile organic compounds (vocs), toxic air pollutants (e.g., benzene and formaldehyde), and black carbon. improvements in the design and automation of wood heaters have the potential to significantly reduce emissions and increase efficiency. in addition to wood heater design, proper installation and operation also determine the level of emissions and efficiency of residential wood heaters.

as innovation has driven the improved performance of residential wood stoves, they have become more efficient and cleaner burning, as proven by laboratory certification tests. measuring stoves’ performance as they burn in residences with real user behavior (in-situ) will give more insight into the stoves’ efficiency as well as the indoor and outdoor air quality. collecting in-situ data will provide both industry and government with information to guide further innovation of cleaner and more efficient wood stoves and the best use of renewable wood feedstocks.

background

since fiscal year 2019 the u. s. department of energy (doe) bioenergy technologies office (beto), an element of doe’s office of energy efficiency and renewable energy (eere), has been the steward of funds to support the development of cleaner burning, higher efficiency residential wood heaters. these funds have supported topics in funding opportunity announcements (foa), wood heater design challenge (whdc) competition, a fy23 cooperative research and development agreement (crada) call, and a series of workshops held in 2022. a recommendation from the march 2022 workshop series was to focus on the in-situ testing of wood heaters to better understand their actual performance as influenced by many factors, including but not limited to operator control, chimney design, climate, and wood quality. this rfi seeks further input from stakeholders to define the goals and objectives for a planned effort to collect in-situ wood heater performance data.

purpose

the purpose of this rfi is to solicit feedback from industry, academia, research laboratories, government agencies, and other stakeholders on issues and considerations related to testing residential wood stoves in-situ to enable the development of cleaner, more efficient wood heaters. the planned in-situ field data collection effort will monitor wood heater performance in operation by the homeowner rather than an imposed duty cycle in a laboratory environment. eere is specifically interested in input in identifying the most important parameters to measure, considerations of in-situ test design, data collection methods, operator behavior, and other input surrounding in-situ testing. 

this is solely a request for information and not a foa. eere is not accepting applications.

responses to this rfi must be submitted electronically to woodheat@ee.doe.gov no later than 5:00pm (et) on september 30, 2024. responses must be provided as attachments to an email. it is recommended that attachments with file sizes exceeding 25mb be compressed (i.e., zipped) to ensure message delivery. responses must be provided as a microsoft word (.docx) attachment to the email, and no more than 5 pages in length, 12 point font, 1 inch margins. only electronic responses will be accepted.

please see the full rfi document at eere-exchange.energy.gov.",False,True
"=HYPERLINK(""https://www.grants.gov/search-results-detail/355427"",""ED-GRANTS-071824-001"")","Office of Postsecondary Education (OPE): Fund for the Improvement of Postsecondary Education (FIPSE): Tribal Controlled Colleges or Universities (TCCUs) Research and Development Infrastructure (RDI) Grant Program, Assistance Listing Number (ALN) 84.116H",ED,Department of Education,Education,,Grant,84.116 - Fund for the Improvement of Postsecondary Education,4000000.0,2.0,2000000,none,Yes,https://www.govinfo.gov/content/pkg/FR-2024-07-18/pdf/2024-15538.pdf,"Julius C Cotton
ED Grants.gov FIND Systems Admin.
julius.cotton@ed.gov
Program Manager:
Jason Cottrell, Ph.D., 
U.S. Department of Education, 
400 Maryland Avenue, SW, room 5C122, 
Washington, DC 20202-4260.  
Telephone:  (202) 453-7530.  
Email:  Jason.Cottrell@ed.gov.",,Jason.Cottrell@ed.gov,,,2024-07-18,09/16/2024,Jul-18-2024 11:13:40 AM EST,Synopsis 5,Archived,Yes,Yes,"Note: Each funding opportunity description is a synopsis of information in the Federal Register application notice. For specific information about eligibility, please see the official application notice. The official version of this document is the document published in the Federal Register. Free Internet access to the official edition of the Federal Register and the Code of Federal Regulations is available on GPO Access at: http://www.access.gpo.gov/nara/index.html. Please review the official application notice for pre-application and application requirements, application submission information, performance measures, priorities and program contact information.
 
For the addresses for obtaining and submitting an application, please refer to our Revised Common Instructions for Applicants to Department of Education Discretionary Grant Programs, published in the Federal Register on December 7, 2022.
 
Purpose of Program: The RDI grant program is designed to provide Historically Black Colleges and Universities (HBCUs), TCCUs, and Minority-Serving Institutions (MSIs), including Asian American and Native American Pacific Islander Serving Institutions (AANAPISIs), Alaska Native and Native Hawaiian Serving Institutions (ANNH), Hispanic Serving Institutions (HSIs), Native American Serving Non-Tribal Institutions (NASNTIs), and/or Predominantly Black Institutions (PBIs), or consortia led by an eligible institution of higher education (institution), with funds to implement transformational investments in research infrastructure, including research productivity, faculty expertise, graduate programs, physical infrastructure, human capital development, and partnerships leading to increases in external funding.
 
For HBCUs and MSIs, the RDI grant program supports institutions in increasing their level of research activity in alignment with the Carnegie Classification designations. For TCCUs, which currently have their own Carnegie Classification, this program seeks to support an increase in research activities, undergraduate research opportunities, faculty development, research development, and infrastructure, including physical infrastructure and human capital development.
 
Assistance Listing Number (ALN) 84.116H.
 
 
 ","Others (see text field entitled ""Additional Information on Eligibility"" for clarification)","note: each funding opportunity description is a synopsis of information in the federal register application notice. for specific information about eligibility, please see the official application notice. the official version of this document is the document published in the federal register. free internet access to the official edition of the federal register and the code of federal regulations is available on gpo access at: http://www.access.gpo.gov/nara/index.html. please review the official application notice for pre-application and application requirements, application submission information, performance measures, priorities and program contact information.
 
for the addresses for obtaining and submitting an application, please refer to our revised common instructions for applicants to department of education discretionary grant programs, published in the federal register on december 7, 2022.
 
purpose of program: the rdi grant program is designed to provide historically black colleges and universities (hbcus), tccus, and minority-serving institutions (msis), including asian american and native american pacific islander serving institutions (aanapisis), alaska native and native hawaiian serving institutions (annh), hispanic serving institutions (hsis), native american serving non-tribal institutions (nasntis), and/or predominantly black institutions (pbis), or consortia led by an eligible institution of higher education (institution), with funds to implement transformational investments in research infrastructure, including research productivity, faculty expertise, graduate programs, physical infrastructure, human capital development, and partnerships leading to increases in external funding.
 
for hbcus and msis, the rdi grant program supports institutions in increasing their level of research activity in alignment with the carnegie classification designations. for tccus, which currently have their own carnegie classification, this program seeks to support an increase in research activities, undergraduate research opportunities, faculty development, research development, and infrastructure, including physical infrastructure and human capital development.
 
assistance listing number (aln) 84.116h.
 
 
 ",False,True
"=HYPERLINK(""https://www.grants.gov/search-results-detail/355432"",""PAR-24-232"")",Bridges to the Doctorate Research Training Program (T32),HHS-NIH11,National Institutes of Health,Health,,Grant,93.859 - Biomedical Research and Research Training,,,none,none,No,http://grants.nih.gov/grants/guide/pa-files/PAR-24-232.html,"NIH Grants Information
grantsinfo@nih.gov",,grantsinfo@nih.gov,,,2024-07-17,02/21/2025,Feb-21-2025 04:42:10 PM EST,Synopsis 5,Archived,Yes,Yes,"The goal of the Bridges to the Doctorate Research Training Program is to promote broad participation in the biomedical research workforce by strengthening research training environments and expanding the pool of well-trained masters students who transition to and complete biomedical Ph.Ds.Specifically, this funding announcement provides support to eligible, domestic organizations to develop and implement effective, evidence-informed approaches to biomedical graduate training and mentoring to support the development of a biomedical research workforce that will benefit from the full range of perspectives, experiences and backgrounds needed to advance discovery. NIGMS expects organizations to engage in outreach and recruitment activities to encourage individuals from underrepresented groups to participate in the program. The proposed research training programs will incorporate didactic, research, and career development elements to prepare trainees for careers that will have a significant impact on the health-related research needs of the nation.This program requires strong partnerships between at least two postsecondary educational organizations: one that supports training at the masters degree level (Masters-Training Organization), and a separate organization that supports biomedical Ph.D. training (Ph.D.-Training Organization). Eligible organizations for these partnerships include:Masters Training Organization: An organization where the highest biomedically-related research degree offered is a masters degree, OR An organization that is a Historically Black Colleges and University (HBCU) or a Tribally Controlled Colleges and University (TCCU), including those that offer biomedical Ph.Ds.Ph.D.-Training Organization: An organization that grants its own biomedical Ph.Ds.","State governments; County governments; City or township governments; Special district governments; Independent school districts; Public and State controlled institutions of higher education; Native American tribal governments (Federally recognized); Public housing authorities/Indian housing authorities; Native American tribal organizations (other than Federally recognized tribal governments); Nonprofits having a 501(c)(3) status with the IRS, other than institutions of higher education; Nonprofits that do not have a 501(c)(3) status with the IRS, other than institutions of higher education; Private institutions of higher education; For profit organizations other than small businesses; Small businesses; Others (see text field entitled ""Additional Information on Eligibility"" for clarification)","the goal of the bridges to the doctorate research training program is to promote broad participation in the biomedical research workforce by strengthening research training environments and expanding the pool of well-trained masters students who transition to and complete biomedical ph.ds.specifically, this funding announcement provides support to eligible, domestic organizations to develop and implement effective, evidence-informed approaches to biomedical graduate training and mentoring to support the development of a biomedical research workforce that will benefit from the full range of perspectives, experiences and backgrounds needed to advance discovery. nigms expects organizations to engage in outreach and recruitment activities to encourage individuals from underrepresented groups to participate in the program. the proposed research training programs will incorporate didactic, research, and career development elements to prepare trainees for careers that will have a significant impact on the health-related research needs of the nation.this program requires strong partnerships between at least two postsecondary educational organizations: one that supports training at the masters degree level (masters-training organization), and a separate organization that supports biomedical ph.d. training (ph.d.-training organization). eligible organizations for these partnerships include:masters training organization: an organization where the highest biomedically-related research degree offered is a masters degree, or an organization that is a historically black colleges and university (hbcu) or a tribally controlled colleges and university (tccu), including those that offer biomedical ph.ds.ph.d.-training organization: an organization that grants its own biomedical ph.ds.",False,True
"=HYPERLINK(""https://www.grants.gov/search-results-detail/355437"",""W9126G-24-2-SOI-3537"")",Natural Resources Support - Edwards Air Force Base (EAFB),DOD-COE-FW,Fort Worth District,Science and Technology and other Research and Development,,Cooperative Agreement,12.005 - Conservation and Rehabilitation of Natural Resources on Military Installations,1124617.0,1.0,1915091,1124617,No,,"Cheryl Vendemia
Grantor
Phone 817-253-3341",,cheryl.r.vendemia@usace.army.mil,,,2024-07-17,08/16/2024,Jul-17-2024 06:38:11 PM EST,Synopsis 10,Archived,No,Yes,"Note: A full study proposal and proposed budget is NOT requested at this time. Brief Description of Anticipated Work: This work requires on-site support for a large field project at Edwards AFB to implement the Integrated Natural Resources Management Plan (INRMP). Support will include invasive species removal and monitoring, wetlands support, tri-colored black bird support, and native plant restoration. Refer to the Statement of Interest Package / Statement of Objectives for complete details.  Anticipated Period of Performance: One 18-month base period (12 months from award date + 6 months administrative for onboarding/preparation plus analysis and reporting). Responses or clarifications: Submit your Statement of Interest via e-mail attachments or direct questions (no later than 31 July 2024) to::Cheryl VendemiaGrants SpecialistUSACE, Fort Worth DistrictEmail: cheryl.r.vendemia@usace.army.milANDDavid LeptienProject ManagerUSACE Fort Worth DistrictEmail: david.b.leptien@usace.army.mil Timeline for Review of Statements of Interest: RSOIs are required to be posted on www.Grants.gov for 30 days prior to the Government making a decision and requesting full proposals..Refer to Related Documents for RSOI Package details. ","Others (see text field entitled ""Additional Information on Eligibility"" for clarification)","note: a full study proposal and proposed budget is not requested at this time. brief description of anticipated work: this work requires on-site support for a large field project at edwards afb to implement the integrated natural resources management plan (inrmp). support will include invasive species removal and monitoring, wetlands support, tri-colored black bird support, and native plant restoration. refer to the statement of interest package / statement of objectives for complete details.  anticipated period of performance: one 18-month base period (12 months from award date + 6 months administrative for onboarding/preparation plus analysis and reporting). responses or clarifications: submit your statement of interest via e-mail attachments or direct questions (no later than 31 july 2024) to::cheryl vendemiagrants specialistusace, fort worth districtemail: cheryl.r.vendemia@usace.army.milanddavid leptienproject managerusace fort worth districtemail: david.b.leptien@usace.army.mil timeline for review of statements of interest: rsois are required to be posted on www.grants.gov for 30 days prior to the government making a decision and requesting full proposals..refer to related documents for rsoi package details. ",False,True
"=HYPERLINK(""https://www.grants.gov/search-results-detail/355321"",""W911SR-24-S-0001"")","Minority Serving Institutions (MSIs) and Historically Black Colleges and Universities (HBCUs) Science, Technology, Engineering and Mathematics (STEM) Consortium",DOD-AMC-ACCAPGE,ACC-APG-Edgewood,Science and Technology and other Research and Development,,Cooperative Agreement,"12.630 - Basic, Applied, and Advanced Research in Science and Engineering",,1.0,15000000,none,No,,"Stacey L Jump
Contract Specialist",,stacey.l.jump.civ@army.mil,,,2024-07-10,09/12/2024,Jul-10-2024 03:32:31 PM EST,Synopsis 1,Archived,Yes,Yes,"The Department of Defense seeks innovative applications to cooperatively partner with eligible entities in the implementation, execution, -development and administration of a Consortium of MSIs and HBCUs to conduct basic, applied and advance research and development efforts at educational institutions pursuant to Section 252 of the FY10 National Defense Authorization Act (NDAA) codified in 10 USC 4144, Research and Education Programs and Activities: Historically Black Colleges and Universities (HBCU) and Minority Serving Institutions of Higher Education.","Others (see text field entitled ""Additional Information on Eligibility"" for clarification)","the department of defense seeks innovative applications to cooperatively partner with eligible entities in the implementation, execution, -development and administration of a consortium of msis and hbcus to conduct basic, applied and advance research and development efforts at educational institutions pursuant to section 252 of the fy10 national defense authorization act (ndaa) codified in 10 usc 4144, research and education programs and activities: historically black colleges and universities (hbcu) and minority serving institutions of higher education.",False,True
"=HYPERLINK(""https://www.grants.gov/search-results-detail/355262"",""N0001424SF006"")",Fiscal Year (FY) 2025 Department of the Navy (DoN) Historically Black Colleges and Universities/Minority Institutions (HBCU/MI) Program,DOD-ONR,Office of Naval Research,Science and Technology and other Research and Development,,Grant,12.300 - Basic and Applied Scientific Research,525000.0,3.0,525000,100000,No,https://www.nre.navy.mil/work-with-us/funding-opportunities/announcements,"Sarah Jaeschke
Grants Officer",,sarah.m.jaeschke.civ@us.navy.mil,,,2024-07-08,12/13/2024,Jul-08-2024 09:00:56 AM EST,Synopsis 1,Archived,Yes,Yes,"     The Department of Navy (DoN) Historically Black Colleges and Universities/Minority Institutions (HBCU/MI) Program aims to increase the quantity and quality of minority professionals in science, technology, engineering, and mathematics (STEM) in the defense community. Research conducted at Minority-Serving Institutions (MSIs) for the DoN HBCU/MI Program: ·        enhances the research and educational capabilities of HBCU/MIs in scientific and engineering disciplines critical to the defense mission of the U.S. Navy and U.S. Marine Corps,·        encourages cross-institutional, collaborative efforts that explore innovative solutions to naval science and technology (S&T) challenges, and·        increases the engagement of students, including underrepresented minorities, in STEM fields important to the U.S. Navy and U.S. Marine Corps.","Public and State controlled institutions of higher education; Private institutions of higher education; Others (see text field entitled ""Additional Information on Eligibility"" for clarification)","     the department of navy (don) historically black colleges and universities/minority institutions (hbcu/mi) program aims to increase the quantity and quality of minority professionals in science, technology, engineering, and mathematics (stem) in the defense community. research conducted at minority-serving institutions (msis) for the don hbcu/mi program: ·        enhances the research and educational capabilities of hbcu/mis in scientific and engineering disciplines critical to the defense mission of the u.s. navy and u.s. marine corps,·        encourages cross-institutional, collaborative efforts that explore innovative solutions to naval science and technology (s&t) challenges, and·        increases the engagement of students, including underrepresented minorities, in stem fields important to the u.s. navy and u.s. marine corps.",False,True
