OPPORTUNITY NUMBER,OPPORTUNITY TITLE,AGENCY CODE,AGENCY NAME,CATEGORY OF FUNDING ACTIVITY,FUNDING CATEGORY EXPLANATION,FUNDING INSTRUMENT TYPE,ASSISTANCE LISTINGS,ESTIMATED TOTAL FUNDING,EXPECTED NUMBER OF AWARDS,AWARD CEILING,AWARD FLOOR,COST SHARING / MATCH REQUIREMENT,LINK TO ADDITIONAL INFORMATION,GRANTOR CONTACT,GRANTOR CONTACT PHONE,GRANTOR CONTACT EMAIL,ESTIMATED POST DATE,ESTIMATED APPLICATION DUE DATE,POSTED DATE,CLOSE DATE,LAST UPDATED DATE/TIME,VERSION,OPPORTUNITY STATUS,OPPORTUNITY PACKAGE,SYNOPSIS ARCHIVED,FUNDING DESCRIPTION,ELIGIBLE APPLICANTS,funding_description_lower,keyword_women,keyword_black
"=HYPERLINK(""https://www.grants.gov/search-results-detail/358215"",""BH-001-FY2025"")",WOMEN’S EMPOWERMENT SMALL GRANTS PROGRAM,DOS-BIH,U.S. Mission to Bosnia and Herzegovina,"Other (see text field entitled ""Explanation of Other Category of Funding Activity"" for clarification)","•Advancing women’s participation in the economic life of BiH in business, the arts, law, education, healthcare, science, and other sectors. (Proposals may not include vocational training.)
•Advancing women’s participation in politics and amplifying women’s voices and leadership on issues that affect citizens of BiH.
•Increasing the potential of girls and young women to become leaders in their schools, communities, and country.
•Preventing gender-based violence and all other forms of mistreatment of women, such as sexual harassment and workplace discrimination; strengthening support from institutions and civil society to victims of gender-based violence and discrimination. 
•Organizing grassroots projects that help strengthen civil society, connect women across social divides, and improve the quality of life for women in their communities and across BiH.",Grant,19.900 - AEECA/ESF PD Programs,275000.0,6.0,50000,1000,No,,"Edin Gurda
PDS Resources Assistant
Phone 0038733704000",,GurdaE@state.gov,,,2025-01-15,01/27/2025,Jan-28-2025 03:14:19 AM EST,Synopsis 2,Archived,No,Yes,"This program supports NGO efforts to enable women as equal participants in economic, civic, and political life in Bosnia and Herzegovina (BiH). Proposals that go beyond awareness building to promote action or create behavior change or institutional change will be particularly competitive. We also encourage proposals that build solidarity among women from different cities, political parties, or ethnic groups, and that support vulnerable and marginalized women in BiH.","Others (see text field entitled ""Additional Information on Eligibility"" for clarification)","this program supports ngo efforts to enable women as equal participants in economic, civic, and political life in bosnia and herzegovina (bih). proposals that go beyond awareness building to promote action or create behavior change or institutional change will be particularly competitive. we also encourage proposals that build solidarity among women from different cities, political parties, or ethnic groups, and that support vulnerable and marginalized women in bih.",True,False
"=HYPERLINK(""https://www.grants.gov/search-results-detail/358216"",""MBDA-OBC-2025-1002156"")",MBDA Women’s Entrepreneurship Program,DOC-MBDA,Minority Business Development Agency,Science and Technology and other Research and Development,,Cooperative Agreement,11.802 - Minority Business Resource Development,,10.0,none,none,No,,"Nakita Chambers
Grantor
nchambers2@mbda.gov",,nchambers2@mbda.gov,,,2025-01-15,02/03/2025,Feb-03-2025 03:56:22 PM EST,Synopsis 5,Archived,Yes,Yes,"The MBDA Women’s Entrepreneurship Program (Program or WEP) is designed to improve the entrepreneurial outcomes of MBEs, including entrepreneurs at all stages of business development, from ideation to established businesses. While MBDA encourages applicants to include in their proposal services that address barriers traditionally experienced by women entrepreneurs, all MBEs are eligible to receive services under this Program. This notice requests applications from qualified organizations that have the expertise to provide a range of services including counseling, training, and technical assistance to launch, sustain, obtain capital for, and scale their ventures.  ","Others (see text field entitled ""Additional Information on Eligibility"" for clarification)","the mbda women’s entrepreneurship program (program or wep) is designed to improve the entrepreneurial outcomes of mbes, including entrepreneurs at all stages of business development, from ideation to established businesses. while mbda encourages applicants to include in their proposal services that address barriers traditionally experienced by women entrepreneurs, all mbes are eligible to receive services under this program. this notice requests applications from qualified organizations that have the expertise to provide a range of services including counseling, training, and technical assistance to launch, sustain, obtain capital for, and scale their ventures.  ",True,False
"=HYPERLINK(""https://www.grants.gov/search-results-detail/358180"",""PDS-GUA-FY25-02"")",Academy for Women Entrepreneurs-AWE,DOS-GTM,U.S. Mission to Guatemala,"Employment, Labor and Training",,Grant,19.040 - Public Diplomacy Programs,150000.0,10.0,150000,10000,No,Related documents,"PDS Guatemala
Grantor
Phone 502-2354-0000",,gtm-pasgrants@state.gov,,,2025-01-13,01/31/2025,Jan-13-2025 04:44:23 PM EST,Synopsis 1,Archived,No,Yes,"The U.S. Embassy in Guatemala’s Public Diplomacy Section is dedicated to empowering women in the Guatemalan economy through entrepreneurship. The White House-led Women’s Global Development and Prosperity (W-GDP) initiative is designed to empower women worldwide to fulfill their economic potential and, in doing so, create conditions for increased stability, security, and prosperity for all. The target is to reach 50 million women by 2025 by promoting an enabling environment that reduces barriers and facilitates women’s participation in the economy.  

The U.S. Diplomatic Mission in Guatemala’s Public Diplomacy Section will pilot this hybrid version of AWE in twelve departments (San Marcos, Quetzaltenango, Huehuetenango, Quiche, Totonicapán, Chimaltenango, Sololá, Sacatepéquez, Guatemala, Chiquimula, Cobán and Izabal) to help 420 women expand and grow their businesses. We are seeking a reliable implementing organization that works with training and/or entrepreneurship, and which has a national scope in Guatemala. Guatemalan-based and U.S.-based organizations who works with a Guatemalan partner or a Guatemalan organization that can organize a virtual or hybrid program of this scope will be considered. The implementing partner will be expected to support AWE from development through graduation and beyond. The training program will be done in 14 small-group-facilitated sessions using the Spanish version of the Dream Builder platform. Guatemala AWE 2026 Program will be delivered to 420 Guatemalan women entrepreneurs (See Program Design). ECA will provide the training for AWE implementers and program facilitators. The implementing organization will be responsible for customizing all of the program components and developing enrichment activities to fit the practical realities of the country. ","Nonprofits that do not have a 501(c)(3) status with the IRS, other than institutions of higher education","the u.s. embassy in guatemala’s public diplomacy section is dedicated to empowering women in the guatemalan economy through entrepreneurship. the white house-led women’s global development and prosperity (w-gdp) initiative is designed to empower women worldwide to fulfill their economic potential and, in doing so, create conditions for increased stability, security, and prosperity for all. the target is to reach 50 million women by 2025 by promoting an enabling environment that reduces barriers and facilitates women’s participation in the economy.  

the u.s. diplomatic mission in guatemala’s public diplomacy section will pilot this hybrid version of awe in twelve departments (san marcos, quetzaltenango, huehuetenango, quiche, totonicapán, chimaltenango, sololá, sacatepéquez, guatemala, chiquimula, cobán and izabal) to help 420 women expand and grow their businesses. we are seeking a reliable implementing organization that works with training and/or entrepreneurship, and which has a national scope in guatemala. guatemalan-based and u.s.-based organizations who works with a guatemalan partner or a guatemalan organization that can organize a virtual or hybrid program of this scope will be considered. the implementing partner will be expected to support awe from development through graduation and beyond. the training program will be done in 14 small-group-facilitated sessions using the spanish version of the dream builder platform. guatemala awe 2026 program will be delivered to 420 guatemalan women entrepreneurs (see program design). eca will provide the training for awe implementers and program facilitators. the implementing organization will be responsible for customizing all of the program components and developing enrichment activities to fit the practical realities of the country. ",True,False
"=HYPERLINK(""https://www.grants.gov/search-results-detail/358110"",""FOA-ETA-25-29"")",Pathway Home 6,DOL-ETA,Employment and Training Administration,"Employment, Labor and Training",,Grant,17.270 - Reentry Employment Opportunities,25000000.0,9.0,4000000,500000,No,,"Shanell McNamee
PH6_FOA-ETA-25-29@dol.gov",,PH6_FOA-ETA-25-29@dol.gov,,,2025-01-10,03/14/2025,Mar-03-2025 03:46:16 PM EST,Synopsis 6,Closed,Yes,No,"This Funding Opportunity Announcement solicits applications for Pathway Home 6 grants.  ETA plans to award $25 million in an estimated 9 grants up to $4 million each.  The purpose of this program is to provide eligible incarcerated individuals in men’s and women’s state correctional facilities or local or county jails with workforce services prior to release and to continue services after release by transitioning the participants into reentry programs in the communities to which they will return.  By providing for reentry services to begin while participants are still incarcerated and to continue post-release, these projects are designed to eliminate the time gap between release from prison and enrollment into a workforce development reentry program leading to skills-based employment, to improve individuals’ transition back into their communities, and to reduce recidivism.   Questions regarding this Funding Opportunity Announcement (FOA) may be emailed to PH6_FOA-ETA-25-29@dol.gov.  We encourage prospective applicants and interested parties to use the Grants.gov subscription option to register for future updates provided for this particular FOA.","State governments; County governments; City or township governments; Native American tribal governments (Federally recognized); Native American tribal organizations (other than Federally recognized tribal governments); Nonprofits having a 501(c)(3) status with the IRS, other than institutions of higher education; Nonprofits that do not have a 501(c)(3) status with the IRS, other than institutions of higher education","this funding opportunity announcement solicits applications for pathway home 6 grants.  eta plans to award $25 million in an estimated 9 grants up to $4 million each.  the purpose of this program is to provide eligible incarcerated individuals in men’s and women’s state correctional facilities or local or county jails with workforce services prior to release and to continue services after release by transitioning the participants into reentry programs in the communities to which they will return.  by providing for reentry services to begin while participants are still incarcerated and to continue post-release, these projects are designed to eliminate the time gap between release from prison and enrollment into a workforce development reentry program leading to skills-based employment, to improve individuals’ transition back into their communities, and to reduce recidivism.   questions regarding this funding opportunity announcement (foa) may be emailed to ph6_foa-eta-25-29@dol.gov.  we encourage prospective applicants and interested parties to use the grants.gov subscription option to register for future updates provided for this particular foa.",True,False
"=HYPERLINK(""https://www.grants.gov/search-results-detail/358144"",""NOAA-OAR-TPO-2025-0002"")",Small Business Innovation Research FY2025 Phase II,DOC-DOCNOAAERA,DOC NOAA - ERA Production,"Other (see text field entitled ""Explanation of Other Category of Funding Activity"" for clarification)",Small Businesses -for profits,Grant,11.021 - NOAA Small Business Innovation Research (SBIR) Program,12000000.0,15.0,690000,0,No,,"The SBIR Team
noaa.sbir@noaa.gov
Subject Line-NOAA-OAR-TPO-2025-0002",,noaa.sbir@noaa.gov,,,2025-01-10,03/31/2025,Mar-17-2025 03:40:32 PM EST,Synopsis 4,Archived,Yes,Yes,"The Small Business Innovation Research (SBIR) program was originally established in 1982 by the Small Business
Innovation Development Act (P.L. 97-219), codified at 15 U.S.C. § 638. It was then expanded and extended by the
Small Business Research and Development Enhancement Act of 1992 (P.L. 102-564) and received subsequent
reauthorization and extensions, the most recent of which extends the SBIR program through 2025. (P.L.
117-183).
Each Federal agency with an extramural budget for Research/Research and Development (R/R&D) in excess of
$100,000,000 must participate in the SBIR program and spend (obligate) a minimum percentage of their
extramural R/R&D budgets (obligations) of not less than 3.2% of such budget in fiscal year 2017 and for the
percentage required by statute for each fiscal year after for awards to small business concerns (SBCs) for R/R&D
under the SBIR program. The objectives of the SBIR program are to: stimulate technological innovation in the
private sector; strengthen the role of small business in meeting Federal R&D needs; foster and encourage
participation by businesses owned by socially and economically disadvantaged persons and women-owned SBCs
in technological innovation; and increase private sector commercialization of innovations derived from federal
R&D funding.
To ensure compliance with Executive Order 14151, the Small Business Innovation Research (SBIR) Program Office is excluding statements and factors related to diversity, equity, inclusion, and accessibility (DEIA) from the evaluation of proposals received under the FY25 Notices of Funding Opportunity. Any DEIA-related application components are no longer required and, for proposals already submitted, will be disregarded in the scoring and selection of proposals.

",Small businesses,"the small business innovation research (sbir) program was originally established in 1982 by the small business
innovation development act (p.l. 97-219), codified at 15 u.s.c. § 638. it was then expanded and extended by the
small business research and development enhancement act of 1992 (p.l. 102-564) and received subsequent
reauthorization and extensions, the most recent of which extends the sbir program through 2025. (p.l.
117-183).
each federal agency with an extramural budget for research/research and development (r/r&d) in excess of
$100,000,000 must participate in the sbir program and spend (obligate) a minimum percentage of their
extramural r/r&d budgets (obligations) of not less than 3.2% of such budget in fiscal year 2017 and for the
percentage required by statute for each fiscal year after for awards to small business concerns (sbcs) for r/r&d
under the sbir program. the objectives of the sbir program are to: stimulate technological innovation in the
private sector; strengthen the role of small business in meeting federal r&d needs; foster and encourage
participation by businesses owned by socially and economically disadvantaged persons and women-owned sbcs
in technological innovation; and increase private sector commercialization of innovations derived from federal
r&d funding.
to ensure compliance with executive order 14151, the small business innovation research (sbir) program office is excluding statements and factors related to diversity, equity, inclusion, and accessibility (deia) from the evaluation of proposals received under the fy25 notices of funding opportunity. any deia-related application components are no longer required and, for proposals already submitted, will be disregarded in the scoring and selection of proposals.

",True,False
"=HYPERLINK(""https://www.grants.gov/search-results-detail/358069"",""PDS-DOS-GEO-FY25-004"")",The Academy for Women Entrepreneurs (AWE),DOS-GEO,U.S. Mission to Georgia,Business and Commerce,,Grant,19.022 - Educational and Cultural Exchange Programs Appropriation Overseas Grants,,1.0,35000,35000,No,,"Grantor
Phone 995322277926",,tbilisigrants@state.gov,,,2025-01-08,01/20/2025,Jan-08-2025 12:19:33 AM EST,Synopsis 1,Archived,No,Yes,"The Public Diplomacy Section of the U.S. Embassy Tbilisi announces an open competition for not-for-profit organizations, and Individual alumni of all USG-funded or USG-sponsored exchange programs that are residents of Georgia to submit applications to carry out the 2025 Academy for Women Entrepreneurship (AWE) program. We are seeking the implementing partner that will serve as a liaison with U.S. Embassy Georgia and AWE stakeholders, lead implementation, facilitate communication with AWE participants, encourage their successful completion of the program, monitor and report on progress, promote the program with the public, and amplify the core goals of the initiative in supporting women and economic prosperity in Georgia. 
Those who are interested in implementing the 2025 AWE should submit a proposal package to tbilisigrants@state.gov by January 20, 2025, 11:59p.m. Applications submitted directly to ECA will not be considered. Please follow all instructions below.  

PROGRAM DESCRIPTION

The U.S. Department of State Bureau of Educational and Cultural Affairs (ECA) established the Academy for Women Entrepreneurs in 2019 to provide women with the knowledge, networks, and access they need to launch or scale successful businesses: https://eca.state.gov/awe  
By promoting women’s economic opportunities and ensuring that women have the capabilities and resources needed to participate in the economy, the AWE program directly supports the U.S. National Strategy on Gender Equity and Equality. 
AWE uses a hybrid model that combines the online platform DreamBuilder  (developed through a partnership between Arizona State University’s Thunderbird School of Global Management and global copper mining company Freeport-McMoRan) with online and/or in-class mentoring and facilitation. Through AWE, participants learn core business skills, then get together as a class to discuss the material with experienced implementers, local mentors, and U.S. Exchange Alumni. Partnerships with local NGOs, universities, and chambers of commerce offer women the opportunity to amplify their newly learned business skills and network with other businesspeople through speed mentoring, pitch competitions, and entrepreneurship fairs. Applicants may also use a new online curriculum, in whole or in part – the Najafi 100 Million Learners Global Initiative  – alongside or instead of DreamBuilder.
At a local level, AWE harnesses the power of public-private sponsors, local partnerships, and U.S. Exchange Alumni networks to help women and their businesses grow. By giving women the tools and the confidence they need, the AWE program is generating income and creating jobs in women-led businesses, driving local prosperity in more than 100 countries worldwide. 
Program Objectives:  

Provide resources for English-speaking female entrepreneurs of Georgia to engage in U.S-style online and/or in-person education with guided facilitation from USG exchange alumni, local business leaders, or other local partners. 
Foster networks that support participants’ access to peer-to-peer mentors, business partners, and scaling opportunities with businesses in the region and in the United States. 
Engage AWE alumni with volunteer, professional, and educational opportunities in ways to promote business expansion. 
Share lessons and practices from the United States with new businesses operating in the Georgian entrepreneurial ecosystems and prepare them for potential collaboration with U.S. clients, customers, and investors. The project also aims to empower women entrepreneurs in Georgia to fulfill their economic potential, and in doing so, create conditions for a more prosperous society.  

Participants and Audiences: 
Female entrepreneurs of Georgia ","Others (see text field entitled ""Additional Information on Eligibility"" for clarification)","the public diplomacy section of the u.s. embassy tbilisi announces an open competition for not-for-profit organizations, and individual alumni of all usg-funded or usg-sponsored exchange programs that are residents of georgia to submit applications to carry out the 2025 academy for women entrepreneurship (awe) program. we are seeking the implementing partner that will serve as a liaison with u.s. embassy georgia and awe stakeholders, lead implementation, facilitate communication with awe participants, encourage their successful completion of the program, monitor and report on progress, promote the program with the public, and amplify the core goals of the initiative in supporting women and economic prosperity in georgia. 
those who are interested in implementing the 2025 awe should submit a proposal package to tbilisigrants@state.gov by january 20, 2025, 11:59p.m. applications submitted directly to eca will not be considered. please follow all instructions below.  

program description

the u.s. department of state bureau of educational and cultural affairs (eca) established the academy for women entrepreneurs in 2019 to provide women with the knowledge, networks, and access they need to launch or scale successful businesses: https://eca.state.gov/awe  
by promoting women’s economic opportunities and ensuring that women have the capabilities and resources needed to participate in the economy, the awe program directly supports the u.s. national strategy on gender equity and equality. 
awe uses a hybrid model that combines the online platform dreambuilder  (developed through a partnership between arizona state university’s thunderbird school of global management and global copper mining company freeport-mcmoran) with online and/or in-class mentoring and facilitation. through awe, participants learn core business skills, then get together as a class to discuss the material with experienced implementers, local mentors, and u.s. exchange alumni. partnerships with local ngos, universities, and chambers of commerce offer women the opportunity to amplify their newly learned business skills and network with other businesspeople through speed mentoring, pitch competitions, and entrepreneurship fairs. applicants may also use a new online curriculum, in whole or in part – the najafi 100 million learners global initiative  – alongside or instead of dreambuilder.
at a local level, awe harnesses the power of public-private sponsors, local partnerships, and u.s. exchange alumni networks to help women and their businesses grow. by giving women the tools and the confidence they need, the awe program is generating income and creating jobs in women-led businesses, driving local prosperity in more than 100 countries worldwide. 
program objectives:  

provide resources for english-speaking female entrepreneurs of georgia to engage in u.s-style online and/or in-person education with guided facilitation from usg exchange alumni, local business leaders, or other local partners. 
foster networks that support participants’ access to peer-to-peer mentors, business partners, and scaling opportunities with businesses in the region and in the united states. 
engage awe alumni with volunteer, professional, and educational opportunities in ways to promote business expansion. 
share lessons and practices from the united states with new businesses operating in the georgian entrepreneurial ecosystems and prepare them for potential collaboration with u.s. clients, customers, and investors. the project also aims to empower women entrepreneurs in georgia to fulfill their economic potential, and in doing so, create conditions for a more prosperous society.  

participants and audiences: 
female entrepreneurs of georgia ",True,False
"=HYPERLINK(""https://www.grants.gov/search-results-detail/357952"",""AF-DRC-PDS-FY25-02"")",ACADEMY FOR WOMEN ENTREPRENEURS (AWE) 2025 DRC,DOS-COD,U.S. Mission to the Democratic Republic of Congo,"Other (see text field entitled ""Explanation of Other Category of Funding Activity"" for clarification)",Public Diplomacy,Cooperative Agreement,19.022 - Educational and Cultural Exchange Programs Appropriation Overseas Grants,35000.0,1.0,35000,35000,No,,Public Diplomacy Section/ Grants Team,,KinshasaPDGrants@state.gov,,,2024-12-31,02/17/2025,Dec-31-2024 10:40:17 AM EST,Synopsis 2,Archived,Yes,Yes,"The Academy for Women Entrepreneurs (AWE) program was established by the U.S. Department of State’s Bureau of Educational and Cultural Affairs (ECA) to support women entrepreneurs around the world. The AWE program provides female entrepreneurs with the skills, resources, and networks needed to launch and scale businesses within an inclusive learning community. In its third iteration in the DRC, the AWE program will train and enhance the capacity of 100 women entrepreneurs in five cities who have been running businesses for at least one year. The program consists of three phases: completion of an online curriculum (DreamBuilder); interactive sessions with business leaders; and a business plan competition, in which the top 20 participants will pitch their business ideas in Kinshasa. Ten finalists will have the opportunity to travel to Harvard Business School in the United States for advanced training. Through AWE, the U.S. Embassy in Kinshasa aims to strengthen and professionalize existing entrepreneurial networks by leveraging alumni contacts in five key provinces Alumni of U.S. government-funded exchange programs will play a central role as primary facilitators, collaborating with local NGOs that focus on sustainable management solutions. These facilitators will engage with participants through the American Spaces network across the country.","Others (see text field entitled ""Additional Information on Eligibility"" for clarification)","the academy for women entrepreneurs (awe) program was established by the u.s. department of state’s bureau of educational and cultural affairs (eca) to support women entrepreneurs around the world. the awe program provides female entrepreneurs with the skills, resources, and networks needed to launch and scale businesses within an inclusive learning community. in its third iteration in the drc, the awe program will train and enhance the capacity of 100 women entrepreneurs in five cities who have been running businesses for at least one year. the program consists of three phases: completion of an online curriculum (dreambuilder); interactive sessions with business leaders; and a business plan competition, in which the top 20 participants will pitch their business ideas in kinshasa. ten finalists will have the opportunity to travel to harvard business school in the united states for advanced training. through awe, the u.s. embassy in kinshasa aims to strengthen and professionalize existing entrepreneurial networks by leveraging alumni contacts in five key provinces alumni of u.s. government-funded exchange programs will play a central role as primary facilitators, collaborating with local ngos that focus on sustainable management solutions. these facilitators will engage with participants through the american spaces network across the country.",True,False
"=HYPERLINK(""https://www.grants.gov/search-results-detail/357933"",""PE-SVK-FY2025-04"")",The Academy for Women Entrepreneurs in Slovakia,DOS-SVK,U.S. Mission to Slovakia,Education,,Grant,19.022 - Educational and Cultural Exchange Programs Appropriation Overseas Grants,,1.0,35000,10000,No,https://sk.usembassy.gov/nofo-the-academy-for-women-entrepreneurs-in-slovakia/,Bratislava_Democracy@state.gov,,Bratislava_Democracy@state.gov,,,2024-12-30,02/09/2025,Dec-30-2024 05:51:13 AM EST,Synopsis 1,Archived,No,Yes,"PROGRAM DESCRIPTION The U.S. Embassy Bratislava of the U.S. Department of State announces an open competition for organizations to submit applications to carry out a program to promote women’s social and economic empowerment and provide enterprising women with knowledge, networks, and access to launch and scale successful businesses. Please follow all instructions below.Priority Region: Eastern SlovakiaProgram Objectives:The U.S. Embassy in Bratislava is soliciting proposals aimed at advancing women's economic opportunities and equipping women with the capabilities and resources needed to participate in the economy through the Academy of Women Entrepreneurship (AWE).AWE seeks to bring together a cohort of approximately 30 women who will meet both online and in-person to learn core business skills, including strategic planning, marketing, and finance. The program utilizes the no-cost, online learning platform DreamBuilder, which teaches participants the fundamentals of starting or growing a small business from a U.S. perspective. DreamBuilder offers modules on marketing, pricing, and bookkeeping, and includes a built-in business plan generator. The female participants discuss the modules with local facilitators, business leaders, and U.S. exchange alumni mentors.AWE strongly encourages applicants to partner with local NGOs, universities, and chambers of commerce for this program to offer women the opportunity to amplify their newly learned business skills and network with other businesspeople through speed mentoring, pitch competitions, and entrepreneurship fairs.Proposals must use DreamBuilder for their curriculum. Successful proposals also demonstrate strong engagement of U.S. exchange alumni, female expert speakers, and women business leaders, including those with connections to the United States, and include site visits to successful female-led businesses to offer inspiration and experience.","Others (see text field entitled ""Additional Information on Eligibility"" for clarification)","program description the u.s. embassy bratislava of the u.s. department of state announces an open competition for organizations to submit applications to carry out a program to promote women’s social and economic empowerment and provide enterprising women with knowledge, networks, and access to launch and scale successful businesses. please follow all instructions below.priority region: eastern slovakiaprogram objectives:the u.s. embassy in bratislava is soliciting proposals aimed at advancing women's economic opportunities and equipping women with the capabilities and resources needed to participate in the economy through the academy of women entrepreneurship (awe).awe seeks to bring together a cohort of approximately 30 women who will meet both online and in-person to learn core business skills, including strategic planning, marketing, and finance. the program utilizes the no-cost, online learning platform dreambuilder, which teaches participants the fundamentals of starting or growing a small business from a u.s. perspective. dreambuilder offers modules on marketing, pricing, and bookkeeping, and includes a built-in business plan generator. the female participants discuss the modules with local facilitators, business leaders, and u.s. exchange alumni mentors.awe strongly encourages applicants to partner with local ngos, universities, and chambers of commerce for this program to offer women the opportunity to amplify their newly learned business skills and network with other businesspeople through speed mentoring, pitch competitions, and entrepreneurship fairs.proposals must use dreambuilder for their curriculum. successful proposals also demonstrate strong engagement of u.s. exchange alumni, female expert speakers, and women business leaders, including those with connections to the united states, and include site visits to successful female-led businesses to offer inspiration and experience.",True,False
"=HYPERLINK(""https://www.grants.gov/search-results-detail/357924"",""CDC-RFA-DP22-22070401SUPP25"")",Statewide Perinatal Quality Collaboratives,HHS-CDC-NCCDPHP,Centers for Disease Control - NCCDPHP,Health,,Cooperative Agreement,93.946 - Cooperative Agreements to Support State-Based Safe Motherhood and Infant Health Initiative Programs,3566000.0,11.0,100000,0,No,,Tai N. Baker,770-488-5175,guz1@cdc.gov,04/04/2025,05/03/2025,2024-12-27,,Dec-27-2024 01:10:59 PM EST,Forecast 1,Forecasted,No,,"Perinatal outcomes in the US are poor, with a disproportionate impact on some populations due to factors such as race/ethnicity, geography, economic and disability status.[1]  Perinatal Quality Collaboratives are established statewide networks working to improve the quality of maternal and infant care within healthcare facilities and systems, with the ultimate goal of reducing morbidity and mortality for all women and infants. The purpose of this two-year project is to improve the quality of patient care by ensuring equitable, respectful care in birthing hospitals and facilities. Through activities guided by the revised AHRQ Safety Program for Perinatal Care, Phase 2 toolkit (SPPC-II), PQCs will center birth equity and address disparate care and outcomes.  Component A will support Statewide Perinatal Quality Collaboratives (PQCs) currently funded by CDC through CDC-RFA-DP22-2207 to implement the revised SPPC-II. In addition, awardees will evaluate both 1) the implementation of the revised SPPC-II and 2) the impact of SPPC-II. Component B will support the provision of technical assistance and trainings to assist PQCs with implementation and evaluation of their activities and will conduct an evaluation of 1) the overall implementation of SPPC-II, eg usability, feasibility, adoption etc. and 2) the effectiveness of the SPPC-II in incorporating respectful maternity care practices.    [1] Mohamoud YA, Cassidy E, Fuchs E, et al. Vital Signs: Maternity Care Experiences — United States, April 2023. MMWR Morb Mortal Wkly Rep 2023;72:961–967. DOI: http://dx.doi.org/10.15585/mmwr.mm7235e1.","Others (see text field entitled ""Additional Information on Eligibility"" for clarification)","perinatal outcomes in the us are poor, with a disproportionate impact on some populations due to factors such as race/ethnicity, geography, economic and disability status.[1]  perinatal quality collaboratives are established statewide networks working to improve the quality of maternal and infant care within healthcare facilities and systems, with the ultimate goal of reducing morbidity and mortality for all women and infants. the purpose of this two-year project is to improve the quality of patient care by ensuring equitable, respectful care in birthing hospitals and facilities. through activities guided by the revised ahrq safety program for perinatal care, phase 2 toolkit (sppc-ii), pqcs will center birth equity and address disparate care and outcomes.  component a will support statewide perinatal quality collaboratives (pqcs) currently funded by cdc through cdc-rfa-dp22-2207 to implement the revised sppc-ii. in addition, awardees will evaluate both 1) the implementation of the revised sppc-ii and 2) the impact of sppc-ii. component b will support the provision of technical assistance and trainings to assist pqcs with implementation and evaluation of their activities and will conduct an evaluation of 1) the overall implementation of sppc-ii, eg usability, feasibility, adoption etc. and 2) the effectiveness of the sppc-ii in incorporating respectful maternity care practices.    [1] mohamoud ya, cassidy e, fuchs e, et al. vital signs: maternity care experiences — united states, april 2023. mmwr morb mortal wkly rep 2023;72:961–967. doi: http://dx.doi.org/10.15585/mmwr.mm7235e1.",True,False
"=HYPERLINK(""https://www.grants.gov/search-results-detail/357922"",""RFA-CK-25-182"")",Enhanced Surveillance and Control of Endemic and Emerging Arboviruses in Puerto Rico,HHS-CDC-HHSCDCERA,Centers for Disease Control and Prevention - ERA,Health,,Cooperative Agreement,"93.084 - Prevention of Disease, Disability, and Death by Infectious Diseases",25000000.0,1.0,5000000,500000,No,,"Brian York
RYork@cdc.gov",,RYork@cdc.gov,,,2024-12-27,02/28/2025,Dec-27-2024 10:56:20 AM EST,Synopsis 1,Archived,Yes,Yes,"The purpose of this notice of funding opportunity (NOFO) is to strengthen an established research platform for arboviruses in hospital and community settings in Puerto Rico, identify emerging and endemic pathogens like dengue and Oropouche viruses, improve patient management, and evaluate prevention and control strategies. The core objectives include: 1) strengthen hospital surveillance of acute febrile illness (AFI) to ensure early detection of emerging arboviruses and other pathogens; 2) use the established AFI surveillance platform to conduct clinical research on dengue and other arboviral diseases, including among special populations such as women and children; 3) maintain and enhance the community cohort to assess incidence and prevalence of arboviral infections and other AFIs, while also evaluate the effectiveness of vector control strategies; 4) strengthen and modernize infrastructure for project data management and analysis, ensuring the surveillance platform is capable of handling large, complex datasets in real-time; and 5) strengthen collaborations with the local government, community leaders, and other interest holders to ensure the continuity of the established program while fostering an environment of rapid and effective communication and cooperation.","Others (see text field entitled ""Additional Information on Eligibility"" for clarification)","the purpose of this notice of funding opportunity (nofo) is to strengthen an established research platform for arboviruses in hospital and community settings in puerto rico, identify emerging and endemic pathogens like dengue and oropouche viruses, improve patient management, and evaluate prevention and control strategies. the core objectives include: 1) strengthen hospital surveillance of acute febrile illness (afi) to ensure early detection of emerging arboviruses and other pathogens; 2) use the established afi surveillance platform to conduct clinical research on dengue and other arboviral diseases, including among special populations such as women and children; 3) maintain and enhance the community cohort to assess incidence and prevalence of arboviral infections and other afis, while also evaluate the effectiveness of vector control strategies; 4) strengthen and modernize infrastructure for project data management and analysis, ensuring the surveillance platform is capable of handling large, complex datasets in real-time; and 5) strengthen collaborations with the local government, community leaders, and other interest holders to ensure the continuity of the established program while fostering an environment of rapid and effective communication and cooperation.",True,False
"=HYPERLINK(""https://www.grants.gov/search-results-detail/357899"",""RFI-ILAB-25-01"")",Improving Working Conditions in the Processing of Waste from Electrical and Electronic Equipment (E-Waste),DOL-ILAB,Bureau of International Labor Affairs,"Other (see text field entitled ""Explanation of Other Category of Funding Activity"" for clarification)",NOTE: This is a Request for Information. There is no announcement related to this RFI. We are not accepting applications.,Other,17.401 - International Labor Programs,,,,,No,,Pilar Velasquez,202-693-4841,velasquez.pilar@dol.gov,,,2024-12-23,,Dec-23-2024 10:55:37 AM EST,Forecast 2,Forecasted,No,,"The U.S. Department of Labor’s (DOL) Bureau of International Affairs (ILAB) is seeking input to this Request for Information (RFI) to inform future programming focused on improving working conditions in the processing of E-waste. E-waste includes a wide range of electric and electronic devices, such as refrigerators and air conditioners, mobile phones and computers, solar panels, and medical devices.[1] This request is for information purposes only, to help ILAB gain a better understanding of working conditions in the processing of E-waste, including the collection of such materials, and how they are recycled, traced, or disposed of in a final state (such as burned or buried). This RFI seeks to identify efforts of businesses, governments, international organizations, worker organizations, NGOs, and other actors to create decent work[2] and promote fundamental labor rights in E-waste processing, including:
·        Freedom of association and the effective recognition of the right to collective bargaining.
·        Elimination of all forms of forced or compulsory labor.
·        Effective abolition of child labor.
·        Elimination of discrimination with respect to employment and occupation.
·        Ensuring a safe and healthy working environment.

This is not a funding opportunity announcement.

Responses to this RFI are voluntary. Respondents are not required to respond to all questions but may choose to do so. Responding to this RFI will not give an advantage to any organization or individual for any possible subsequent procurement action, nor will it lead to a future organizational conflict of interest related to a procurement action. Not responding to this RFI does not preclude participation in any future funding opportunity announcement, if any is issued. If a funding opportunity announcement is issued, it will be posted on www.sam.gov and/or www.grants.gov, and all interested parties must respond to that funding opportunity announcement separately from any response to this RFI.

ILAB may use any, all, or none of the information submitted in response to this RFI. Respondents must identify any information they consider to be sensitive or proprietary. Any information submitted will not be returned, and no payment will be made by the Government for information provided in response to this RFI. Respondents may submit information, along with their contact information, as Word or PDF documents in a single email not exceeding 45 MB.

[1] E-waste includes: (1) temperature controlling equipment (e.g., refrigerators and air conditioners), (2) screens and monitors (e.g., televisions and laptops), (3) lamps, (4) large equipment (e.g., washing machines, copying machines, and photovoltaic panels), (5) small equipment (e.g., electronic toys, microwave ovens, small medical devices, and e-cigarettes), and (6) small IT and telecommunications equipment (e.g., mobile phones and printers). See Forti V., Balde C.P., Kuehr R., Bel G. The Global E-waste Monitor 2020: Quantities, flows and the circular economy potential. United Nations University (UNU)/United Nations Institute for Training and Research (UNITAR) – co-hosted SCYCLE Programme, International Telecommunication Union (ITU) & International Solid Waste Association (ISWA), Bonn/Geneva/Rotterdam.

[2] According to the International Labor Organization, “decent work sums up the aspirations of people in their working lives. It involves opportunities for work that is productive and delivers a fair income, security in the workplace and social protection for all, better prospects for personal development and social integration, freedom for people to express their concerns, organize and participate in the decisions that affect their lives and equality of opportunity and treatment for all women and men.” See Decent work | International Labour Organization.

Responses to this RFI should be sent by email to Pilar Velasquez at velasquez.pilar@dol.gov no later than Monday, February 24, 2025, at 11:59PM EDT. Please include RFI Number RFI-ILAB-25-01 in the subject line. All inquiries concerning this RFI must be directed only to the email address specified.

Thank you for your interest in ILAB programs, and we look forward to your comments.
_______________________________________________________________________________________________________________________
 
Background
 
In 2020, the world generated 62 billion kg of E-waste, and it is projected to increase to 82 billion kg by 2030. However, only 17 percent of E-waste is processed, and in some cases, it is shipped illegally to other countries for processing.[1] Approximately 64 million people work in the waste management sector worldwide, and the number is expected to grow by 70 percent by 2030, particularly in E-waste processing.[2]
 
Workers, including women and children, perform a variety of activities in E-waste processing, such as collection, sorting, shredding, recycling, etc. E-waste contains metals such as gold, silver, and rare earth elements.[3] Handling E-waste exposes workers to hazardous materials such as cadmium, lead, mercury, and other toxic materials. In addition, communities next to landfills are affected by e-waste leaches into the soil, water, and air.[4]
 
The objective of this RFI is to inform ILAB’s future programming on working conditions on E-waste processing, and will be used to identify research gaps, promising approaches, practices, and policies to promote decent work in E-waste processing. ILAB seeks input, recommendations, and promising practices from a broader audience that works on E-waste processing, from research and policy to job creation and promoting decent work.
 
GUIDING QUESTIONS 
Understanding the Context 
 
• Is there any data on the number of workers who are involved in E-waste processing globally?
• Which countries are significantly involved in E-waste processing? How is the sector structured and how does it operate? Who is involved in E-waste processing and what are the working conditions like? What is its impact on health conditions of workers and communities nearby?
• How is E-waste transported across borders? Are there any supply-chain challenges related to E-waste?
• In what ways does the informality of E-waste processing increase labor exploitation and impact workers differently based on gender, age, ethnicity, vulnerability, or intersectionality factors?
• To what extent have these countries established laws and/or policies, or are in the process of doing so, to make this economic sector viable, ensure protections for workers in the sector, and promote decent work? Are there any E-waste laws and/or policies that have increased labor exploitation? What actions are needed to improve working conditions in E-waste processing?
 
 
Promising Practices 
 
• What are some examples of laws and/or policies that seek to make E-waste processing economically viable, provide protections for workers, and promote decent work?
• What are some examples of E-waste processing operations with high labor standards, and to what extent might the same capabilities be adopted in other countries?
• What are some examples of available evidence or research about working conditions in E-waste processing?
• What are some effective ways to engage with governments, businesses, workers, and other actors to improve working conditions in E-waste processing? Are there promising practices in adjacent sectors that could be applied to e-waste?
 
Opportunities
 
• Where are the best opportunities (by region, subsector or product) to improve working conditions in E-waste processing?
• How might we support efforts to formalize E-waste processing in a way that promotes labor rights and decent work?
• What role might DOL play to positively improve working conditions in E-waste processing?
• What other questions should we be asking?
 
Responses to this RFI should be sent by email to Pilar Velasquez at velasquez.pilar@dol.gov no later than February 24, 2025 at 11:59PM EDT. Please include RFI Number RFI-ILAB-25-01 in the subject line. Respondents may submit information, along with their contact information, as Word or PDF documents in a single email not exceeding 45 MB. All inquiries concerning this RFI must be directed only to the email addresses identified above.

[1] See World Health Organization. Children and digital dumpsites: e-waste exposure and child health, 2021. https://www.who.int/publications/i/item/9789240023901
[2] Ibid.
[3] Ibid. Also see, World Economic Forum. A New Circular Vision for Electronics Time for a Global Reboot, 2019. /www3.weforum.org/docs/WEF_A_New_Circular_Vision_for_Electronics.pdf
[4] See Rethink Waste. Electronic Waste (E-waste) Recycling. University of Richmond. https://rethinkwaste.richmond.edu/recycle/electronic-waste-recycling. ","Unrestricted (i.e., open to any type of entity above), subject to any clarification in text field entitled ""Additional Information on Eligibility""","the u.s. department of labor’s (dol) bureau of international affairs (ilab) is seeking input to this request for information (rfi) to inform future programming focused on improving working conditions in the processing of e-waste. e-waste includes a wide range of electric and electronic devices, such as refrigerators and air conditioners, mobile phones and computers, solar panels, and medical devices.[1] this request is for information purposes only, to help ilab gain a better understanding of working conditions in the processing of e-waste, including the collection of such materials, and how they are recycled, traced, or disposed of in a final state (such as burned or buried). this rfi seeks to identify efforts of businesses, governments, international organizations, worker organizations, ngos, and other actors to create decent work[2] and promote fundamental labor rights in e-waste processing, including:
·        freedom of association and the effective recognition of the right to collective bargaining.
·        elimination of all forms of forced or compulsory labor.
·        effective abolition of child labor.
·        elimination of discrimination with respect to employment and occupation.
·        ensuring a safe and healthy working environment.

this is not a funding opportunity announcement.

responses to this rfi are voluntary. respondents are not required to respond to all questions but may choose to do so. responding to this rfi will not give an advantage to any organization or individual for any possible subsequent procurement action, nor will it lead to a future organizational conflict of interest related to a procurement action. not responding to this rfi does not preclude participation in any future funding opportunity announcement, if any is issued. if a funding opportunity announcement is issued, it will be posted on www.sam.gov and/or www.grants.gov, and all interested parties must respond to that funding opportunity announcement separately from any response to this rfi.

ilab may use any, all, or none of the information submitted in response to this rfi. respondents must identify any information they consider to be sensitive or proprietary. any information submitted will not be returned, and no payment will be made by the government for information provided in response to this rfi. respondents may submit information, along with their contact information, as word or pdf documents in a single email not exceeding 45 mb.

[1] e-waste includes: (1) temperature controlling equipment (e.g., refrigerators and air conditioners), (2) screens and monitors (e.g., televisions and laptops), (3) lamps, (4) large equipment (e.g., washing machines, copying machines, and photovoltaic panels), (5) small equipment (e.g., electronic toys, microwave ovens, small medical devices, and e-cigarettes), and (6) small it and telecommunications equipment (e.g., mobile phones and printers). see forti v., balde c.p., kuehr r., bel g. the global e-waste monitor 2020: quantities, flows and the circular economy potential. united nations university (unu)/united nations institute for training and research (unitar) – co-hosted scycle programme, international telecommunication union (itu) & international solid waste association (iswa), bonn/geneva/rotterdam.

[2] according to the international labor organization, “decent work sums up the aspirations of people in their working lives. it involves opportunities for work that is productive and delivers a fair income, security in the workplace and social protection for all, better prospects for personal development and social integration, freedom for people to express their concerns, organize and participate in the decisions that affect their lives and equality of opportunity and treatment for all women and men.” see decent work | international labour organization.

responses to this rfi should be sent by email to pilar velasquez at velasquez.pilar@dol.gov no later than monday, february 24, 2025, at 11:59pm edt. please include rfi number rfi-ilab-25-01 in the subject line. all inquiries concerning this rfi must be directed only to the email address specified.

thank you for your interest in ilab programs, and we look forward to your comments.
_______________________________________________________________________________________________________________________
 
background
 
in 2020, the world generated 62 billion kg of e-waste, and it is projected to increase to 82 billion kg by 2030. however, only 17 percent of e-waste is processed, and in some cases, it is shipped illegally to other countries for processing.[1] approximately 64 million people work in the waste management sector worldwide, and the number is expected to grow by 70 percent by 2030, particularly in e-waste processing.[2]
 
workers, including women and children, perform a variety of activities in e-waste processing, such as collection, sorting, shredding, recycling, etc. e-waste contains metals such as gold, silver, and rare earth elements.[3] handling e-waste exposes workers to hazardous materials such as cadmium, lead, mercury, and other toxic materials. in addition, communities next to landfills are affected by e-waste leaches into the soil, water, and air.[4]
 
the objective of this rfi is to inform ilab’s future programming on working conditions on e-waste processing, and will be used to identify research gaps, promising approaches, practices, and policies to promote decent work in e-waste processing. ilab seeks input, recommendations, and promising practices from a broader audience that works on e-waste processing, from research and policy to job creation and promoting decent work.
 
guiding questions 
understanding the context 
 
• is there any data on the number of workers who are involved in e-waste processing globally?
• which countries are significantly involved in e-waste processing? how is the sector structured and how does it operate? who is involved in e-waste processing and what are the working conditions like? what is its impact on health conditions of workers and communities nearby?
• how is e-waste transported across borders? are there any supply-chain challenges related to e-waste?
• in what ways does the informality of e-waste processing increase labor exploitation and impact workers differently based on gender, age, ethnicity, vulnerability, or intersectionality factors?
• to what extent have these countries established laws and/or policies, or are in the process of doing so, to make this economic sector viable, ensure protections for workers in the sector, and promote decent work? are there any e-waste laws and/or policies that have increased labor exploitation? what actions are needed to improve working conditions in e-waste processing?
 
 
promising practices 
 
• what are some examples of laws and/or policies that seek to make e-waste processing economically viable, provide protections for workers, and promote decent work?
• what are some examples of e-waste processing operations with high labor standards, and to what extent might the same capabilities be adopted in other countries?
• what are some examples of available evidence or research about working conditions in e-waste processing?
• what are some effective ways to engage with governments, businesses, workers, and other actors to improve working conditions in e-waste processing? are there promising practices in adjacent sectors that could be applied to e-waste?
 
opportunities
 
• where are the best opportunities (by region, subsector or product) to improve working conditions in e-waste processing?
• how might we support efforts to formalize e-waste processing in a way that promotes labor rights and decent work?
• what role might dol play to positively improve working conditions in e-waste processing?
• what other questions should we be asking?
 
responses to this rfi should be sent by email to pilar velasquez at velasquez.pilar@dol.gov no later than february 24, 2025 at 11:59pm edt. please include rfi number rfi-ilab-25-01 in the subject line. respondents may submit information, along with their contact information, as word or pdf documents in a single email not exceeding 45 mb. all inquiries concerning this rfi must be directed only to the email addresses identified above.

[1] see world health organization. children and digital dumpsites: e-waste exposure and child health, 2021. https://www.who.int/publications/i/item/9789240023901
[2] ibid.
[3] ibid. also see, world economic forum. a new circular vision for electronics time for a global reboot, 2019. /www3.weforum.org/docs/wef_a_new_circular_vision_for_electronics.pdf
[4] see rethink waste. electronic waste (e-waste) recycling. university of richmond. https://rethinkwaste.richmond.edu/recycle/electronic-waste-recycling. ",True,False
"=HYPERLINK(""https://www.grants.gov/search-results-detail/357869"",""72067425RFA00002"")",HIV Prevention Among Adolescent Girls and Young Women and Other Vulnerable Youth Populations - DREAMS South,USAID-SAF,South Africa USAID-Pretoria,Health,,Cooperative Agreement,98.001 - USAID Foreign Assistance for Programs Overseas,,1.0,58000000,0,Yes,,"Alejandra Garcia
Grantor",,pretoriaapplications@usaid.gov,,,2024-12-20,01/20/2025,Jan-27-2025 07:57:33 AM EST,Synopsis 3,Closed,Yes,No,"The goal of the Activity ""HIV Prevention Among Adolescent Girls and Young Women and Other Vulnerable Youth Populations - DREAMS South"" is to: substantially lower HIV incidence among adolescent girls and young women (AGYW) ages 10-24 in the below geographic areas of highest HIV incidence and prevalence. It is envisioned that this goal will be achieved by improving AGYW access to a comprehensive package of evidence-based/informed, age-appropriate prevention interventions that address biological, behavioral, and socio-economic determinants of HIV risk, and by prioritizing the supply of contraception, STI treatment, and Post Exposure Prophylaxis (PEP).

﻿This Activity is anticipated to encompass four provinces: KwaZulu Natal (King Cetshwayo and Ugu), Free State (Lejweleputswa and Thabo Mofutsanyane), Eastern Cape (Alfred Nzo and Buffalo City), and Western Cape (City of Cape Town)","Others (see text field entitled ""Additional Information on Eligibility"" for clarification)","the goal of the activity ""hiv prevention among adolescent girls and young women and other vulnerable youth populations - dreams south"" is to: substantially lower hiv incidence among adolescent girls and young women (agyw) ages 10-24 in the below geographic areas of highest hiv incidence and prevalence. it is envisioned that this goal will be achieved by improving agyw access to a comprehensive package of evidence-based/informed, age-appropriate prevention interventions that address biological, behavioral, and socio-economic determinants of hiv risk, and by prioritizing the supply of contraception, sti treatment, and post exposure prophylaxis (pep).

﻿this activity is anticipated to encompass four provinces: kwazulu natal (king cetshwayo and ugu), free state (lejweleputswa and thabo mofutsanyane), eastern cape (alfred nzo and buffalo city), and western cape (city of cape town)",True,False
"=HYPERLINK(""https://www.grants.gov/search-results-detail/357863"",""STI-400-25-CA-0001"")",Implementation of the Academy of Women Entrepreneurs (AWE),DOS-TJK,U.S. Mission to Tajikistan,"Other (see text field entitled ""Explanation of Other Category of Funding Activity"" for clarification)","The U.S. Department of State’s Embassy Dushanbe, Tajikistan announces an open competition to implement the Academy for Women Entrepreneurs (AWE) in Tajikistan, a program that seeks to elevate the economic livelihood of 25-30 women in Tajikistan. Strong proposals will focus on empowering women in one region of Tajikistan: Khatlon or Gorno-Badakhshan Autonomous Oblast (GBAO).  

 

The Academy of Women Entrepreneurs (AWE) is a global program that was established by the U.S. State Department's Bureau of Educational and Cultural Affairs in 2019, providing women with the professional skills, knowledge, networks, and access to launch or scale successful businesses.  Cohorts of approximately 25-30 women meet online and in-person to learn core business skills such as strategic planning, marketing, and finance, discussing the material with local facilitators, business leaders, and U.S. exchange alumni mentors.",Cooperative Agreement,19.022 - Educational and Cultural Exchange Programs Appropriation Overseas Grants,35000.0,1.0,35000,25000,No,https://tj.usembassy.gov/,"Shafoat Mirzoeva
Grantor",,AlumniTajikistan@state.gov,,,2024-12-20,01/20/2025,Dec-20-2024 06:30:36 AM EST,Synopsis 4,Archived,No,Yes,"
Project Background, Goals, and Objectives 

The U.S. Embassy Dushanbe’s Public Diplomacy Section (PDS) announces an open competition to implement the second cohort of the Academy for Women Entrepreneurs (AWE) in Tajikistan. The AWE program, established by the U.S. State Department's Bureau of Educational and Cultural Affairs (ECA) in 2019, aims to provide women with the knowledge, networks, and access needed to launch or scale successful businesses. The program uses the no-cost, online DreamBuilder platform, developed in partnership with Arizona State University and Freeport-McMoRan. The DreamBuilder platform teaches participants the fundamentals of starting or growing a small business from a U.S. perspective, offering modules on marketing, pricing, and bookkeeping, and includes a built-in business plan generator. By promoting women’s economic opportunities and ensuring that women have the capabilities and resources to participate in the economy, the AWE program directly supports the U.S. National Strategy on Gender Equity and Equality. 

The Gorno-Badakhshan Autonomous Region (GBAO) and Khatlon regions of Tajikistan have significant potential for economic development, particularly through the empowerment of women entrepreneurs. Despite recent progress, women in these regions face numerous challenges, including limited access to financial resources, business training, and market opportunities. Cultural and social barriers also hinder women’s participation in the entrepreneurial ecosystem. 

These regions have been particularly associated with a large population of labor migrants. Approximately 30% of the working-age population in GBAO and 25% in Khatlon are engaged in labor migration, primarily to Russia and other neighboring countries. This migration trend significantly impacts the local economy and the availability of human resources, particularly affecting women who often remain behind to manage households and seek alternative income sources. 

Project Goal:  

Increase participation of women entrepreneurs in Tajikistan’s GBAO and Khatlon regions’ local economy by offering a U.S.-style online education facilitated and localized by State Department exchange alumni and local partners. The project aims to foster networks for peer-to-peer mentorship, business partnerships, and scale opportunities with regional and U.S. businesses. 
 
Project Objectives: Project proposals may address one or more of the project themes listed below. Applicants are encouraged to incorporate all the objectives listed under a selected theme.  
 

Empower Women Entrepreneurs through Training and Skills Development 


Improve women entrepreneurs’ confidence and motivation in pursuing and growing their businesses, as measured by 90% improvement in self-reported confidence levels by the end of the training.  
Increase the ability of women to create and grow their businesses, resulting in 50% of participants launching a registered business or scaling up their business within 6 months of completing the program. 
Promote the use of technology and digital tools among women entrepreneurs, resulting in at least 90% of participants actively using two or more digital tools in their businesses Digital tools include but are not limited to: e-commerce platforms, social media marketing, financial management software, and more). 


Enhance Awareness and Access to Business Opportunities and Funding 


Increase women entrepreneurs’ awareness and knowledge of business opportunities in Tajikistan, resulting in at least 90% of participants applying for at least one business opportunity within three months of completing the training. 
Increase the capacity of 15-20 of women entrepreneurs to apply for funding opportunities, including grants, loans, and investments, resulting in at least 50% of participants applying for funding within six months of completing the training and 50% of participants receiving funding approval to fuel their business growth. 

 
Project Audience 

Women aged 18 to 45. 
Women from Khatlon or GBAO regions. 
Holding high school and/or university degrees. 
Approximately 1-2 years of business experience. 
Motivation to start or scale a long-term business or entrepreneurial activity. 
From diverse backgrounds in GBAO or Khatlon regions of Tajikistan. 
Minimum intermediate computer skills. 
Proven leadership experience. 
Ideally experience volunteering in local communities. 
Some English proficiency preferred, but not required. 

 
For more information, please see the attached Full NOFO in PDF version.
","Others (see text field entitled ""Additional Information on Eligibility"" for clarification)","
project background, goals, and objectives 

the u.s. embassy dushanbe’s public diplomacy section (pds) announces an open competition to implement the second cohort of the academy for women entrepreneurs (awe) in tajikistan. the awe program, established by the u.s. state department's bureau of educational and cultural affairs (eca) in 2019, aims to provide women with the knowledge, networks, and access needed to launch or scale successful businesses. the program uses the no-cost, online dreambuilder platform, developed in partnership with arizona state university and freeport-mcmoran. the dreambuilder platform teaches participants the fundamentals of starting or growing a small business from a u.s. perspective, offering modules on marketing, pricing, and bookkeeping, and includes a built-in business plan generator. by promoting women’s economic opportunities and ensuring that women have the capabilities and resources to participate in the economy, the awe program directly supports the u.s. national strategy on gender equity and equality. 

the gorno-badakhshan autonomous region (gbao) and khatlon regions of tajikistan have significant potential for economic development, particularly through the empowerment of women entrepreneurs. despite recent progress, women in these regions face numerous challenges, including limited access to financial resources, business training, and market opportunities. cultural and social barriers also hinder women’s participation in the entrepreneurial ecosystem. 

these regions have been particularly associated with a large population of labor migrants. approximately 30% of the working-age population in gbao and 25% in khatlon are engaged in labor migration, primarily to russia and other neighboring countries. this migration trend significantly impacts the local economy and the availability of human resources, particularly affecting women who often remain behind to manage households and seek alternative income sources. 

project goal:  

increase participation of women entrepreneurs in tajikistan’s gbao and khatlon regions’ local economy by offering a u.s.-style online education facilitated and localized by state department exchange alumni and local partners. the project aims to foster networks for peer-to-peer mentorship, business partnerships, and scale opportunities with regional and u.s. businesses. 
 
project objectives: project proposals may address one or more of the project themes listed below. applicants are encouraged to incorporate all the objectives listed under a selected theme.  
 

empower women entrepreneurs through training and skills development 


improve women entrepreneurs’ confidence and motivation in pursuing and growing their businesses, as measured by 90% improvement in self-reported confidence levels by the end of the training.  
increase the ability of women to create and grow their businesses, resulting in 50% of participants launching a registered business or scaling up their business within 6 months of completing the program. 
promote the use of technology and digital tools among women entrepreneurs, resulting in at least 90% of participants actively using two or more digital tools in their businesses digital tools include but are not limited to: e-commerce platforms, social media marketing, financial management software, and more). 


enhance awareness and access to business opportunities and funding 


increase women entrepreneurs’ awareness and knowledge of business opportunities in tajikistan, resulting in at least 90% of participants applying for at least one business opportunity within three months of completing the training. 
increase the capacity of 15-20 of women entrepreneurs to apply for funding opportunities, including grants, loans, and investments, resulting in at least 50% of participants applying for funding within six months of completing the training and 50% of participants receiving funding approval to fuel their business growth. 

 
project audience 

women aged 18 to 45. 
women from khatlon or gbao regions. 
holding high school and/or university degrees. 
approximately 1-2 years of business experience. 
motivation to start or scale a long-term business or entrepreneurial activity. 
from diverse backgrounds in gbao or khatlon regions of tajikistan. 
minimum intermediate computer skills. 
proven leadership experience. 
ideally experience volunteering in local communities. 
some english proficiency preferred, but not required. 

 
for more information, please see the attached full nofo in pdf version.
",True,False
"=HYPERLINK(""https://www.grants.gov/search-results-detail/357886"",""SM-25-014"")",National Women’s Mental Health and Substance Use Technical Assistance Center,HHS-SAMHS-SAMHSA,Substance Abuse and Mental Health Services Adminis,Health,,Cooperative Agreement,93.243 - Substance Abuse and Mental Health Services Projects of Regional and National Significance,12500000.0,1.0,2500000,0,No,https://www.samhsa.gov/grants/grant-announcements/sm-25-014,"Office of Financial Resources
Division of Grants Management
240-276-1940",,NOFO_Budget_Inquiries@samhsa.hhs.gov,,,2024-12-20,02/18/2025,Dec-23-2024 02:56:58 PM EST,Synopsis 2,Archived,Yes,Yes,"The purpose of this program is to enhance the capacity of healthcare providers serving women across the nation in the core health specialties of mental health (MH) and substance use (SU), obstetrics/gynecology (OB/GYN), pediatrics, emergency services, crisis services, and primary care to address the diverse needs of women with, or at risk for mental and substance use disorders (SUD), including those who were greatly impacted by COVID-19.","Others (see text field entitled ""Additional Information on Eligibility"" for clarification)","the purpose of this program is to enhance the capacity of healthcare providers serving women across the nation in the core health specialties of mental health (mh) and substance use (su), obstetrics/gynecology (ob/gyn), pediatrics, emergency services, crisis services, and primary care to address the diverse needs of women with, or at risk for mental and substance use disorders (sud), including those who were greatly impacted by covid-19.",True,False
"=HYPERLINK(""https://www.grants.gov/search-results-detail/357779"",""LUXEM-PDS-FY25-01"")",Alumni Engagement Innovation Fund 2025,DOS-LUX,U.S. Mission to Luxembourg,"Other (see text field entitled ""Explanation of Other Category of Funding Activity"" for clarification)","Overall grant making authority for this program is contained in the Mutual Educational and Cultural Exchange Act of 1961, Public Law 87-256, as amended, also known as the Fulbright-Hays Act.",Grant,19.022 - Educational and Cultural Exchange Programs Appropriation Overseas Grants,,,25000,5000,No,https://lu.usembassy.gov/grants-program/,"If you have difficulty accessing the full announcement electronically, please contact:",,LuxembourgGrants@state.gov,,,2024-12-18,02/01/2025,Dec-18-2024 04:19:49 AM EST,Synopsis 1,Archived,No,Yes,"The Public Diplomacy Section of the U.S. Embassy Luxembourg announces an open competition for past participants (“alumni”) of U.S. government-funded and U.S. government-sponsored exchange programs to submit applications to the 2025 Alumni Engagement Innovation Fund (AEIF 2025). We seek proposals from teams of at least two alumni that meet all program eligibility requirements below. Exchange alumni interested in participating in AEIF 2025 should submit proposals to LuxembourgGrants@state.gov by 1 February 2025.

Priority Region: Luxembourg

Program Objectives:
AEIF provides alumni of U.S. government-sponsored and facilitated exchange programs with funding to expand on skills gained during their exchange experience to design and implement innovative solutions to global challenges facing their community. Since its inception in 2011, AEIF has funded nearly 500 alumni-led projects around the world through a competitive global competition.

U.S. Embassy Luxembourg will accept public service projects proposed and managed by teams of at least two (2) alumni that support themes such as:

Bolstering shared security and defense
Advancing shared values, Advancing women and girl’s empowerment
Reinforcing Democratic Values and Human Rights
Engaging students in English and promoting Educational Opportunities
Accelerating STEM and Climate Ambitions
Fostering U.S.-Luxembourg transatlantic ties, particularly through our shared history


Please review the complete NOFO on the Funding Opportunities page on our website: https://lu.usembassy.gov/grants-program/ or in the related documents tab on the announcement on grants.gov for information on how to submit an application.","Others (see text field entitled ""Additional Information on Eligibility"" for clarification)","the public diplomacy section of the u.s. embassy luxembourg announces an open competition for past participants (“alumni”) of u.s. government-funded and u.s. government-sponsored exchange programs to submit applications to the 2025 alumni engagement innovation fund (aeif 2025). we seek proposals from teams of at least two alumni that meet all program eligibility requirements below. exchange alumni interested in participating in aeif 2025 should submit proposals to luxembourggrants@state.gov by 1 february 2025.

priority region: luxembourg

program objectives:
aeif provides alumni of u.s. government-sponsored and facilitated exchange programs with funding to expand on skills gained during their exchange experience to design and implement innovative solutions to global challenges facing their community. since its inception in 2011, aeif has funded nearly 500 alumni-led projects around the world through a competitive global competition.

u.s. embassy luxembourg will accept public service projects proposed and managed by teams of at least two (2) alumni that support themes such as:

bolstering shared security and defense
advancing shared values, advancing women and girl’s empowerment
reinforcing democratic values and human rights
engaging students in english and promoting educational opportunities
accelerating stem and climate ambitions
fostering u.s.-luxembourg transatlantic ties, particularly through our shared history


please review the complete nofo on the funding opportunities page on our website: https://lu.usembassy.gov/grants-program/ or in the related documents tab on the announcement on grants.gov for information on how to submit an application.",True,False
"=HYPERLINK(""https://www.grants.gov/search-results-detail/357778"",""PDS-004-FY2025"")","U.S. Embassy Ethiopia, PD Request for Statement of Interest",DOS-ETH,U.S. Mission to Ethiopia,"Other (see text field entitled ""Explanation of Other Category of Funding Activity"" for clarification)",Public Diplomacy,Cooperative Agreement; Grant,19.022 - Educational and Cultural Exchange Programs Appropriation Overseas Grants; 19.040 - Public Diplomacy Programs; 19.441 - ECA ��� American Spaces,200000.0,5.0,100000,25000,No,,"Mission Addis Ababa, Public Diplomacy Grants Management Team 
addispasapsgrants@state.gov",,addispasapsgrants@state.gov,,,2024-12-18,01/31/2025,Dec-18-2024 04:02:08 AM EST,Synopsis 1,Archived,Yes,Yes,"PD Ethiopia invites SOIs for programs that strengthen cultural ties between the United States and Ethiopiathrough cultural, media, and exchange and programs that highlight shared values and promote bilateralcooperation. All programs must include an American cultural element or connection with U.S. experts,organizations, or institutions that will promote increased understanding of U.S. policies, values, andperspectives.PD grant programs include, but are not limited to:• Academic and professional lectures, seminars, and speaker programs• Artistic and cultural workshops, performances, and exhibitions• Programs developed by alumni of U.S.- sponsored exchange and programs• Programs that strengthen relationships between Ethiopian and U.S. universities, businesses, and/ororganizations• Media trainingThis request for SOIs is intended to inform individuals, non-governmental organizations, think tanks, andacademic institutions about opportunities from the Public Diplomacy section to support projects in at leastone of the following thematic areas:• Efforts to support Ethiopia’s economic and political reforms, including support for civil society,democracy, and governance, and/or election processes• Helping media professionals, media educators, and the public learn how to discern reliable sources ofinformation and identify misinformation and disinformation, etc.• Promoting economic growth, especially via entrepreneurship, innovation, and promoting educationabout Science, Technology, Engineering, Arts, and Mathematics (STEAM)• Engaging emerging and under-represented populations, including youth, women, and persons withdisabilities through leadership, education, English language, culture, and other programs• Promoting tolerance and peace through reintegration and reincorporation of under-representedpopulations including youth, women, persons with disabilities, and Internally Displaced Persons (IDPs)• Promoting fair and peaceful elections• Promoting effective leadership and civic engagement• Promoting sustainable policies to protect the environment","Others (see text field entitled ""Additional Information on Eligibility"" for clarification)","pd ethiopia invites sois for programs that strengthen cultural ties between the united states and ethiopiathrough cultural, media, and exchange and programs that highlight shared values and promote bilateralcooperation. all programs must include an american cultural element or connection with u.s. experts,organizations, or institutions that will promote increased understanding of u.s. policies, values, andperspectives.pd grant programs include, but are not limited to:• academic and professional lectures, seminars, and speaker programs• artistic and cultural workshops, performances, and exhibitions• programs developed by alumni of u.s.- sponsored exchange and programs• programs that strengthen relationships between ethiopian and u.s. universities, businesses, and/ororganizations• media trainingthis request for sois is intended to inform individuals, non-governmental organizations, think tanks, andacademic institutions about opportunities from the public diplomacy section to support projects in at leastone of the following thematic areas:• efforts to support ethiopia’s economic and political reforms, including support for civil society,democracy, and governance, and/or election processes• helping media professionals, media educators, and the public learn how to discern reliable sources ofinformation and identify misinformation and disinformation, etc.• promoting economic growth, especially via entrepreneurship, innovation, and promoting educationabout science, technology, engineering, arts, and mathematics (steam)• engaging emerging and under-represented populations, including youth, women, and persons withdisabilities through leadership, education, english language, culture, and other programs• promoting tolerance and peace through reintegration and reincorporation of under-representedpopulations including youth, women, persons with disabilities, and internally displaced persons (idps)• promoting fair and peaceful elections• promoting effective leadership and civic engagement• promoting sustainable policies to protect the environment",True,False
"=HYPERLINK(""https://www.grants.gov/search-results-detail/357730"",""PAR-25-311"")","Leveraging Network Infrastructure to Conduct Innovative Research for Women, Children, Pregnant and Lactating Women, and Persons with Disabilities (UG3/UH3 - Clinical Trial Optional)",HHS-NIH11,National Institutes of Health,Health; Income Security and Social Services,,Cooperative Agreement,93.313 - NIH Office of Research on Women's Health; 93.865 - Child Health and Human Development Extramural Research,,,6250000,none,No,http://grants.nih.gov/grants/guide/pa-files/PAR-25-311.html,"NIH Grants Information
grantsinfo@nih.gov",,grantsinfo@nih.gov,,,2024-12-16,11/15/2027,Mar-31-2025 05:04:34 PM EST,Synopsis 3,Posted,Yes,No,"The purpose of this Notice of Funding Opportunity (NOFO) is to leverage NICHD clinical research Network infrastructure relevant to infants, children, women, pregnant and lactating women, and persons with disabilities to conduct innovative, multisite, investigator-initiated clinical trials and observational studies. This NOFO will utilize a bi-phasic (UG3/UH3), milestone-driven mechanism consisting of a start-up phase (UG3) and a full enrollment and clinical trial implementation phase (UH3). Applications submitted in response to this NOFO must address specific aims and milestones for both the UG3 and UH3 phases. A UG3 project (phase I) that meets its milestones will be administratively considered by NICHD and prioritized for transition to the UH3 award (phase II). This NOFO provides an opportunity to leverage NICHD clinical research Network infrastructure as a platform for investigator-initiated innovative hypotheses by any investigator in the extramural community. Applications must be submitted as investigator-initiated, multi-Project Director/Principal Investigator (PD/PI) grant applications in conjunction with the respective NICHD-supported Network Data Coordinating Center (DCC), or equivalent as determined by the NICHD.","State governments; County governments; City or township governments; Special district governments; Independent school districts; Public and State controlled institutions of higher education; Native American tribal governments (Federally recognized); Public housing authorities/Indian housing authorities; Native American tribal organizations (other than Federally recognized tribal governments); Nonprofits having a 501(c)(3) status with the IRS, other than institutions of higher education; Nonprofits that do not have a 501(c)(3) status with the IRS, other than institutions of higher education; Private institutions of higher education; For profit organizations other than small businesses; Small businesses; Others (see text field entitled ""Additional Information on Eligibility"" for clarification)","the purpose of this notice of funding opportunity (nofo) is to leverage nichd clinical research network infrastructure relevant to infants, children, women, pregnant and lactating women, and persons with disabilities to conduct innovative, multisite, investigator-initiated clinical trials and observational studies. this nofo will utilize a bi-phasic (ug3/uh3), milestone-driven mechanism consisting of a start-up phase (ug3) and a full enrollment and clinical trial implementation phase (uh3). applications submitted in response to this nofo must address specific aims and milestones for both the ug3 and uh3 phases. a ug3 project (phase i) that meets its milestones will be administratively considered by nichd and prioritized for transition to the uh3 award (phase ii). this nofo provides an opportunity to leverage nichd clinical research network infrastructure as a platform for investigator-initiated innovative hypotheses by any investigator in the extramural community. applications must be submitted as investigator-initiated, multi-project director/principal investigator (pd/pi) grant applications in conjunction with the respective nichd-supported network data coordinating center (dcc), or equivalent as determined by the nichd.",True,False
"=HYPERLINK(""https://www.grants.gov/search-results-detail/357719"",""PD-FY25-CANADA-AWE"")",2025 Academy for Women Entrepreneurs Canada (AWE),DOS-CAN,U.S. Mission to Canada,"Other (see text field entitled ""Explanation of Other Category of Funding Activity"" for clarification)","Overall grant making authority for this program is contained in the Mutual Educational and Cultural Exchange Act of 1961, Public Law 87-256, as amended, also known as the Fulbright-Hays Act.",Cooperative Agreement,19.022 - Educational and Cultural Exchange Programs Appropriation Overseas Grants,35000.0,1.0,35000,25000,No,https://ca.usembassy.gov/education/#funding,Grants Officer,,ottawa-pa@state.gov,,,2024-12-16,01/15/2025,Dec-16-2024 01:11:30 PM EST,Synopsis 10,Archived,No,Yes,"U.S. Embassy Ottawa announces an open competition for organizations to submit applications to implement the 2025 Academy for Women Entrepreneurs (AWE) in Montreal, Canada.  
 
AWE is a U.S. Department of State-led initiative established in 2019 to provide women with the professional skills, knowledge, networks, and access to launch or scale successful businesses. Cohorts of approximately 30 women meet online and in-person to learn core business skills such as strategic planning, marketing, and finance, then discuss the material with local facilitators, business leaders, and U.S. exchange alumni mentors. 
 
Through its partnerships with Arizona State University’s Thunderbird School for Global Management, AWE utilizes no-cost, online learning platforms. Used by AWE since 2019 in partnership with ASU & Freeport-McMoRan, DreamBuilder -- available in English and Spanish -- teaches participants the fundamentals of starting or growing a small business from a U.S. perspective, offering modules on marketing, pricing, and bookkeeping, and includes a built-in business plan generator. The Najafi 100 Million Learners Global Initiative provides more advanced curriculum and can be used alongside or instead of DreamBuilder. 
 
U.S. Embassy Ottawa invites proposals to design and implement the Academy for Women Entrepreneurs in Montreal, Quebec, through a, through a training program in fall of 2025 to train 30 women business owners from under-represented backgrounds in Montreal and the broader province of Quebec. The program, in English or French will follow a hybrid model, combining the U.S. online platforms DreamBuilder and/or Thunderbird’s 100 Million Learners courses, with localized in-person mentorship and facilitation. Successful projects will harness the power of U.S. exchange alumni and/or alumni networks to help participating women and their business grow. 

Eligible Applicants
The following are eligible to apply: 
·        U.S. and Canadian registered not-for-profit organizations, including think tanks, community associations, and civil society/non-governmental organizations with programming experience  
·        Alumni of U.S. government funded and U.S. government-sponsored exchange programs in Canada  
·        Non-profit media organizations 
·        Professional trade organizations  
·        Non-profit or governmental educational institutions 
·        Private educational institutions 
 
For-profit or commercial entities are not eligible to apply. 

﻿Program Objectives:  
 
·        Train 30 women entrepreneurs from under-represented backgrounds in foundational business skills, including strategic planning, marketing, and finance, through globally recognized curricula like DreamBuilder  and/or the Najafi 100 Million Learners Global Initiative .
·        Empower program participants to create scalable business models.    
·        Expand participants’ understanding of social enterprise models.  
·        Foster participants’ ability to promote economic opportunities for women and increase the number of women-led businesses in Canada.  
·        Facilitate the development of a network of female entrepreneurs and investors in Canada to grow women businesses and drive local partnerships 
·        Foster alumni engagement through follow-on activities. 

All application materials must be submitted by email to Ottawa-PA@state.gov","Others (see text field entitled ""Additional Information on Eligibility"" for clarification)","u.s. embassy ottawa announces an open competition for organizations to submit applications to implement the 2025 academy for women entrepreneurs (awe) in montreal, canada.  
 
awe is a u.s. department of state-led initiative established in 2019 to provide women with the professional skills, knowledge, networks, and access to launch or scale successful businesses. cohorts of approximately 30 women meet online and in-person to learn core business skills such as strategic planning, marketing, and finance, then discuss the material with local facilitators, business leaders, and u.s. exchange alumni mentors. 
 
through its partnerships with arizona state university’s thunderbird school for global management, awe utilizes no-cost, online learning platforms. used by awe since 2019 in partnership with asu & freeport-mcmoran, dreambuilder -- available in english and spanish -- teaches participants the fundamentals of starting or growing a small business from a u.s. perspective, offering modules on marketing, pricing, and bookkeeping, and includes a built-in business plan generator. the najafi 100 million learners global initiative provides more advanced curriculum and can be used alongside or instead of dreambuilder. 
 
u.s. embassy ottawa invites proposals to design and implement the academy for women entrepreneurs in montreal, quebec, through a, through a training program in fall of 2025 to train 30 women business owners from under-represented backgrounds in montreal and the broader province of quebec. the program, in english or french will follow a hybrid model, combining the u.s. online platforms dreambuilder and/or thunderbird’s 100 million learners courses, with localized in-person mentorship and facilitation. successful projects will harness the power of u.s. exchange alumni and/or alumni networks to help participating women and their business grow. 

eligible applicants
the following are eligible to apply: 
·        u.s. and canadian registered not-for-profit organizations, including think tanks, community associations, and civil society/non-governmental organizations with programming experience  
·        alumni of u.s. government funded and u.s. government-sponsored exchange programs in canada  
·        non-profit media organizations 
·        professional trade organizations  
·        non-profit or governmental educational institutions 
·        private educational institutions 
 
for-profit or commercial entities are not eligible to apply. 

﻿program objectives:  
 
·        train 30 women entrepreneurs from under-represented backgrounds in foundational business skills, including strategic planning, marketing, and finance, through globally recognized curricula like dreambuilder  and/or the najafi 100 million learners global initiative .
·        empower program participants to create scalable business models.    
·        expand participants’ understanding of social enterprise models.  
·        foster participants’ ability to promote economic opportunities for women and increase the number of women-led businesses in canada.  
·        facilitate the development of a network of female entrepreneurs and investors in canada to grow women businesses and drive local partnerships 
·        foster alumni engagement through follow-on activities. 

all application materials must be submitted by email to ottawa-pa@state.gov",True,False
"=HYPERLINK(""https://www.grants.gov/search-results-detail/357727"",""PDS-002-FY2025"")","Academy for Women Entrepreneurs, FY2025",DOS-ETH,U.S. Mission to Ethiopia,"Other (see text field entitled ""Explanation of Other Category of Funding Activity"" for clarification)",Public Diplomacy,Cooperative Agreement,19.022 - Educational and Cultural Exchange Programs Appropriation Overseas Grants,35000.0,1.0,35000,15000,No,,"PD Addis Grants Team
PASAddisGrants@state.gov",,PASAddisGrants@state.gov,,,2024-12-16,01/23/2025,Dec-16-2024 01:50:16 AM EST,Synopsis 2,Archived,Yes,Yes,"A global initiative, AWE provides resources to support the social and economic empowerment of women including the skills, networks, and opportunities needed to compete in the Ethiopian and global economy. Eligible applicants include not-for-profit organizations (such as think tanks and civil society/non-governmental organizations), public and private educational institutions, and public international organizations and governmental institutions. Cost-sharing or matching funding is not required.

Note: We strongly encourage applicants to incorporate digital literacy training into their FY2025 AWE program proposals to enhance participants' technical skills and digital access.

ECA launched AWE in 2019 to help women develop the skills and networks needed to start and grow businesses. Participants learn skills like strategic planning, marketing, and finance through online and in-person sessions, with guidance from business leaders and U.S. exchange alumni mentors. In partnership with Arizona State University’s Thunderbird School for Global Management, AWE uses no-cost platforms like DreamBuilder and the Najafi 100 Million Learners Global Initiative  to deliver course content.
DreamBuilder, created by ASU and Freeport-McMoRan, offers modules on marketing, pricing, and bookkeeping, plus a business plan generator. Available in English and Spanish, it supports local language mentoring; the Najafi 100 Million Learners Global Initiative available in 40 languages, provides a more advanced curriculum on entrepreneurship and innovation. Proposals must choose either DreamBuilder or 100 Million Learners for their curriculum.
The proposals should meet the following objectives: 
 
●          Increase participants’ understanding of business planning and scaling up operations 
●          Connect participants with U.S.-based business experts and share U.S. models of running enterprises 
●          Build a network of female entrepreneurs that is committed to supporting and promoting relationships that help grow businesses and drive local partnerships, and 
●          Equip participants with skills and knowledge to build sustainable businesses. 
 
Applicants are encouraged to include digital skills and English language training in their proposals.  
 
Applicants are encouraged to train startups, beginner entrepreneurs, and mid-career entrepreneurs in Addis Ababa and other major regional cities where the U.S. Embassy maintains American Corners, including Jimma, Dire Dawa, Mekelle, and Bahir Dar.","Others (see text field entitled ""Additional Information on Eligibility"" for clarification)","a global initiative, awe provides resources to support the social and economic empowerment of women including the skills, networks, and opportunities needed to compete in the ethiopian and global economy. eligible applicants include not-for-profit organizations (such as think tanks and civil society/non-governmental organizations), public and private educational institutions, and public international organizations and governmental institutions. cost-sharing or matching funding is not required.

note: we strongly encourage applicants to incorporate digital literacy training into their fy2025 awe program proposals to enhance participants' technical skills and digital access.

eca launched awe in 2019 to help women develop the skills and networks needed to start and grow businesses. participants learn skills like strategic planning, marketing, and finance through online and in-person sessions, with guidance from business leaders and u.s. exchange alumni mentors. in partnership with arizona state university’s thunderbird school for global management, awe uses no-cost platforms like dreambuilder and the najafi 100 million learners global initiative  to deliver course content.
dreambuilder, created by asu and freeport-mcmoran, offers modules on marketing, pricing, and bookkeeping, plus a business plan generator. available in english and spanish, it supports local language mentoring; the najafi 100 million learners global initiative available in 40 languages, provides a more advanced curriculum on entrepreneurship and innovation. proposals must choose either dreambuilder or 100 million learners for their curriculum.
the proposals should meet the following objectives: 
 
●          increase participants’ understanding of business planning and scaling up operations 
●          connect participants with u.s.-based business experts and share u.s. models of running enterprises 
●          build a network of female entrepreneurs that is committed to supporting and promoting relationships that help grow businesses and drive local partnerships, and 
●          equip participants with skills and knowledge to build sustainable businesses. 
 
applicants are encouraged to include digital skills and english language training in their proposals.  
 
applicants are encouraged to train startups, beginner entrepreneurs, and mid-career entrepreneurs in addis ababa and other major regional cities where the u.s. embassy maintains american corners, including jimma, dire dawa, mekelle, and bahir dar.",True,False
"=HYPERLINK(""https://www.grants.gov/search-results-detail/355903"",""RFA-PS-25-112"")",PEP Packs: Postexposure Prophylaxis Packs for Immediate Access to HIV and Sexually Transmitted Infection Prevention,HHS-CDC-HHSCDCERA,Centers for Disease Control and Prevention - ERA,Health,,Cooperative Agreement,"93.084 - Prevention of Disease, Disability, and Death by Infectious Diseases",4800000.0,1.0,1200000,900000,No,,"Jocelyn Patterson Mosley
JPatterson@cdc.gov",,JPatterson@cdc.gov,,,2024-12-13,02/19/2025,Dec-13-2024 03:17:21 PM EST,Synopsis 1,Archived,Yes,Yes,"The purpose of this notice of funding opportunity (NOFO) is to support an implementation research study. In this study, optimal strategies will be assessed for a postexposure prophylaxis (PEP) in pocket (PiP) approach for prevention of HIV and sexually transmitted infections (STIs) among disproportionately affected populations, for example, gay, bisexual, and other men who have sex with men (MSM) and transgender women (TGW). The recipient will implement and evaluate a comprehensive strategy to integrate PEP packs as a component of existing PrEP and STI clinical services. PEP packs will include a supply of antiretroviral medication for nonoccupational PEP (nPEP), doxycycline for STI PEP (DoxyPEP), HIV and STI self-test kits, and instruction materials. Study clinics should be in communities with high rates of HIV diagnoses among disproportionately affected populations, for example, Black and Hispanic MSM and TGW.","State governments; County governments; City or township governments; Special district governments; Independent school districts; Public and State controlled institutions of higher education; Native American tribal governments (Federally recognized); Public housing authorities/Indian housing authorities; Native American tribal organizations (other than Federally recognized tribal governments); Nonprofits having a 501(c)(3) status with the IRS, other than institutions of higher education; Nonprofits that do not have a 501(c)(3) status with the IRS, other than institutions of higher education; Private institutions of higher education; For profit organizations other than small businesses; Others (see text field entitled ""Additional Information on Eligibility"" for clarification)","the purpose of this notice of funding opportunity (nofo) is to support an implementation research study. in this study, optimal strategies will be assessed for a postexposure prophylaxis (pep) in pocket (pip) approach for prevention of hiv and sexually transmitted infections (stis) among disproportionately affected populations, for example, gay, bisexual, and other men who have sex with men (msm) and transgender women (tgw). the recipient will implement and evaluate a comprehensive strategy to integrate pep packs as a component of existing prep and sti clinical services. pep packs will include a supply of antiretroviral medication for nonoccupational pep (npep), doxycycline for sti pep (doxypep), hiv and sti self-test kits, and instruction materials. study clinics should be in communities with high rates of hiv diagnoses among disproportionately affected populations, for example, black and hispanic msm and tgw.",True,True
"=HYPERLINK(""https://www.grants.gov/search-results-detail/357717"",""72067425RFA00001"")",HIV Prevention Among Adolescent Girls and Young Women and Other Vulnerable Youth Populations - DREAMS North,USAID-SAF,South Africa USAID-Pretoria,Health,,Cooperative Agreement,98.001 - USAID Foreign Assistance for Programs Overseas,,,58000000,0,Yes,,"Alejandra Garcia
Grantor
pretoriaapplications@usaid.gov",,pretoriaapplications@usaid.gov,,,2024-12-13,01/20/2025,Jan-27-2025 07:48:05 AM EST,Synopsis 2,Closed,Yes,No,"The goal of this Activity ""HIV Prevention Among Adolescent Girls and Young Women and Other Vulnerable Youth Populations - DREAMS North"" is to: substantially lower HIV incidence among adolescent girls and young women (AGYW) ages 10-24 in the below geographic areas of highest HIV incidence and prevalence. It is envisioned that this goal will be achieved by improving AGYW access to a comprehensive package of evidence-based/informed, age-appropriate prevention interventions that address biological, behavioral, and socio-economic determinants of HIV risk, and by prioritizing the supply of contraception, STI treatment, and Post Exposure Prophylaxis (PEP). 

This Activity is anticipated to encompass three provinces: Mpumalanga (Gert Sibanda, Nkangala, and Ehlanzeni), Gauteng (City of Johannesburg and Sedibeng), and Limpopo (Mopani and Capricorn).","Others (see text field entitled ""Additional Information on Eligibility"" for clarification)","the goal of this activity ""hiv prevention among adolescent girls and young women and other vulnerable youth populations - dreams north"" is to: substantially lower hiv incidence among adolescent girls and young women (agyw) ages 10-24 in the below geographic areas of highest hiv incidence and prevalence. it is envisioned that this goal will be achieved by improving agyw access to a comprehensive package of evidence-based/informed, age-appropriate prevention interventions that address biological, behavioral, and socio-economic determinants of hiv risk, and by prioritizing the supply of contraception, sti treatment, and post exposure prophylaxis (pep). 

this activity is anticipated to encompass three provinces: mpumalanga (gert sibanda, nkangala, and ehlanzeni), gauteng (city of johannesburg and sedibeng), and limpopo (mopani and capricorn).",True,False
"=HYPERLINK(""https://www.grants.gov/search-results-detail/357716"",""RFA-AA-24-012"")",Model Continuums of Care Initiative (MCCI) to Advance Health Equity and End Health Disparities Among Women and Girls in Racial/Ethnic Minority and Other Underserved Communities (U34 Clinical Trials Required),HHS-NIH11,National Institutes of Health,Education; Health,,Cooperative Agreement,93.213 - Research and Training in Complementary and Integrative Health; 93.273 - Alcohol Research Programs; 93.307 - Minority Health and Health Disparities Research; 93.361 - Nursing Research,,,none,none,No,http://grants.nih.gov/grants/guide/rfa-files/RFA-AA-24-012.html,"NIH Grants Information
grantsinfo@nih.gov",,grantsinfo@nih.gov,,,2024-12-13,02/19/2025,Dec-13-2024 10:20:07 AM EST,Synopsis 1,Archived,Yes,Yes,"The purpose of this NOFO is to support the planning phase of the Model Continuums of Care Initiative (MCCI) to Advance Health Equity and End Health Disparities Among Women and Girls in Racial/Ethnic Minority and Other Underserved Communities.  MCCI is a multi-ICO dissemination and implementation science initiative to advance health equity and end health disparities in racial/ethnic minority women and girls of reproductive age.  Specifically, the Model Continuums of Care Initiative will apply the latest dissemination and implementationscience approaches to significantly reduce the prevalence and impact of multi-morbidity among racial/ethnic minority women and girls of reproductive age at risk and living with mental health disorders, substance use disorders, chronic stress, cardiopulmonary diseases, common metabolic disorders (e.g., diabetes), cancer, and HIV/AIDS.  This concept proposes a continuum of care approach that integrates preventive health services, primary care, behavioral health, integrative care, and cardiopulmonary and endocrine specialties to fully address health care needs in each of these domains, and to have maximum impact on the overall health and well-being ofracial and ethnic minority and other underserved women and girls.  While MCCI is not a maternal health initiative, women and girls ages 15-44 yrs. are centered because it is during the early reproductive period, i.e., adolescence, that multimorbidity typically begins and rapidly progresses, setting the stage for multiple chronic debilitating conditions in later life.  Special emphasis will be placed on using stakeholder partnerships, provider training, and infrastructure changes to improve access for subgroups of racial/ethnic minority women and girls who currently have the least access to high quality health care (e.g., racial/ethnic minority women and girls living in low resource settings).","State governments; County governments; City or township governments; Special district governments; Independent school districts; Public and State controlled institutions of higher education; Native American tribal governments (Federally recognized); Public housing authorities/Indian housing authorities; Native American tribal organizations (other than Federally recognized tribal governments); Nonprofits having a 501(c)(3) status with the IRS, other than institutions of higher education; Nonprofits that do not have a 501(c)(3) status with the IRS, other than institutions of higher education; Private institutions of higher education; For profit organizations other than small businesses; Small businesses; Others (see text field entitled ""Additional Information on Eligibility"" for clarification)","the purpose of this nofo is to support the planning phase of the model continuums of care initiative (mcci) to advance health equity and end health disparities among women and girls in racial/ethnic minority and other underserved communities.  mcci is a multi-ico dissemination and implementation science initiative to advance health equity and end health disparities in racial/ethnic minority women and girls of reproductive age.  specifically, the model continuums of care initiative will apply the latest dissemination and implementationscience approaches to significantly reduce the prevalence and impact of multi-morbidity among racial/ethnic minority women and girls of reproductive age at risk and living with mental health disorders, substance use disorders, chronic stress, cardiopulmonary diseases, common metabolic disorders (e.g., diabetes), cancer, and hiv/aids.  this concept proposes a continuum of care approach that integrates preventive health services, primary care, behavioral health, integrative care, and cardiopulmonary and endocrine specialties to fully address health care needs in each of these domains, and to have maximum impact on the overall health and well-being ofracial and ethnic minority and other underserved women and girls.  while mcci is not a maternal health initiative, women and girls ages 15-44 yrs. are centered because it is during the early reproductive period, i.e., adolescence, that multimorbidity typically begins and rapidly progresses, setting the stage for multiple chronic debilitating conditions in later life.  special emphasis will be placed on using stakeholder partnerships, provider training, and infrastructure changes to improve access for subgroups of racial/ethnic minority women and girls who currently have the least access to high quality health care (e.g., racial/ethnic minority women and girls living in low resource settings).",True,False
"=HYPERLINK(""https://www.grants.gov/search-results-detail/357711"",""OFOP0001714"")",2025 Academy for Women Entrepreneurs (AWE) Program Implementer,DOS-BRB,U.S. Mission to Barbados,Environment,,Grant,19.022 - Educational and Cultural Exchange Programs Appropriation Overseas Grants,35000.0,2.0,35000,10000,No,https://mygrants.servicenowservices.com/mygrants?id=mygrants_form&table=x_g_usd4_o_grant_funding_opportunity&sys_id=a8c5998c1ba2d294baa70fe4604bcbfb&view=Default,Lisa Howell; bridgetownexchanges@state.gov,,,,,2024-12-13,01/17/2025,Dec-13-2024 09:27:25 AM EST,Synopsis 2,Closed,No,No,"The Public Diplomacy Section, PDS, U.S. Embassy Bridgetown, of the U.S. Department of State announces an open competition for eligible organizations or individuals to submit applications to carry out a program to implement the Academy for Women Entrepreneurs (AWE) program in 2025 in one or more of the countries listed; Grenada and St. Kitts and Nevis.",Individuals,"the public diplomacy section, pds, u.s. embassy bridgetown, of the u.s. department of state announces an open competition for eligible organizations or individuals to submit applications to carry out a program to implement the academy for women entrepreneurs (awe) program in 2025 in one or more of the countries listed; grenada and st. kitts and nevis.",True,False
"=HYPERLINK(""https://www.grants.gov/search-results-detail/357685"",""FOA-WB-25-01"")",FY25 Women in Apprenticeship and Nontraditional Occupations (WANTO) Technical Assistance Grant Program,DOL-WB,Womens Bureau,"Employment, Labor and Training",,Grant,17.701 - Women in Apprenticeship and Nontraditional Occupations (���WANTO���) Technical Assistance Grant Program,6000000.0,17.0,750000,350000,No,,WB.OGM@dol.gov,000-000-0000,WB.OGM@dol.gov,04/11/2025,06/10/2025,2024-12-12,,Dec-12-2024 10:27:58 AM EST,Forecast 1,Forecasted,No,,"This program aims to provide technical assistance (TA) to employers (which may include public sector entities) and labor unions in the United States and its territories to encourage employment of women in both apprenticeable occupations and nontraditional occupations (A/NTO), specifically in the following ways:Developing (establishing, expanding, and/or enhancing) pre-apprenticeship, youth apprenticeship, Registered Apprenticeship (as defined in Appendix B ""Acronyms and Definitions""), or other nontraditional skills training programs designed to prepare women for careers in A/NTO;Providing ongoing orientations or other resources for employers, unions, and workers on creating a successful environment for women in A/NTO; and/orSetting up support groups, facilitating networks, and/or providing supportive services (as defined in section IV.E.3) for women in A/NTO to improve their retention.Applicants may propose to provide technical assistance to support women’s participation and success in the full range of industries in which women are historically underrepresented or where women are disproportionately concentrated in the lower-wage occupations. Such industries include, but are not limited to; advanced manufacturing, construction, energy, health care, information technology, finance, and transportation. Applicants with experience working with or as an equity intermediary are encouraged to apply, as well as applicants with a proposed focus on expanding outreach/recruitment to historically underrepresented communities, including but not limited to women of color, women with disabilities, women at or below the federal poverty line, and women who live in rural geographic areas.","Nonprofits having a 501(c)(3) status with the IRS, other than institutions of higher education; Nonprofits that do not have a 501(c)(3) status with the IRS, other than institutions of higher education","this program aims to provide technical assistance (ta) to employers (which may include public sector entities) and labor unions in the united states and its territories to encourage employment of women in both apprenticeable occupations and nontraditional occupations (a/nto), specifically in the following ways:developing (establishing, expanding, and/or enhancing) pre-apprenticeship, youth apprenticeship, registered apprenticeship (as defined in appendix b ""acronyms and definitions""), or other nontraditional skills training programs designed to prepare women for careers in a/nto;providing ongoing orientations or other resources for employers, unions, and workers on creating a successful environment for women in a/nto; and/orsetting up support groups, facilitating networks, and/or providing supportive services (as defined in section iv.e.3) for women in a/nto to improve their retention.applicants may propose to provide technical assistance to support women’s participation and success in the full range of industries in which women are historically underrepresented or where women are disproportionately concentrated in the lower-wage occupations. such industries include, but are not limited to; advanced manufacturing, construction, energy, health care, information technology, finance, and transportation. applicants with experience working with or as an equity intermediary are encouraged to apply, as well as applicants with a proposed focus on expanding outreach/recruitment to historically underrepresented communities, including but not limited to women of color, women with disabilities, women at or below the federal poverty line, and women who live in rural geographic areas.",True,False
"=HYPERLINK(""https://www.grants.gov/search-results-detail/357680"",""202501"")",PDS Italy Annual Program Statement,DOS-ITA,U.S. Mission to Italy,"Other (see text field entitled ""Explanation of Other Category of Funding Activity"" for clarification)","Democracy and Democratic Values
Economic Prosperity
Countering Disinformation",Grant,19.040 - Public Diplomacy Programs,,,,,Yes,https://it.usembassy.gov/annual-program-statement/,Giovanni Guasina - POC,00000000000000,romepagrants@state.gov,01/26/2025,01/26/2025,2024-12-12,,Dec-12-2024 08:45:41 AM EST,Forecast 1,Forecasted,No,,"The U.S. Mission to Italy’s Public Diplomacy Section (PDS) is pleased to announce that funding is available through its Public Diplomacy Grants Program. This is an Annual Program Statement outlining funding priorities, strategic themes, and procedures for submitting requests for funding. Please carefully follow all instructions below. 
 
Purpose of Grants: PDS Italy invites concept notes for programs that strengthen ties between the United States and Italy. Programs and activities should highlight shared values and promote bilateral cooperation. All programs must have a primary audience of Italians or those residing in Italy and include a significant American cultural element, such as a connection with American experts, organizations, or institutions in a specific field that will promote increased understanding of U.S. policy and perspectives. 
 
Examples of PDS grants programs include, but are not limited to: 
 

Academic and professional lectures, exchanges, seminars, partnerships, and speaker programs; 
Artistic and cultural workshops, joint performances, and exhibitions featuring participants from the United States; 

 
Priority Program Areas: 
 

Democracy and Democratic Values: Proposals in this area should strengthen and reinforce the practice of democratic principles within Italy (such as countering racism and gender-based violence, and reducing extremism, antisemitism, and intolerance of marginalized groups in Italy) and/or strengthen the capacity of Italian civil society in fostering democratic values and renewing trust in democracy.  

 

Economic Prosperity: Proposals in this area should promote transparent and rules-based trade and investment. Proposals that reinforce positive examples of U.S.-Italian collaboration in key sectors, including science and technology, the sustainable and digital economies, culture, and women’s economic empowerment will receive favorable consideration. 

 

Countering Disinformation: Proposals in this area should increase target audiences’ understanding of and ability to counter foreign information manipulation and interference that undermines faith in democratic governance. We encourage proposals that support increased awareness of disinformation among the media and journalists. 


The following types of programs are not eligible for funding:  
 

Programs relating to partisan political activity; 
Programs targeting an American audience; 
Charitable or development activities; 
Construction programs; 
Programs that support specific religious activities; 
Fund-raising campaigns; 
Lobbying for specific legislation or programs 
Scientific research; 
Programs intended primarily for the growth or institutional development of the organization; 
Programs that duplicate existing programs. 

","Others (see text field entitled ""Additional Information on Eligibility"" for clarification)","the u.s. mission to italy’s public diplomacy section (pds) is pleased to announce that funding is available through its public diplomacy grants program. this is an annual program statement outlining funding priorities, strategic themes, and procedures for submitting requests for funding. please carefully follow all instructions below. 
 
purpose of grants: pds italy invites concept notes for programs that strengthen ties between the united states and italy. programs and activities should highlight shared values and promote bilateral cooperation. all programs must have a primary audience of italians or those residing in italy and include a significant american cultural element, such as a connection with american experts, organizations, or institutions in a specific field that will promote increased understanding of u.s. policy and perspectives. 
 
examples of pds grants programs include, but are not limited to: 
 

academic and professional lectures, exchanges, seminars, partnerships, and speaker programs; 
artistic and cultural workshops, joint performances, and exhibitions featuring participants from the united states; 

 
priority program areas: 
 

democracy and democratic values: proposals in this area should strengthen and reinforce the practice of democratic principles within italy (such as countering racism and gender-based violence, and reducing extremism, antisemitism, and intolerance of marginalized groups in italy) and/or strengthen the capacity of italian civil society in fostering democratic values and renewing trust in democracy.  

 

economic prosperity: proposals in this area should promote transparent and rules-based trade and investment. proposals that reinforce positive examples of u.s.-italian collaboration in key sectors, including science and technology, the sustainable and digital economies, culture, and women’s economic empowerment will receive favorable consideration. 

 

countering disinformation: proposals in this area should increase target audiences’ understanding of and ability to counter foreign information manipulation and interference that undermines faith in democratic governance. we encourage proposals that support increased awareness of disinformation among the media and journalists. 


the following types of programs are not eligible for funding:  
 

programs relating to partisan political activity; 
programs targeting an american audience; 
charitable or development activities; 
construction programs; 
programs that support specific religious activities; 
fund-raising campaigns; 
lobbying for specific legislation or programs 
scientific research; 
programs intended primarily for the growth or institutional development of the organization; 
programs that duplicate existing programs. 

",True,False
"=HYPERLINK(""https://www.grants.gov/search-results-detail/357678"",""PAS-ZAF-FY25-03"")",Academy for Women Entrepreneurs,DOS-ZAF,U.S. Mission to South Africa,"Other (see text field entitled ""Explanation of Other Category of Funding Activity"" for clarification)",Public diplomacy programs,Cooperative Agreement,19.022 - Educational and Cultural Exchange Programs Appropriation Overseas Grants,69000.0,1.0,69000,25000,No,https://za.usembassy.gov/grants/,Public Diplomacy Grants Team,,pretoriagrants@state.gov,,,2024-12-12,03/14/2025,Feb-18-2025 03:23:27 AM EST,Synopsis 2,Archived,No,Yes,"The U.S. Embassy in Pretoria of the U.S. Department of State announces an open competition for organizations to submit applications to carry out a program to train 100 women entrepreneurs based in South Africa (60), Lesotho (20), and Eswatini (20). The Academy for Women Entrepreneurs is a program of the U.S. Department of State, using a hybrid model that combines online learning with in-class mentoring and facilitation. The program in South Africa is centered on the Francis and Dionne Najafi 100 Million Learners Global Initiative, an online course spearheaded by the Thunderbird School of Global Management at Arizona State University.Applicants for this notice of funding opportunity will support cohorts of women entrepreneurs in up to seven cities – five in South Africa and one each in Lesotho and Eswatini. The cohorts will attend virtual, hybrid, and in-person events at American Spaces or Embassy partner locations in each city.For participation in the Najafi 100 Million Learners course, the applicant will work with the U.S. Embassy to identify an in-person U.S. government program alumni facilitator in each city to lead the participants. The coursework features eighteen modules/themes key to global entrepreneurial success in the Fourth Industrial Revolution. The program aims to provide entrepreneurs with proven 21st Century strategies for creating value through innovation in existing enterprises across the private, nonprofit and public sectors.Facilitators will also lead in-person discussions and serve as mentors for program participants. Facilitators will be alumni of related U.S. government programs and will be selected in collaboration with the U.S. Embassy or Consulate General. Facilitators will attend a pre-program training and orientation provided by the U.S. Department of State’s Bureau of Educational and Cultural Affairs.The eventual implementing partner will need to run program launch, pitch and graduation events. These sessions are to be held in-person. The implementing partner will also work in collaboration with the U.S. Embassy to host online masterclasses led by industry experts.","Others (see text field entitled ""Additional Information on Eligibility"" for clarification)","the u.s. embassy in pretoria of the u.s. department of state announces an open competition for organizations to submit applications to carry out a program to train 100 women entrepreneurs based in south africa (60), lesotho (20), and eswatini (20). the academy for women entrepreneurs is a program of the u.s. department of state, using a hybrid model that combines online learning with in-class mentoring and facilitation. the program in south africa is centered on the francis and dionne najafi 100 million learners global initiative, an online course spearheaded by the thunderbird school of global management at arizona state university.applicants for this notice of funding opportunity will support cohorts of women entrepreneurs in up to seven cities – five in south africa and one each in lesotho and eswatini. the cohorts will attend virtual, hybrid, and in-person events at american spaces or embassy partner locations in each city.for participation in the najafi 100 million learners course, the applicant will work with the u.s. embassy to identify an in-person u.s. government program alumni facilitator in each city to lead the participants. the coursework features eighteen modules/themes key to global entrepreneurial success in the fourth industrial revolution. the program aims to provide entrepreneurs with proven 21st century strategies for creating value through innovation in existing enterprises across the private, nonprofit and public sectors.facilitators will also lead in-person discussions and serve as mentors for program participants. facilitators will be alumni of related u.s. government programs and will be selected in collaboration with the u.s. embassy or consulate general. facilitators will attend a pre-program training and orientation provided by the u.s. department of state’s bureau of educational and cultural affairs.the eventual implementing partner will need to run program launch, pitch and graduation events. these sessions are to be held in-person. the implementing partner will also work in collaboration with the u.s. embassy to host online masterclasses led by industry experts.",True,False
"=HYPERLINK(""https://www.grants.gov/search-results-detail/357681"",""EMB-YAOUNDE-AWE-FY25-03"")",Academy for Women Entrepreneurs (AWE) 2025,DOS-CMR,U.S. Mission to Cameroon,"Other (see text field entitled ""Explanation of Other Category of Funding Activity"" for clarification)",Educational and Cultural Exchange Programs,Cooperative Agreement,19.022 - Educational and Cultural Exchange Programs Appropriation Overseas Grants,35000.0,2.0,35000,25000,No,https://cm.usembassy.gov/embassy-grants-opportunities/,"Gaïna Davila
Grantor
Phone 00237222201500",,PDSGrantsYaounde@state.gov,,,2024-12-12,01/12/2025,Dec-12-2024 09:53:26 AM EST,Synopsis 1,Archived,No,Yes,"The U.S. Embassy in Cameroon announces an open competition for organizations to submit applications to implement the 2025 Academy for Women Entrepreneurs (AWE) in Cameroon. AWE is a U.S. Department of State-led initiative around the globe to support gender equity and equality by promoting women’s economic opportunities and giving enterprising women the knowledge, networks, and access they need to launch and scale successful businesses.
The U.S. Embassy Yaoundé Public Diplomacy Section (PDS) invites proposals to design and implement an export-focused AWE cohort in Cameroon to support Mission Goals of strengthening economic ties between Cameroon and the United States of America, and supporting women entrepreneurs. This specialized program will provide a six-month training program in the summer or fall of 2025 to train 50 women business owners in product quality enhancement, export compliance, and U.S. market entry strategies. The program will leverage Thunderbird's 100 Million Learners platform, complemented by specialized workshops on U.S. FDA regulations, USDA requirements, packaging best practices and export compliance procedures. The program will culminate in an ""AWE Alumni Trade Fair and Export Forum.” This targeted approach aims to create a pipeline of export-ready women-led businesses in Cameroon.
Organizations interested in competing for the AWE 2025 should submit proposals to PDSGrantsYaounde@state.gov by January 12, 2025, at 5:00 pm
1.  Goals and Objectives

Equip participants with knowledge and skills to enhance product quality and meet U.S. export standards.
Expand participants’ understanding of international trade regulations and compliance.
Foster participants’ ability to promote economic opportunities for women and increase the number of women-led businesses in the high potential business sectors.

Project Activities:
Phase 1:  Develop and Recruit
·        Develop a curriculum and training materials.
·        Identify, recruit, and train facilitators and mentors from the USG alumni community, U.S. Embassy, USAID, American Chamber of Commerce, and African Women’s Entrepreneurship Program (AWEP) network.
·        Announce, conduct outreach, and recruit participants.
·        Produce an export readiness SOP for entrepreneurs willing to export products in the U.S. 
Proposals should provide a recruitment strategy for recruiting target participants and specify how the Embassy would be involved.
Phase 2: Train the Cohort

Organize a 3-day Export Readiness Bootcamp alongside the official launching ceremony in Yaoundé.

·        Facilitate training of the online DreamBuilder or Thunderbird’s 100 Million Learners courses through weekly virtual or in-person sessions to discuss challenges, share best practices, and receive guidance from facilitators. 
·        Organize activities that integrate localized content to supplement the online DreamBuilder or Thunderbird’s 100 Million Learners courses. 
·        Establish a support network among participants to foster peer-to-peer learning and collaboration.
Proposals are encouraged to incorporate a variety of interactive activities, workshops, field trips, case studies, and other learning experiences to help participants develop their export readiness skills. 
Phase 3: Milestone Finale

Organize a 2-day final gathering on “AWE Alumni Trade Fair and Export Forum” in Douala to showcase AWE participants and alumnae’s businesses, connect them with potential investors, U.S. buyers and increase their access to funding and export opportunities.

The AWE Export Readiness Bootcamp will feature a comprehensive training program designed to empower women entrepreneurs in expanding their businesses internationally. Session topics will provide strategic insights and practical skills, focusing on comprehensive export market development. The program will cover critical areas including, but not limited to:
·        A diagnostic assessment of participants' current export product potential.
·        Strategic U.S. market positioning, detailed guidance on compliance and documentation requirements.
·        In-depth financial management techniques, and digital marketing strategies tailored to international trade.
·        Additionally, a targeted social media campaign will highlight the remarkable success stories of AWE participants, showcasing their entrepreneurial achievements and creating visibility for women-led businesses seeking to enter global markets.
Proposals are encouraged to include ideas for follow-on activities after program implementation. Please note that this award would not cover the costs of any such follow-on activity, which would be subject to additional funding resources.
Participants and Audiences:
The 2025 AWE program will consist of 50 dynamic Cameroonian women entrepreneurs including AWE Alumnae who: 
·        Reside in Cameroon. 
·        Own social enterprises or businesses with demonstrable potential for U.S. market export.
·        Have a proven business track record of 2-5 years, indicating operational maturity and entrepreneurial resilience.
·        Demonstrate advanced digital literacy, including computer proficiency and reliable internet connectivity.
·        Demonstrate commitment to business growth and international market expansion.
·        Have innovative business models with scalable export potential.  
2.  Substantial Involvement 
·        The grantee will propose for Embassy input:
o  Details of program content and design
o  Participant selection strategy
o  List of speakers and alumni
o  Guest list
·        The grantee can request Embassy assistance with:
o  Sharing project promotional content on U.S. Embassy Cameroon social media platforms
o  Inviting press
·        The Grants Officer must give final approval of the following before action by the grantee:
o  Keynote speakers, facilitators, and participants 
o  Promotional materials 
o  Date and venue ","Others (see text field entitled ""Additional Information on Eligibility"" for clarification)","the u.s. embassy in cameroon announces an open competition for organizations to submit applications to implement the 2025 academy for women entrepreneurs (awe) in cameroon. awe is a u.s. department of state-led initiative around the globe to support gender equity and equality by promoting women’s economic opportunities and giving enterprising women the knowledge, networks, and access they need to launch and scale successful businesses.
the u.s. embassy yaoundé public diplomacy section (pds) invites proposals to design and implement an export-focused awe cohort in cameroon to support mission goals of strengthening economic ties between cameroon and the united states of america, and supporting women entrepreneurs. this specialized program will provide a six-month training program in the summer or fall of 2025 to train 50 women business owners in product quality enhancement, export compliance, and u.s. market entry strategies. the program will leverage thunderbird's 100 million learners platform, complemented by specialized workshops on u.s. fda regulations, usda requirements, packaging best practices and export compliance procedures. the program will culminate in an ""awe alumni trade fair and export forum.” this targeted approach aims to create a pipeline of export-ready women-led businesses in cameroon.
organizations interested in competing for the awe 2025 should submit proposals to pdsgrantsyaounde@state.gov by january 12, 2025, at 5:00 pm
1.  goals and objectives

equip participants with knowledge and skills to enhance product quality and meet u.s. export standards.
expand participants’ understanding of international trade regulations and compliance.
foster participants’ ability to promote economic opportunities for women and increase the number of women-led businesses in the high potential business sectors.

project activities:
phase 1:  develop and recruit
·        develop a curriculum and training materials.
·        identify, recruit, and train facilitators and mentors from the usg alumni community, u.s. embassy, usaid, american chamber of commerce, and african women’s entrepreneurship program (awep) network.
·        announce, conduct outreach, and recruit participants.
·        produce an export readiness sop for entrepreneurs willing to export products in the u.s. 
proposals should provide a recruitment strategy for recruiting target participants and specify how the embassy would be involved.
phase 2: train the cohort

organize a 3-day export readiness bootcamp alongside the official launching ceremony in yaoundé.

·        facilitate training of the online dreambuilder or thunderbird’s 100 million learners courses through weekly virtual or in-person sessions to discuss challenges, share best practices, and receive guidance from facilitators. 
·        organize activities that integrate localized content to supplement the online dreambuilder or thunderbird’s 100 million learners courses. 
·        establish a support network among participants to foster peer-to-peer learning and collaboration.
proposals are encouraged to incorporate a variety of interactive activities, workshops, field trips, case studies, and other learning experiences to help participants develop their export readiness skills. 
phase 3: milestone finale

organize a 2-day final gathering on “awe alumni trade fair and export forum” in douala to showcase awe participants and alumnae’s businesses, connect them with potential investors, u.s. buyers and increase their access to funding and export opportunities.

the awe export readiness bootcamp will feature a comprehensive training program designed to empower women entrepreneurs in expanding their businesses internationally. session topics will provide strategic insights and practical skills, focusing on comprehensive export market development. the program will cover critical areas including, but not limited to:
·        a diagnostic assessment of participants' current export product potential.
·        strategic u.s. market positioning, detailed guidance on compliance and documentation requirements.
·        in-depth financial management techniques, and digital marketing strategies tailored to international trade.
·        additionally, a targeted social media campaign will highlight the remarkable success stories of awe participants, showcasing their entrepreneurial achievements and creating visibility for women-led businesses seeking to enter global markets.
proposals are encouraged to include ideas for follow-on activities after program implementation. please note that this award would not cover the costs of any such follow-on activity, which would be subject to additional funding resources.
participants and audiences:
the 2025 awe program will consist of 50 dynamic cameroonian women entrepreneurs including awe alumnae who: 
·        reside in cameroon. 
·        own social enterprises or businesses with demonstrable potential for u.s. market export.
·        have a proven business track record of 2-5 years, indicating operational maturity and entrepreneurial resilience.
·        demonstrate advanced digital literacy, including computer proficiency and reliable internet connectivity.
·        demonstrate commitment to business growth and international market expansion.
·        have innovative business models with scalable export potential.  
2.  substantial involvement 
·        the grantee will propose for embassy input:
o  details of program content and design
o  participant selection strategy
o  list of speakers and alumni
o  guest list
·        the grantee can request embassy assistance with:
o  sharing project promotional content on u.s. embassy cameroon social media platforms
o  inviting press
·        the grants officer must give final approval of the following before action by the grantee:
o  keynote speakers, facilitators, and participants 
o  promotional materials 
o  date and venue ",True,False
"=HYPERLINK(""https://www.grants.gov/search-results-detail/357638"",""PORTLOUIS-AWE-FY25-01"")",Academy of Women Entrepreneurs Mauritius 2025,DOS-MUS,U.S. Mission to Mauritius,"Other (see text field entitled ""Explanation of Other Category of Funding Activity"" for clarification)",ECA,Grant,19.040 - Public Diplomacy Programs,,,25000,17000,No,https://www.grants.gov/web/grants/forms.html,Public Affairs Officer,,portlouis_pas@state.gov,,,2024-12-11,02/03/2025,Dec-11-2024 02:27:42 AM EST,Synopsis 2,Archived,Yes,Yes,"A. PROGRAM DESCRIPTION
 The U.S. Embassy in Port Louis, Mauritius announces an open competition for non-profit organizations to submit applications to lead a program for women entrepreneurs through the U.S. State Department’s Academy for Women Entrepreneurs (AWE) program in Mauritius. Please follow all instructions below.
Program Objectives: 
The U.S. State Department’s Bureau of Educational and Cultural Affairs (ECA) established the Academy for Women Entrepreneurs (AWE) an exchange program in 2019 to empower women with the professional skills, networks, and access they need to launch or scale successful businesses. 
Implemented in nearly 100 countries since 2019, AWE has empowered an estimated 25,000 women entrepreneurs around the world with the professional business skills they need to reach their full economic potential. The AWE program was implemented in 2021 in Mauritius.
As a U.S. government exchange program, AWE connects women with U.S.-style learning and expertise to advance business acumen and build stronger ties among women entrepreneurs in different markets. 
The AWE program partners with Arizona State University’s Thunderbird School of Global Management (ASU) and the Freeport-McMoRan Foundation, the creators of DreamBuilder, a no-cost online learning platform that teaches AWE participants the fundamentals of business from a U.S. perspective. In 2023, the Department and ASU established a new five-year, public-private partnership to also offer AWE participants advanced courses through the Francis and Dionne Najafi 100 Million Learners Global Initiative. 
In addition, by networking with local business leaders and U.S. Exchange Alumni, the AWE program includes localized content specific to entrepreneurs’ needs. 
ECA’s Office of Academic Programs manages the AWE program and supports U.S. Missions worldwide to leverage the power of local U.S.-government Exchange Alumni networks to serve as facilitators, guest speakers, and mentors for the AWE program. Learn more at https://eca.state.gov/awe.
The project will include the following objectives:
• Develop a program aimed at increasing entrepreneurial capacity of AWE beneficiaries that will integrate the DreamBuilder (dreambuilder.org) online course or the Najafi 100 Million Learners Global Initiative as one of its key components. The program will encompass facilitated viewing sessions that will provide the participants an opportunity to discuss the topics and to network. The modules may be augmented to localize the context, and to accommodate the topics of guest speaker talks.
• Identify a facilitator(s) to lead discussions, help localize the principles taught and engage in speed mentoring, influencer talks, pitch competitions or trade fairs for women to apply business skills in real-time.
• Create an educational cohort and recruit 25-35 women aged 25 or older to engage in U.S.-style online education with guided facilitation. The awardee will promote the call for participants through traditional and/or social media platforms and organizational networks that would maximize the number of women reached. In consultation with the awarding agency, the awardee will determine additional selection criteria beyond the basic eligibility parameters and devise an application form. The awardee will review and pre-select program participants and in close collaboration with the U.S. Embassy will organize and conduct final interviews to select the participants.
• Foster networks that support participants’ access to peer-to-peer mentorship, business partners, and scaling opportunities with business in the region.
 
The project has the following goal:
Provide the selected women entrepreneurs with the skills, resources, and networks needed to start and scale successful businesses.
Participants and Audiences:
The target audience for this project are Mauritian, Rodriguan and Seychellois women, aged 25 and older who have recently started a business and have about a year experience selling their product or service. Participants should have basic computer skills and have minimal previous business training.
B. FEDERAL AWARD INFORMATION
Length of performance period: 1 year
Number of awards anticipated: 1 award 
Award Floor: $17,000
Award Ceiling: $25,000
Type of Funding: FY25 Smith Mundt Public Diplomacy Funds 
Anticipated program start date: May 2025
This notice is subject to availability of funding.","Others (see text field entitled ""Additional Information on Eligibility"" for clarification)","a. program description
 the u.s. embassy in port louis, mauritius announces an open competition for non-profit organizations to submit applications to lead a program for women entrepreneurs through the u.s. state department’s academy for women entrepreneurs (awe) program in mauritius. please follow all instructions below.
program objectives: 
the u.s. state department’s bureau of educational and cultural affairs (eca) established the academy for women entrepreneurs (awe) an exchange program in 2019 to empower women with the professional skills, networks, and access they need to launch or scale successful businesses. 
implemented in nearly 100 countries since 2019, awe has empowered an estimated 25,000 women entrepreneurs around the world with the professional business skills they need to reach their full economic potential. the awe program was implemented in 2021 in mauritius.
as a u.s. government exchange program, awe connects women with u.s.-style learning and expertise to advance business acumen and build stronger ties among women entrepreneurs in different markets. 
the awe program partners with arizona state university’s thunderbird school of global management (asu) and the freeport-mcmoran foundation, the creators of dreambuilder, a no-cost online learning platform that teaches awe participants the fundamentals of business from a u.s. perspective. in 2023, the department and asu established a new five-year, public-private partnership to also offer awe participants advanced courses through the francis and dionne najafi 100 million learners global initiative. 
in addition, by networking with local business leaders and u.s. exchange alumni, the awe program includes localized content specific to entrepreneurs’ needs. 
eca’s office of academic programs manages the awe program and supports u.s. missions worldwide to leverage the power of local u.s.-government exchange alumni networks to serve as facilitators, guest speakers, and mentors for the awe program. learn more at https://eca.state.gov/awe.
the project will include the following objectives:
• develop a program aimed at increasing entrepreneurial capacity of awe beneficiaries that will integrate the dreambuilder (dreambuilder.org) online course or the najafi 100 million learners global initiative as one of its key components. the program will encompass facilitated viewing sessions that will provide the participants an opportunity to discuss the topics and to network. the modules may be augmented to localize the context, and to accommodate the topics of guest speaker talks.
• identify a facilitator(s) to lead discussions, help localize the principles taught and engage in speed mentoring, influencer talks, pitch competitions or trade fairs for women to apply business skills in real-time.
• create an educational cohort and recruit 25-35 women aged 25 or older to engage in u.s.-style online education with guided facilitation. the awardee will promote the call for participants through traditional and/or social media platforms and organizational networks that would maximize the number of women reached. in consultation with the awarding agency, the awardee will determine additional selection criteria beyond the basic eligibility parameters and devise an application form. the awardee will review and pre-select program participants and in close collaboration with the u.s. embassy will organize and conduct final interviews to select the participants.
• foster networks that support participants’ access to peer-to-peer mentorship, business partners, and scaling opportunities with business in the region.
 
the project has the following goal:
provide the selected women entrepreneurs with the skills, resources, and networks needed to start and scale successful businesses.
participants and audiences:
the target audience for this project are mauritian, rodriguan and seychellois women, aged 25 and older who have recently started a business and have about a year experience selling their product or service. participants should have basic computer skills and have minimal previous business training.
b. federal award information
length of performance period: 1 year
number of awards anticipated: 1 award 
award floor: $17,000
award ceiling: $25,000
type of funding: fy25 smith mundt public diplomacy funds 
anticipated program start date: may 2025
this notice is subject to availability of funding.",True,False
"=HYPERLINK(""https://www.grants.gov/search-results-detail/354780"",""HRSA-25-050"")","Ryan White HIV/AIDS Program Part D - Women, Infants, Children and Youth (WICY) Grant Supplemental Funding",HHS-HRSA,Health Resources and Services Administration,Health,https://grants.hrsa.gov/2010/Web2External/Interface/FundingCycle/ExternalView.aspx?fCycleID=f427381f-953c-4ae7-867e-3c24c9499756,Grant,"93.153 - Coordinated Services and Access to Research for Women, Infants, Children, and Youth",3000000.0,25.0,0,0,No,,"Department of Health and Human Services, Health Resources and Services Administration
AskPartD@hrsa.gov",,AskPartD@hrsa.gov,,,2024-12-10,02/10/2025,Dec-10-2024 01:53:39 PM EST,Synopsis 1,Closed,Yes,No,"The purpose of this additional funding is to increase access to high quality family-centered HIV health care services for low-income women, infants, children, and youth, commonly abbreviated as WICY. HRSA intends funding under this program to support one short-term activity that can be completed by the end of the one-year period of performance. You may propose an expansion of an activity previously supported under the FY2023 or FY2024 RWHAP Part D Supplemental funding (HRSA-23-050; HRSA-24-061) or Part C Capacity Development funding (HRSA-23-052; HRSA-24-062) for either an HIV Care Innovation or Infrastructure Development activity; however, HRSA will not fund the same activity in FY 2025 as HRSA funded previously in FY 2023 or FY 2024. If the proposed project is an expansion of a previously funded activity, you must provide a clear rationale for how the proposed activity builds upon and furthers the objectives of the previously funded activity.","Others (see text field entitled ""Additional Information on Eligibility"" for clarification)","the purpose of this additional funding is to increase access to high quality family-centered hiv health care services for low-income women, infants, children, and youth, commonly abbreviated as wicy. hrsa intends funding under this program to support one short-term activity that can be completed by the end of the one-year period of performance. you may propose an expansion of an activity previously supported under the fy2023 or fy2024 rwhap part d supplemental funding (hrsa-23-050; hrsa-24-061) or part c capacity development funding (hrsa-23-052; hrsa-24-062) for either an hiv care innovation or infrastructure development activity; however, hrsa will not fund the same activity in fy 2025 as hrsa funded previously in fy 2023 or fy 2024. if the proposed project is an expansion of a previously funded activity, you must provide a clear rationale for how the proposed activity builds upon and furthers the objectives of the previously funded activity.",True,False
"=HYPERLINK(""https://www.grants.gov/search-results-detail/357582"",""FY25-PHL-AWE"")",2025 Academy for Women Entrepreneurs Philippines,DOS-PHL,U.S. Mission to the Philippines,"Other (see text field entitled ""Explanation of Other Category of Funding Activity"" for clarification)",Public Diplomacy,Cooperative Agreement,19.022 - Educational and Cultural Exchange Programs Appropriation Overseas Grants,,1.0,35000,30000,No,,"Public Affairs Section
U.S. Embassy in the Philippines",,GrantsManila@state.gov,,,2024-12-09,01/13/2025,Dec-09-2024 12:12:18 AM EST,Synopsis 2,Archived,No,Yes,"PROGRAM DESCRIPTIONGoals and ObjectivesThe U.S. Embassy in the Philippines is pleased to announce the call for FY2025 proposals to implement the Academy for Women Entrepreneurs (AWE), a hybrid course giving women the knowledge, networks, and access they need to launch and scale successful businesses. The U.S. Department of State’s Bureau of Educational and Cultural Affairs established AWE in 2019 and directly supports the U.S. National Strategy on Gender Equity and Equality. AWE has empowered an estimated 25,000 women entrepreneurs in more than eighty countries.AWE uses a hybrid model that combines the online platform DreamBuilder, developed through a partnership between Arizona State University’s Thunderbird School of Global Management and global copper mining company Freeport-McMoRan, with in-class mentoring and facilitation. Through AWE, participants learn core business skills, then get together as a class to discuss the material with experienced implementers, local mentors, and U.S. Exchange Alumni. Partnerships with local NGOs, universities, and chambers of commerce offer women the opportunity to amplify their newly learned business skills and network with other businesspeople through speed mentoring, pitch competitions, and entrepreneurship fairs. AWE is only available in English and Spanish, though partners may conduct mentoring and facilitation in local languages.In the Philippines, the U.S. Embassy’s American Center Manila launched AWE in 2020. There are currently 456 AWE graduates in the Philippines with programs in Bacolod, Baguio, Bohol, Cebu, Manila, Marawi, Puerto Princesa, Quezon city, and Zamboanga del Sur. AWE graduates include women from internally displaced communities, fisherfolk, and victims of violence and natural disasters. AWE graduates also include sustainable development and eco-product innovators, agricultural researchers, and tech-based innovators.The proposals should meet the following objectives:• Run eight AWE cohorts of approximately 25-30 women. To ensure program sustainability and engagement with AWE graduates, cohorts must be located in Bacolod, Baguio, Bohol, Cebu, Manila, Puerto Princesa, Quezon City, and Zamboanga del Sur. At least five of these eight cohorts will be managed through a sub-award with the U.S. Embassy’s American Corners (https://ph.usembassy.gov/education/american-spaces/) and AWE alumnae.• Distribute subgrants to selected American Corners and AWE alumnae to run AWE as follows: eighty percent of funding after submitting a detailed timeline and work plan (including marketing strategy for the project); twenty percent after submitting the final report with detailed project results.• Design a three to four-month program of activities for eight cohorts, including online and in-person meetups, lectures, seminars, pitching competitions, grade consultation hours, and trade fairs, with mandatory program launch and graduation ceremonies. A calendar of activities for the twelve-month performance period must be provided.• Identify the target audience for the academy and determine how they can create a ripple effect to advance AWE in their communities, including a detailed recruitment process.• Identify at least two qualified facilitators per cohort and outline their qualifications for the role.• Demonstrate how past AWE graduates will be engaged as mentors or resource personnel to showcase the benefits of AWE and inspire the current cohort.• Develop a comprehensive plan to establish partnerships and collaborative activities with institutions that can contribute to AWE, such as local government units, universities, chambers of commerce, and think tanks.• Establish a comprehensive monitoring and evaluation plan that includes key performance indicators, reference point for measuring progress, data collection methods, and reporting and feedback mechanisms.","Others (see text field entitled ""Additional Information on Eligibility"" for clarification)","program descriptiongoals and objectivesthe u.s. embassy in the philippines is pleased to announce the call for fy2025 proposals to implement the academy for women entrepreneurs (awe), a hybrid course giving women the knowledge, networks, and access they need to launch and scale successful businesses. the u.s. department of state’s bureau of educational and cultural affairs established awe in 2019 and directly supports the u.s. national strategy on gender equity and equality. awe has empowered an estimated 25,000 women entrepreneurs in more than eighty countries.awe uses a hybrid model that combines the online platform dreambuilder, developed through a partnership between arizona state university’s thunderbird school of global management and global copper mining company freeport-mcmoran, with in-class mentoring and facilitation. through awe, participants learn core business skills, then get together as a class to discuss the material with experienced implementers, local mentors, and u.s. exchange alumni. partnerships with local ngos, universities, and chambers of commerce offer women the opportunity to amplify their newly learned business skills and network with other businesspeople through speed mentoring, pitch competitions, and entrepreneurship fairs. awe is only available in english and spanish, though partners may conduct mentoring and facilitation in local languages.in the philippines, the u.s. embassy’s american center manila launched awe in 2020. there are currently 456 awe graduates in the philippines with programs in bacolod, baguio, bohol, cebu, manila, marawi, puerto princesa, quezon city, and zamboanga del sur. awe graduates include women from internally displaced communities, fisherfolk, and victims of violence and natural disasters. awe graduates also include sustainable development and eco-product innovators, agricultural researchers, and tech-based innovators.the proposals should meet the following objectives:• run eight awe cohorts of approximately 25-30 women. to ensure program sustainability and engagement with awe graduates, cohorts must be located in bacolod, baguio, bohol, cebu, manila, puerto princesa, quezon city, and zamboanga del sur. at least five of these eight cohorts will be managed through a sub-award with the u.s. embassy’s american corners (https://ph.usembassy.gov/education/american-spaces/) and awe alumnae.• distribute subgrants to selected american corners and awe alumnae to run awe as follows: eighty percent of funding after submitting a detailed timeline and work plan (including marketing strategy for the project); twenty percent after submitting the final report with detailed project results.• design a three to four-month program of activities for eight cohorts, including online and in-person meetups, lectures, seminars, pitching competitions, grade consultation hours, and trade fairs, with mandatory program launch and graduation ceremonies. a calendar of activities for the twelve-month performance period must be provided.• identify the target audience for the academy and determine how they can create a ripple effect to advance awe in their communities, including a detailed recruitment process.• identify at least two qualified facilitators per cohort and outline their qualifications for the role.• demonstrate how past awe graduates will be engaged as mentors or resource personnel to showcase the benefits of awe and inspire the current cohort.• develop a comprehensive plan to establish partnerships and collaborative activities with institutions that can contribute to awe, such as local government units, universities, chambers of commerce, and think tanks.• establish a comprehensive monitoring and evaluation plan that includes key performance indicators, reference point for measuring progress, data collection methods, and reporting and feedback mechanisms.",True,False
"=HYPERLINK(""https://www.grants.gov/search-results-detail/357596"",""OFOP0001704"")",Academy of Women Entrepreneurs FY 25 Grant Competition,DOS-SLV,U.S. Mission to El Salvador,Business and Commerce,,Grant,19.022 - Educational and Cultural Exchange Programs Appropriation Overseas Grants,,1.0,30000,10000,No,https://mygrants.servicenowservices.com/mygrants?id=mygrants_form&table=x_g_usd4_o_grant_funding_opportunity&sys_id=3889e341475e5a144f681864336d43ac&view=Default,SanSalvador-Grants@state.gov,,,,,2024-12-09,01/17/2025,Jan-17-2025 01:00:25 PM EST,Synopsis 3,Closed,No,No,"Executive Summary 
The Public Diplomacy Section of the United States Embassy in El Salvador is pleased to announce the call for FY2025 proposals to implement the Academy for Women Entrepreneurs (AWE), a global competition that provides resources to promote women’s social and economic empowerment.  By ensuring that women have the professional skills, knowledge, networks, and access to fully participate in the economy, AWE directly supports the National Strategy on Gender Equity and Equality. 
 
The following organizations are eligible to apply:  

Not-for-profit organizations, including think tanks and civil society/non-governmental organizations  
Public and private educational institutions 
Public International Organizations and Governmental institutions 
 
Cost Sharing or Matching is not a requirement.  

Other Eligibility Requirements 
We recommend that all organizations have a Unique Entity Identifier (UEI) issued via SAM.gov as well as a valid registration in SAM.gov.  Please see Section D.3 for more information.  
Applicants are only allowed to submit one proposal per organization.  If more than one proposal is submitted from an organization, all proposals from that institution will be considered ineligible for funding. All proposals must be presented in English, accompanied by a detailed budget.  

Program Description 
Overview: The Academy for Women Entrepreneurs (AWE) was established by the Bureau of Educational and Cultural Affairs (ECA) in 2019 to empower women with the professional skills, knowledge, networks, and access necessary to launch or scale successful businesses.  AWE cohorts, consisting of approximately 25-30 women, engage in both online and in-person sessions to learn core business skills such as strategic planning, marketing, and finance.  These sessions are facilitated by local business leaders, U.S. exchange alumni mentors, and other experts. Visit the United States Embassy in El Salvador website for more details. Please sen","Others (see text field entitled ""Additional Information on Eligibility"" for clarification)","executive summary 
the public diplomacy section of the united states embassy in el salvador is pleased to announce the call for fy2025 proposals to implement the academy for women entrepreneurs (awe), a global competition that provides resources to promote women’s social and economic empowerment.  by ensuring that women have the professional skills, knowledge, networks, and access to fully participate in the economy, awe directly supports the national strategy on gender equity and equality. 
 
the following organizations are eligible to apply:  

not-for-profit organizations, including think tanks and civil society/non-governmental organizations  
public and private educational institutions 
public international organizations and governmental institutions 
 
cost sharing or matching is not a requirement.  

other eligibility requirements 
we recommend that all organizations have a unique entity identifier (uei) issued via sam.gov as well as a valid registration in sam.gov.  please see section d.3 for more information.  
applicants are only allowed to submit one proposal per organization.  if more than one proposal is submitted from an organization, all proposals from that institution will be considered ineligible for funding. all proposals must be presented in english, accompanied by a detailed budget.  

program description 
overview: the academy for women entrepreneurs (awe) was established by the bureau of educational and cultural affairs (eca) in 2019 to empower women with the professional skills, knowledge, networks, and access necessary to launch or scale successful businesses.  awe cohorts, consisting of approximately 25-30 women, engage in both online and in-person sessions to learn core business skills such as strategic planning, marketing, and finance.  these sessions are facilitated by local business leaders, u.s. exchange alumni mentors, and other experts. visit the united states embassy in el salvador website for more details. please sen",True,False
"=HYPERLINK(""https://www.grants.gov/search-results-detail/357583"",""AF-WHK-FY25-01"")",Academy of Women Entrepreneurs 2025,DOS-NAM,U.S. Mission to Namibia,Business and Commerce,,Cooperative Agreement; Grant,19.022 - Educational and Cultural Exchange Programs Appropriation Overseas Grants,1.0,1.0,35000,35000,No,https://na.usembassy.gov/grant-programs/,"Paulina N. Moses
Youth Experiential Learning Coordinator
Tel: 061 202 5025",,WindhoekPublicDiplomacy@state.gov,,,2024-12-09,01/04/2025,Dec-09-2024 05:14:24 AM EST,Synopsis 1,Archived,Yes,Yes,"U.S. Embassy Namibia is inviting organizations to apply to run the Academy for Women Entrepreneurs (AWE) program. This program is designed to help women entrepreneurs in Namibia grow their businesses, overcome challenges, and create a network of women-led businesses. It will include both in-person and online sessions with women entrepreneurs from Namibia and the U.S., as well as experts. The program will use the DreamBuilder course, an online tool that teaches important business skills.
The goals of the program are to improve business planning, help participants build a network, and provide the skills needed to create successful businesses. Proposals should explain the program, how participants will be recruited, and the Embassy’s role. The budget should cover travel, data for online sessions, and any additional activities.
This program aims to support women entrepreneurs, promote business growth, and help women in Namibia become more economically empowered.

1.  Goals and Objectives
 
-         Increase participants understanding of business planning, and scaling up operations
 
-         Build a network of female entrepreneurs that is committed to supporting and promoting relationships that help grow businesses and drive local partnerships, and 
-         Equip participants with skills and knowledge to build sustainable businesses. 
 
Proposals submitted should clearly address program implementation showing the proposed activities and suggested speakers. Applicants should give a detailed recruitment strategy for the target population, clearly specifying how the Embassy would be involved. The proposal should include ideas for follow-up activities after program implementation to assess the impact of the program. Proposals with sustainability and/or cost sharing built in are preferred.
 ","Public and State controlled institutions of higher education; Nonprofits that do not have a 501(c)(3) status with the IRS, other than institutions of higher education; Private institutions of higher education","u.s. embassy namibia is inviting organizations to apply to run the academy for women entrepreneurs (awe) program. this program is designed to help women entrepreneurs in namibia grow their businesses, overcome challenges, and create a network of women-led businesses. it will include both in-person and online sessions with women entrepreneurs from namibia and the u.s., as well as experts. the program will use the dreambuilder course, an online tool that teaches important business skills.
the goals of the program are to improve business planning, help participants build a network, and provide the skills needed to create successful businesses. proposals should explain the program, how participants will be recruited, and the embassy’s role. the budget should cover travel, data for online sessions, and any additional activities.
this program aims to support women entrepreneurs, promote business growth, and help women in namibia become more economically empowered.

1.  goals and objectives
 
-         increase participants understanding of business planning, and scaling up operations
 
-         build a network of female entrepreneurs that is committed to supporting and promoting relationships that help grow businesses and drive local partnerships, and 
-         equip participants with skills and knowledge to build sustainable businesses. 
 
proposals submitted should clearly address program implementation showing the proposed activities and suggested speakers. applicants should give a detailed recruitment strategy for the target population, clearly specifying how the embassy would be involved. the proposal should include ideas for follow-up activities after program implementation to assess the impact of the program. proposals with sustainability and/or cost sharing built in are preferred.
 ",True,False
"=HYPERLINK(""https://www.grants.gov/search-results-detail/357518"",""PAR-AWE25"")",Academy for Women Entrepreneurs 2025,DOS-SUR,U.S. Mission to Suriname,Business and Commerce,,Grant,19.040 - Public Diplomacy Programs,35000.0,,35000,250,No,,"Paramaribo Grants Team
+597556700",,Paramaribo-grants@state.gov,,,2024-12-04,01/01/2025,Dec-04-2024 09:40:36 AM EST,Synopsis 1,Archived,Yes,Yes,"Program Objectives:
The proposals should meet the following objectives:

Provide resources for women to engage in U.S.-style online education with guided facilitation and localization from ECA exchange program alumni, local women business leaders, or other local partners.
Foster networks that support participants’ access to peer-to-peer mentorship, business partners, and scaling opportunities with businesses in the region and in the United States.
Build a network of female entrepreneurs that is committed to supporting and promoting relationships that help grow businesses and drive local partnerships, and
Equip participants with skills and knowledge to build sustainable businesses
Proposals should generally be no more than four (4) pages in length


Proposals submitted should clearly address program implementation showing the proposed activities and suggested speakers. Applicants should give a detailed recruitment strategy for the target population, clearly specifying how the Embassy would be involved. The proposal should include ideas for follow-up activities after program implementation to assess the impact of the program. Proposals with sustainability and/or cost sharing built in are preferred.
Applicants should be able to demonstrate extensive experience in organizing entrepreneurship or business programs and should have an established network of entrepreneurs and business leaders throughout Suriname.

Responsibilities of the Awardee:
The Recipient agrees to coordinate and administer the program and meet the specific objectives below:

Recruitment of AWE participants ages 18 years and older, who have recently started a business or have demonstrated interest and progress in developing an entrepreneurial idea. Selected participants of this program should be comfortable taking a course and completing assignments in English and be willing to commit up to 4 hours a week for participation in the AWE.
Design and promote the call for applications through traditional and/or social media platforms and organizational networks that will maximize the number of women reached, including women in underserved communities.
Assume responsibility for receiving and reviewing applications and selecting the applicants/participants for this program.
Arrange and identify all logistics related to hosting the opening and closing ceremonies as well as any other program events/activities.
Identify a skilled and experienced facilitator who will lead class sessions, create content for the sessions that supports DreamBuilder program or 100 Million Learners’ Initiative content and is adaptable to reflect local practices and regulations in Suriname. The facilitator will be present for all sessions to provide program continuity.
Assign a representative to review and provide guidance on participant’s business plans and pitch activities.
Identify and contract external speakers for the workshop and the pitch competition.
Execute a comprehensive Monitoring and Evaluation Plan consisting of a series of data collection and assessment activities during the program, and after the program completion to evaluate the effectiveness of this AWE program.
Collaborate with the Embassy on the implementation of program/sessions
Collaborate with the Embassy to identify external speakers for sessions from the network of ECA alumni of exchange programs.
Provide quarterly updates on the execution of the project, inclusive of attendance records and relevant engagement surveys.
Liaise with the Embassy and provide immediate updates on challenges or issues encountered
Update the Embassy on program design.
Maintain a register of AWE participants.
Collect and share images and videos of the cohort for use as testimonials by the Bureau of Educational and Cultural Affairs.


PAS Paramaribo welcomes proposals that support initiatives such as opening new AWE cohorts, offering follow-on entrepreneurship programming to AWE alumni, and conducting AWE alumni engagement activities.

Participants and Audiences:

Female citizens and residents from Suriname selected by a competitive application process. AWE participants should commit to complete the program, have proven computer skills, and have access to the Internet or a reliable data connection
Ages 18 years and older
Applicants from underserved communities
Applicants’ business is not older than 2 years
Applicants can also have a business idea


FEDERAL AWARD INFORMATION
Length of performance period: 6 to 12 months
Number of awards anticipated: one award (dependent on amounts)
Total available funding: $35,000.00
Type of Funding: FY25 Smith Mundt Public Diplomacy Funds
Anticipated program start date: August 01, 2025
Proposals should generally be no more than four (4) pages in length.
Funding Instrument Type: Grant
Program Performance Period: Proposed programs should be completed in 12 months or less.
Deadline for Applications: Januari 1, 2025

This notice is subject to availability of funding.

Cost Sharing or Matching
Although cost share is not required, it is strongly encouraged. When cost sharing is offered, it is understood and agreed that the applicant must provide the amount of cost sharing as stipulated in its proposal.

Other Eligibility Requirements
In order to be eligible to receive an award, all organizations must have a Unique Entity Identifier (UEI) number issued via www.SAM.gov as well as a valid registration on www.SAM.gov. Please see Section Required Registrations for more information. Only organizations having valid SAM.gov registration will be considered as eligible applicants. Individuals are not required to have a UEI or be registered in SAM.gov.

Applicants are only allowed to submit one proposal per organization. If more than one proposal is submitted from an organization, all proposals from that institution will be considered ineligible for funding.
Applications are accepted in English only, and final grant agreements will be concluded in English.

APPLICATION AND SUBMISSION INFORMATION
Content of Application
Please ensure:

The proposal clearly addresses the goals and objectives of this funding opportunity
All documents are in English
All budgets are in U.S. dollars
All pages are numbered
All documents are formatted to 8 ½ x 11 paper
All Microsoft Word documents are single-spaced, 12 point Calibri font, with a minimum of 1-inch margins


The following documents are required:

Summary Page: Cover sheet stating the applicant’s name and organization, proposal date, program title, program period proposed start and end date, and brief purpose of the program.

Proposal (4 pages maximum): The proposal should contain sufficient information that anyone not familiar with it would understand exactly what the applicant wants to do. You may use your own proposal format, but it must include all the items below.
Proposal Summary: Short narrative that outlines the proposed program, including program objectives and anticipated impact.
Introduction to the Organization or Individual applying: A description of past and present operations, showing ability to carry out the program, including information on all previous grants from the U.S. Embassy and/or U.S. government agencies.
Problem Statement: Clear, concise and well-supported statement of the problem to be addressed and why the proposed program is needed
Program Goals and Objectives:  The “goals” describe what the program is intended to achieve. The “objectives” refer to the intermediate accomplishments on the way to the goals. These should be achievable and measurable.
Program Activities: Describe the program activities and how they will help achieve the objectives.
Program Methods and Design: A description of how the program is expected to work to solve the stated problem and achieve the goal. Include a logic model as appropriate.
Proposed Program Schedule and Timeline:  The proposed timeline for the program activities. Include the dates, times, and locations of planned activities and events.
Key Personnel: Names, titles, roles and experience/qualifications of key personnel involved in the program. What proportion of their time will be used in support of this program?
Program Partners: List the names and type of involvement of key partner organizations and sub-awardees.
Program Monitoring and Evaluation Plan: This is an important part of successful grants. Throughout the timeframe of the grant, how will the activities be monitored to ensure they are happening in a timely manner, and how will the program be evaluated to make sure it is meeting the goals of the grant?
Media/Communications Plan: How will the applicant use traditional and social media to raise awareness about this project and its results?


Other Attachments:

1-page CV or resume of key personnel who are proposed for the program
If you have completed the SAM.gov process, a screenshot showing your active SAM.gov status, or if you still have not completed the SAM.gov registration, a screenshot from SAM.gov reflecting that you have started the process.


Budget Justification Narrative: After filling out the SF-424A Budget (above), use a separate sheet of paper to describe each of the budget expenses in detail. See section Other Information: Guidelines for Budget Submissions below for further information.

Guidelines for Budget Justification
Personnel and Fringe Benefits: Use this budget category to describe the wages, salaries, and benefits of temporary or permanent staff who will be working directly for the applicant on the program, and the percentage of their time that will be spent on the program.
Travel: Use this budget category to estimate the costs of travel and per diem for this program, for program staff, consultants or speakers, and participants/beneficiaries. If the program involves international travel, include a brief statement of justification for that travel.
Equipment: Use this budget category to describe any machinery, furniture, or other personal property that is required for the program, which has a useful life of more than one year (or a life longer than the duration of the program), and costs at least $5,000 per unit.
Supplies: Use this budget category to list and describe all the items and materials, including any computer devices, that are needed for the program. If an item costs more than $5,000 per unit, then put it in the budget under Equipment.
Contractual: Use this budget category to describe goods and services that the applicant plans to acquire through a contract with a vendor. Also describe any sub-awards to non-profit partners that will help carry out the program activities.
Other Direct Costs: Use this budget category to describe other costs directly associated with the program, which do not fit in the other categories. For example, shipping costs for materials and equipment or applicable taxes. All “Other” or “Miscellaneous” expenses must be itemized and explained.
Indirect Costs: These are costs that cannot be linked directly to the program activities, such as overhead costs needed to help keep the organization operating. If your organization has a Negotiated Indirect Cost Rate (NICRA) and includes NICRA charges in the budget, attach a copy of your latest NICRA. Organizations that have never had a NICRA may request indirect costs of 10% of the modified total direct costs as defined in 2 CFR 200.68.

“Cost Sharing” refers to contributions from the organization or other entities other than the U.S. Embassy.  It also includes in-kind contributions such as volunteers’ time and donated venues.

Required Registrations:
All organizations applying for grants (except individuals) must obtain a SAM registration in order to be eligible for a grant. (Registration is free of charge).

If an organization plans to issue a sub-contract or sub-award, those sub-awardees must also have a unique entity identifier (UEI number). Those entities can register for a UEI only at SAM.gov.

Note: The process of obtaining or renewing a SAM.gov registration may take anywhere from 4-8 weeks. Please begin your registration as early as possible.

Funding Restrictions
Award fund cannot be used to purchase alcoholic beverages or to settle personal expenses of the project implementer. Award funds cannot be used for construction.

Other Submission Requirements
All application materials must be submitted by email to paramaribo-grants@state.gov

APPLICATION REVIEW INFORMATION
Criteria
Each application will be evaluated and rated on the basis of the evaluation criteria outlined below:

Strength and feasibility of program design – 20 points: The program idea is well developed, with detail about how program activities will be carried out. The proposal includes a reasonable implementation timeline.
Degree of ECA exchange alumni engagement in AWE programming – 20 points: A clear description of how applicant/organization will incorporate participants of former AWE program or other alumni of U.S. government sponsored programs in the program
Strength of communication, media, and outreach plans – 20 points: The applicant/organization clearly describes the use of traditional and social media to raise awareness about this project and its results.
Structure of monitoring and evaluation strategy – 20 points: Applicant demonstrates it is able to measure program success against key indicators and provides milestones to indicate progress toward goals outlined in the proposal. The program includes output and outcome indicators and shows how and when those will be measured.
Budget feasibility and budget narrative – 20 points: The budget justification is detailed. Costs are reasonable in relation to the proposed activities and anticipated results. The budget is realistic, accounting for all necessary expenses to achieve proposed activities.


Review and Selection Process
A review committee will evaluate all eligible applications.

FEDERAL AWARD ADMINISTRATION INFORMATION

Federal Award Notices:
The grant award or cooperative agreement will be written, signed, awarded, and administered by the Grants Officer. The assistance award agreement is the authorizing document and it will be provided to the recipient for review and signature by email. The recipient may only start incurring program expenses beginning on the start date shown on the grant award document signed by the Grants Officer.

Payment Method: The standard form SF-270 Request for Advance or Reimbursement Payments may be submitted in the amounts required by the recipient to carry out the purpose of this award. Payments will be made in multiple installments.

Reporting:
Reporting Requirements: Recipients will be required to submit financial reports and program reports. The award document will specify how often these reports must be submitted.  The disbursement of funds may be tied to submission of these reports in a timely manner.

FEDERAL AWARDING AGENCY CONTACTS
If you have any questions about the grant application process, please contact: Paramaribo-grants@state.gov.

","Others (see text field entitled ""Additional Information on Eligibility"" for clarification)","program objectives:
the proposals should meet the following objectives:

provide resources for women to engage in u.s.-style online education with guided facilitation and localization from eca exchange program alumni, local women business leaders, or other local partners.
foster networks that support participants’ access to peer-to-peer mentorship, business partners, and scaling opportunities with businesses in the region and in the united states.
build a network of female entrepreneurs that is committed to supporting and promoting relationships that help grow businesses and drive local partnerships, and
equip participants with skills and knowledge to build sustainable businesses
proposals should generally be no more than four (4) pages in length


proposals submitted should clearly address program implementation showing the proposed activities and suggested speakers. applicants should give a detailed recruitment strategy for the target population, clearly specifying how the embassy would be involved. the proposal should include ideas for follow-up activities after program implementation to assess the impact of the program. proposals with sustainability and/or cost sharing built in are preferred.
applicants should be able to demonstrate extensive experience in organizing entrepreneurship or business programs and should have an established network of entrepreneurs and business leaders throughout suriname.

responsibilities of the awardee:
the recipient agrees to coordinate and administer the program and meet the specific objectives below:

recruitment of awe participants ages 18 years and older, who have recently started a business or have demonstrated interest and progress in developing an entrepreneurial idea. selected participants of this program should be comfortable taking a course and completing assignments in english and be willing to commit up to 4 hours a week for participation in the awe.
design and promote the call for applications through traditional and/or social media platforms and organizational networks that will maximize the number of women reached, including women in underserved communities.
assume responsibility for receiving and reviewing applications and selecting the applicants/participants for this program.
arrange and identify all logistics related to hosting the opening and closing ceremonies as well as any other program events/activities.
identify a skilled and experienced facilitator who will lead class sessions, create content for the sessions that supports dreambuilder program or 100 million learners’ initiative content and is adaptable to reflect local practices and regulations in suriname. the facilitator will be present for all sessions to provide program continuity.
assign a representative to review and provide guidance on participant’s business plans and pitch activities.
identify and contract external speakers for the workshop and the pitch competition.
execute a comprehensive monitoring and evaluation plan consisting of a series of data collection and assessment activities during the program, and after the program completion to evaluate the effectiveness of this awe program.
collaborate with the embassy on the implementation of program/sessions
collaborate with the embassy to identify external speakers for sessions from the network of eca alumni of exchange programs.
provide quarterly updates on the execution of the project, inclusive of attendance records and relevant engagement surveys.
liaise with the embassy and provide immediate updates on challenges or issues encountered
update the embassy on program design.
maintain a register of awe participants.
collect and share images and videos of the cohort for use as testimonials by the bureau of educational and cultural affairs.


pas paramaribo welcomes proposals that support initiatives such as opening new awe cohorts, offering follow-on entrepreneurship programming to awe alumni, and conducting awe alumni engagement activities.

participants and audiences:

female citizens and residents from suriname selected by a competitive application process. awe participants should commit to complete the program, have proven computer skills, and have access to the internet or a reliable data connection
ages 18 years and older
applicants from underserved communities
applicants’ business is not older than 2 years
applicants can also have a business idea


federal award information
length of performance period: 6 to 12 months
number of awards anticipated: one award (dependent on amounts)
total available funding: $35,000.00
type of funding: fy25 smith mundt public diplomacy funds
anticipated program start date: august 01, 2025
proposals should generally be no more than four (4) pages in length.
funding instrument type: grant
program performance period: proposed programs should be completed in 12 months or less.
deadline for applications: januari 1, 2025

this notice is subject to availability of funding.

cost sharing or matching
although cost share is not required, it is strongly encouraged. when cost sharing is offered, it is understood and agreed that the applicant must provide the amount of cost sharing as stipulated in its proposal.

other eligibility requirements
in order to be eligible to receive an award, all organizations must have a unique entity identifier (uei) number issued via www.sam.gov as well as a valid registration on www.sam.gov. please see section required registrations for more information. only organizations having valid sam.gov registration will be considered as eligible applicants. individuals are not required to have a uei or be registered in sam.gov.

applicants are only allowed to submit one proposal per organization. if more than one proposal is submitted from an organization, all proposals from that institution will be considered ineligible for funding.
applications are accepted in english only, and final grant agreements will be concluded in english.

application and submission information
content of application
please ensure:

the proposal clearly addresses the goals and objectives of this funding opportunity
all documents are in english
all budgets are in u.s. dollars
all pages are numbered
all documents are formatted to 8 ½ x 11 paper
all microsoft word documents are single-spaced, 12 point calibri font, with a minimum of 1-inch margins


the following documents are required:

summary page: cover sheet stating the applicant’s name and organization, proposal date, program title, program period proposed start and end date, and brief purpose of the program.

proposal (4 pages maximum): the proposal should contain sufficient information that anyone not familiar with it would understand exactly what the applicant wants to do. you may use your own proposal format, but it must include all the items below.
proposal summary: short narrative that outlines the proposed program, including program objectives and anticipated impact.
introduction to the organization or individual applying: a description of past and present operations, showing ability to carry out the program, including information on all previous grants from the u.s. embassy and/or u.s. government agencies.
problem statement: clear, concise and well-supported statement of the problem to be addressed and why the proposed program is needed
program goals and objectives:  the “goals” describe what the program is intended to achieve. the “objectives” refer to the intermediate accomplishments on the way to the goals. these should be achievable and measurable.
program activities: describe the program activities and how they will help achieve the objectives.
program methods and design: a description of how the program is expected to work to solve the stated problem and achieve the goal. include a logic model as appropriate.
proposed program schedule and timeline:  the proposed timeline for the program activities. include the dates, times, and locations of planned activities and events.
key personnel: names, titles, roles and experience/qualifications of key personnel involved in the program. what proportion of their time will be used in support of this program?
program partners: list the names and type of involvement of key partner organizations and sub-awardees.
program monitoring and evaluation plan: this is an important part of successful grants. throughout the timeframe of the grant, how will the activities be monitored to ensure they are happening in a timely manner, and how will the program be evaluated to make sure it is meeting the goals of the grant?
media/communications plan: how will the applicant use traditional and social media to raise awareness about this project and its results?


other attachments:

1-page cv or resume of key personnel who are proposed for the program
if you have completed the sam.gov process, a screenshot showing your active sam.gov status, or if you still have not completed the sam.gov registration, a screenshot from sam.gov reflecting that you have started the process.


budget justification narrative: after filling out the sf-424a budget (above), use a separate sheet of paper to describe each of the budget expenses in detail. see section other information: guidelines for budget submissions below for further information.

guidelines for budget justification
personnel and fringe benefits: use this budget category to describe the wages, salaries, and benefits of temporary or permanent staff who will be working directly for the applicant on the program, and the percentage of their time that will be spent on the program.
travel: use this budget category to estimate the costs of travel and per diem for this program, for program staff, consultants or speakers, and participants/beneficiaries. if the program involves international travel, include a brief statement of justification for that travel.
equipment: use this budget category to describe any machinery, furniture, or other personal property that is required for the program, which has a useful life of more than one year (or a life longer than the duration of the program), and costs at least $5,000 per unit.
supplies: use this budget category to list and describe all the items and materials, including any computer devices, that are needed for the program. if an item costs more than $5,000 per unit, then put it in the budget under equipment.
contractual: use this budget category to describe goods and services that the applicant plans to acquire through a contract with a vendor. also describe any sub-awards to non-profit partners that will help carry out the program activities.
other direct costs: use this budget category to describe other costs directly associated with the program, which do not fit in the other categories. for example, shipping costs for materials and equipment or applicable taxes. all “other” or “miscellaneous” expenses must be itemized and explained.
indirect costs: these are costs that cannot be linked directly to the program activities, such as overhead costs needed to help keep the organization operating. if your organization has a negotiated indirect cost rate (nicra) and includes nicra charges in the budget, attach a copy of your latest nicra. organizations that have never had a nicra may request indirect costs of 10% of the modified total direct costs as defined in 2 cfr 200.68.

“cost sharing” refers to contributions from the organization or other entities other than the u.s. embassy.  it also includes in-kind contributions such as volunteers’ time and donated venues.

required registrations:
all organizations applying for grants (except individuals) must obtain a sam registration in order to be eligible for a grant. (registration is free of charge).

if an organization plans to issue a sub-contract or sub-award, those sub-awardees must also have a unique entity identifier (uei number). those entities can register for a uei only at sam.gov.

note: the process of obtaining or renewing a sam.gov registration may take anywhere from 4-8 weeks. please begin your registration as early as possible.

funding restrictions
award fund cannot be used to purchase alcoholic beverages or to settle personal expenses of the project implementer. award funds cannot be used for construction.

other submission requirements
all application materials must be submitted by email to paramaribo-grants@state.gov

application review information
criteria
each application will be evaluated and rated on the basis of the evaluation criteria outlined below:

strength and feasibility of program design – 20 points: the program idea is well developed, with detail about how program activities will be carried out. the proposal includes a reasonable implementation timeline.
degree of eca exchange alumni engagement in awe programming – 20 points: a clear description of how applicant/organization will incorporate participants of former awe program or other alumni of u.s. government sponsored programs in the program
strength of communication, media, and outreach plans – 20 points: the applicant/organization clearly describes the use of traditional and social media to raise awareness about this project and its results.
structure of monitoring and evaluation strategy – 20 points: applicant demonstrates it is able to measure program success against key indicators and provides milestones to indicate progress toward goals outlined in the proposal. the program includes output and outcome indicators and shows how and when those will be measured.
budget feasibility and budget narrative – 20 points: the budget justification is detailed. costs are reasonable in relation to the proposed activities and anticipated results. the budget is realistic, accounting for all necessary expenses to achieve proposed activities.


review and selection process
a review committee will evaluate all eligible applications.

federal award administration information

federal award notices:
the grant award or cooperative agreement will be written, signed, awarded, and administered by the grants officer. the assistance award agreement is the authorizing document and it will be provided to the recipient for review and signature by email. the recipient may only start incurring program expenses beginning on the start date shown on the grant award document signed by the grants officer.

payment method: the standard form sf-270 request for advance or reimbursement payments may be submitted in the amounts required by the recipient to carry out the purpose of this award. payments will be made in multiple installments.

reporting:
reporting requirements: recipients will be required to submit financial reports and program reports. the award document will specify how often these reports must be submitted.  the disbursement of funds may be tied to submission of these reports in a timely manner.

federal awarding agency contacts
if you have any questions about the grant application process, please contact: paramaribo-grants@state.gov.

",True,False
"=HYPERLINK(""https://www.grants.gov/search-results-detail/355902"",""RFA-IP-25-111"")",Rapid-Cycle Survey Collaborative for Provider and Public Input on Immunization Issues,HHS-CDC-HHSCDCERA,Centers for Disease Control and Prevention - ERA,Health,,Cooperative Agreement,"93.185 - Immunization Research, Demonstration, Public Information and Education Training and Clinical Skills Improvement Projects",3750000.0,1.0,750000,400000,No,,"Jamal Bankhead
JBankhead@cdc.gov",,JBankhead@cdc.gov,,,2024-12-04,02/06/2025,Dec-04-2024 02:29:21 PM EST,Synopsis 1,Archived,Yes,Yes,"The purpose of this notice of funding opportunity (NOFO) is to support a research project to obtain timely input from nationally representative samples of healthcare providers and of the public on critical immunization issues of importance to public health. The objectives of this NOFO are: (1) to conduct multiple surveys of healthcare providers and the public each year of the period of performance to collect immunization-related data using scientifically sound methods with adequate response rates that produce generalizable results, and (2) to disseminate these results broadly to assist in informing recommendations for new vaccines, developing strategies to improve immunization coverage, and instituting contingency plans to address urgent problems (e.g., vaccine supply shortages). Surveyed healthcare providers should include at a minimum: pediatricians, family physicians, obstetrician/gynecologists, general internists, and pharmacists.  Surveyed members of the public should be at least 18 years old and should include subpopulations of special interest for consideration of immunization-related issues such as pregnant women, parents of children aged 0-5 years, and persons with chronic medical conditions.","State governments; County governments; City or township governments; Special district governments; Independent school districts; Public and State controlled institutions of higher education; Native American tribal governments (Federally recognized); Public housing authorities/Indian housing authorities; Native American tribal organizations (other than Federally recognized tribal governments); Nonprofits having a 501(c)(3) status with the IRS, other than institutions of higher education; Nonprofits that do not have a 501(c)(3) status with the IRS, other than institutions of higher education; Private institutions of higher education; Others (see text field entitled ""Additional Information on Eligibility"" for clarification)","the purpose of this notice of funding opportunity (nofo) is to support a research project to obtain timely input from nationally representative samples of healthcare providers and of the public on critical immunization issues of importance to public health. the objectives of this nofo are: (1) to conduct multiple surveys of healthcare providers and the public each year of the period of performance to collect immunization-related data using scientifically sound methods with adequate response rates that produce generalizable results, and (2) to disseminate these results broadly to assist in informing recommendations for new vaccines, developing strategies to improve immunization coverage, and instituting contingency plans to address urgent problems (e.g., vaccine supply shortages). surveyed healthcare providers should include at a minimum: pediatricians, family physicians, obstetrician/gynecologists, general internists, and pharmacists.  surveyed members of the public should be at least 18 years old and should include subpopulations of special interest for consideration of immunization-related issues such as pregnant women, parents of children aged 0-5 years, and persons with chronic medical conditions.",True,False
"=HYPERLINK(""https://www.grants.gov/search-results-detail/357503"",""AEIFFY25"")",Alumni Engagement Innovation Fund - FY25,DOS-SDN,U.S. Mission to Sudan,"Other (see text field entitled ""Explanation of Other Category of Funding Activity"" for clarification)","Building civic participation; promoting good governance and resilient communities; fostering economic prosperity; empowering women and girls; advancing science, technology, health, and innovation; and promoting inclusion and educational opportunity.",Grant; Other,19.450 - ECA Individual Grants,,,35000,5000,No,https://usdos-my.sharepoint.com/:w:/g/personal/aguzinsm_state_gov/ERC0dkRVEwZOqzswdfxOiMsB3Wzhh8qRTFotyYdqfgI_OA?e=0pu1kl&clickparams=eyAiWC1BcHBOYW1lIiA6ICJNaWNyb3NvZnQgT3V0bG9vayIsICJYLUFwcFZlcnNpb24iIDogIjE2LjAuMTc5MjguMjAyMTYiLCAiT1MiIDogIldpbmRv,"Ali M Mohmoud
Grantor
Phone 00249912167827",,KhartoumEmbassyGrants@state.gov,,,2024-12-03,01/31/2025,Dec-04-2024 02:26:18 AM EST,Synopsis 1,Archived,Yes,Yes,"The Office of Sudan Affairs announces an open competition for past participants (“alumni”) of U.S. government-funded and U.S. government-sponsored exchange programs to submit applications to the 2025 Alumni Engagement Innovation Fund (AEIF 2025). We seek proposals from teams of at least two alumni that meet all program eligibility requirements below. Exchange alumni interested in participating in AEIF 2025 should submit proposals to khartoumembassygrants@state.gov by January 31, 2025.
AEIF provides alumni of U.S. government-sponsored exchange programs the opportunity to expand on skills gained during their exchange experiences and develop innovative public service-oriented projects that address U.S. foreign policy themes such as building civic participation; promoting good governance and resilient communities; fostering economic prosperity; empowering women and girls; advancing science, technology, health, and innovation; and promoting inclusion and educational opportunity.
Program Objectives: 
Through this notice of funding, we are seeking proposals from exchange alumni, and we expect proposals to cover or to fall under one of the following objectives: 
·       Promoting human rights awareness and advocacy
·       Promoting civic education and engagement
·       Promoting media capacity building
·       Promoting women’s leadership, entrepreneurship, and STEM
·       Promoting societal inclusion 
·       Promoting peace through the arts
·        Promoting English language learning 
The Office of Sudan Affairs will accept public service projects proposed and managed by teams of at least two alumni that support goals in line with the objectives above. Proposals for projects inside Sudan will be accepted, as long as they provide a clear risk assessment and a monitoring plan that address security risks and contingencies given the instability of the situation in Sudan. Proposals for projects outside Sudan should provide a clear description of the beneficiaries and how the project aims to engage with them.
A.   FEDERAL AWARD INFORMATION
Announcement posted: December 3, 2025
Closing date for applications: January 31, 2025 
Award amounts: $5,000 to $35,000 per project 
Funding type: Overall grant making authority for this program is contained in the Mutual Educational and Cultural Exchange Act of 1961, Public Law 87-256, as amended, also known as the Fulbright-Hays Act.
Decision date: no later than May 15, 2025
Anticipated program start date: Between August and October 2025
This notice is subject to availability of funding.
Funding Instrument Type: Grant, fixed amount award
Program Performance Period:  Proposed programs should be completed in one year or less. 
B.     ELIGILIBITY INFORMATION 
1.    Eligible Applicants 
The following individuals are eligible to apply:
·        Applicants must be alumni of a U.S. government-funded or U.S. government-sponsored exchange program (https://alumni.state.gov/list-exchange-programs).
·       Projects teams must include at least two alumni.
·       Alumni who are U.S. citizens may not submit proposals, but U.S. citizen alumni may participate as team members in a project.
·       Alumni teams may include alumni from different exchange programs and different countries.
·        Applications must be submitted by exchange alumni or associations of USG exchange alumni. No other organizations are eligible to apply. Exchange alumni may partner with not-for-profit or non-governmental organizations, think tanks, and academic institutions to implement project activities. Grants may be issued to individual alumni or partner organizations.
2.    Cost Sharing
Inclusion of a cost sharing component in the proposal is not required.
3.    Grant Program Area 
Proposals must address one of the objectives above. Proposals that do not address one of those themes as outlined in the program objectives will be deemed ineligible. All project activities must take place outside of the United States and its territories. 
4.    Other Eligibility Requirements
To be eligible to receive an award, organizations must have a Unique Entity Identifier (UEI) number issued via www.SAM.gov, as well as a valid registration in www.SAM.gov. Individuals are not required to have a UEI or be registered in SAM.gov.
C.     APPLICATION AND SUBMISSION INFORMATION
*  Kindly see attached Application Package 
","Individuals; Others (see text field entitled ""Additional Information on Eligibility"" for clarification)","the office of sudan affairs announces an open competition for past participants (“alumni”) of u.s. government-funded and u.s. government-sponsored exchange programs to submit applications to the 2025 alumni engagement innovation fund (aeif 2025). we seek proposals from teams of at least two alumni that meet all program eligibility requirements below. exchange alumni interested in participating in aeif 2025 should submit proposals to khartoumembassygrants@state.gov by january 31, 2025.
aeif provides alumni of u.s. government-sponsored exchange programs the opportunity to expand on skills gained during their exchange experiences and develop innovative public service-oriented projects that address u.s. foreign policy themes such as building civic participation; promoting good governance and resilient communities; fostering economic prosperity; empowering women and girls; advancing science, technology, health, and innovation; and promoting inclusion and educational opportunity.
program objectives: 
through this notice of funding, we are seeking proposals from exchange alumni, and we expect proposals to cover or to fall under one of the following objectives: 
·       promoting human rights awareness and advocacy
·       promoting civic education and engagement
·       promoting media capacity building
·       promoting women’s leadership, entrepreneurship, and stem
·       promoting societal inclusion 
·       promoting peace through the arts
·        promoting english language learning 
the office of sudan affairs will accept public service projects proposed and managed by teams of at least two alumni that support goals in line with the objectives above. proposals for projects inside sudan will be accepted, as long as they provide a clear risk assessment and a monitoring plan that address security risks and contingencies given the instability of the situation in sudan. proposals for projects outside sudan should provide a clear description of the beneficiaries and how the project aims to engage with them.
a.   federal award information
announcement posted: december 3, 2025
closing date for applications: january 31, 2025 
award amounts: $5,000 to $35,000 per project 
funding type: overall grant making authority for this program is contained in the mutual educational and cultural exchange act of 1961, public law 87-256, as amended, also known as the fulbright-hays act.
decision date: no later than may 15, 2025
anticipated program start date: between august and october 2025
this notice is subject to availability of funding.
funding instrument type: grant, fixed amount award
program performance period:  proposed programs should be completed in one year or less. 
b.     eligilibity information 
1.    eligible applicants 
the following individuals are eligible to apply:
·        applicants must be alumni of a u.s. government-funded or u.s. government-sponsored exchange program (https://alumni.state.gov/list-exchange-programs).
·       projects teams must include at least two alumni.
·       alumni who are u.s. citizens may not submit proposals, but u.s. citizen alumni may participate as team members in a project.
·       alumni teams may include alumni from different exchange programs and different countries.
·        applications must be submitted by exchange alumni or associations of usg exchange alumni. no other organizations are eligible to apply. exchange alumni may partner with not-for-profit or non-governmental organizations, think tanks, and academic institutions to implement project activities. grants may be issued to individual alumni or partner organizations.
2.    cost sharing
inclusion of a cost sharing component in the proposal is not required.
3.    grant program area 
proposals must address one of the objectives above. proposals that do not address one of those themes as outlined in the program objectives will be deemed ineligible. all project activities must take place outside of the united states and its territories. 
4.    other eligibility requirements
to be eligible to receive an award, organizations must have a unique entity identifier (uei) number issued via www.sam.gov, as well as a valid registration in www.sam.gov. individuals are not required to have a uei or be registered in sam.gov.
c.     application and submission information
*  kindly see attached application package 
",True,False
"=HYPERLINK(""https://www.grants.gov/search-results-detail/357501"",""PDS-DHAKA-NOFO-FY2025-02"")",Academy for Women Entrepreneurs (AWE) 2025,DOS-BGD,U.S. Mission to Bangladesh,"Employment, Labor and Training",,Grant,19.022 - Educational and Cultural Exchange Programs Appropriation Overseas Grants,35000.0,1.0,35000,25000,No,,"Dhaka Grants Administration Team
Public Diplomacy Section| U.S. Embassy - Dhaka
Phone 880255662000",,dhakagrants@state.gov,,,2024-12-03,01/15/2025,Dec-03-2024 03:28:54 AM EST,Synopsis 1,Archived,Yes,Yes,"The U.S. Embassy's Public Diplomacy Section in Dhaka invites proposals for the 2025 Academy for Women Entrepreneurs (AWE) program in Bangladesh. Eligible organizations must be legally recognized non-profits or non-governmental entities that comply with U.S. and Bangladeshi technical and legal standards for implementing Public Diplomacy programs, as outlined in Section B. The Academy for Women Entrepreneurs (AWE) equips women with the knowledge, tools, and connections needed to start and grow successful businesses. By fostering entrepreneurial skills and promoting financial independence, the program creates opportunities for women to overcome barriers to economic participation. With a focus on empowering women from underserved and marginalized communities, AWE prepares participants to thrive in the private sector and contribute meaningfully to their local economies.

﻿1.  Project Background, Goals, and Objectives
The Academy for Women Entrepreneurs (AWE) was launched by the Bureau of Educational and Cultural Affairs (ECA) in 2019 to address the barriers women face in starting and scaling businesses. The program empowers women by providing access to practical, no-cost online business education and localized coaching and mentorship. It leverages platforms like DreamBuilder, created in partnership with Arizona State University’s Thunderbird School of Global Management and the Freeport-McMoRan Foundation, and the Najafi 100 Million Learners Global Initiative to deliver flexible, high-impact training in core business skills. AWE also fosters peer-to-peer learning, mentorship, and networking opportunities with U.S. exchange alumni and local business leaders.
In Bangladesh, AWE addresses the critical challenges women entrepreneurs encounter, such as limited access to finance, professional networks, and structured business training. These challenges are compounded by socio-economic barriers that often restrict women's participation in the economy. Previous projects have demonstrated that combining U.S.-style online learning with localized facilitation and mentorship significantly enhances participants' skills, confidence, and economic outcomes. AWE alumni have reported substantial improvements in their businesses, with 74% achieving higher incomes and 29% hiring additional staff, showcasing the program's potential to drive local prosperity.
Participants in the AWE program will engage in facilitated in-person and virtual sessions with established Bangladeshi and U.S. entrepreneurs, alumni of U.S.-funded exchange programs, and other experts from diverse fields that enrich the program. Proposals must integrate the online interactive DreamBuilder course and may include elements from the Najafi 100 Million Learners Global Initiative curriculum, focusing on key topics in entrepreneurship and innovation. The program may be implemented in multiple locations, run cohorts of up to 30 participants, and must include a strong American component, such as U.S. experts serving as guest teachers or coaches, clearly articulated in the proposed syllabus.
Proposals must also include engagement activities for AWE alumnae from previous years. These activities could include site visits, seed funding opportunities, exchanges, pitch competitions, fairs, networking, or other creative elements that encourage alumnae to remain connected and continue to grow their businesses. Proposals incorporating such innovative and interactive elements will be more competitive.
Through this NOFO, the Public Diplomacy Section (PDS) seeks to expand on these successes by scaling the program's impact in Bangladesh. The goal is to empower a new generation of women entrepreneurs by equipping them with the skills, networks, and confidence needed to succeed. Success will be measured through participants’ ability to apply learned skills, increase business profitability, generate jobs, and foster resilience in the face of challenges. This initiative aims to create sustainable economic growth and promote women’s leadership in entrepreneurship, contributing to Bangladesh’s broader socio-economic development.
Project Audience(s): The Academy for Women Entrepreneurs (AWE) program targets aspiring women entrepreneurs from diverse and underrepresented backgrounds across Bangladesh. Primary beneficiaries include women from marginalized communities, rural and urban areas, and various educational and professional levels, ensuring an inclusive approach to fostering entrepreneurship. The program prioritizes those facing systemic barriers to economic participation, equipping them with skills, networks, and confidence to succeed. Some demographics to consider, include:
·        Gender
·        Geographic Location
·        Age Group
·        Level of Education
·        Social Class
·        Religious Practice
·        Profession
 
Project Goal:  Empower the next generation of women entrepreneurs in Bangladesh by providing them with the knowledge, networks, and skills essential for business success. AWE aims to prepare women for leadership roles through a flexible educational platform, fostering connections with peers, and facilitating mentorship opportunities with accomplished female leaders in the entrepreneurial landscape.
Project Objectives: 
·        Objective 1: Train 25-30 aspiring women entrepreneurs from diverse and marginalized backgrounds in foundational business skills, including strategic planning, marketing, and finance, through globally recognized curricula like DreamBuilder or the Najafi 100 Million Learners Global Initiative.
·        Objective 2: Strengthen mentorship and peer-to-peer networks by engaging U.S. exchange alumni, local business leaders, and facilitators to provide guidance, practical support, and opportunities for collaboration among participants.
·        Objective 3: Empower program participants to create scalable business models, with measurable outcomes including at least 30% reporting increased income and 15% hiring additional staff within a year of program completion.
·        Objective 4: Foster long-term alumni engagement by organizing targeted follow-on activities such as regional summits, networking events, and skills enhancement workshops, ensuring continuous development and knowledge-sharing.
·        Objective 5: Promote inclusivity and diversity by ensuring that at least 50% of participants represent economically disadvantaged, rural, or minority communities, advancing equitable socio-economic development across Bangladesh.
These objectives aim to drive sustainable economic growth, enhance gender equity, and support the U.S. Mission’s goals of empowering women entrepreneurs and strengthening local and global networks.","Others (see text field entitled ""Additional Information on Eligibility"" for clarification)","the u.s. embassy's public diplomacy section in dhaka invites proposals for the 2025 academy for women entrepreneurs (awe) program in bangladesh. eligible organizations must be legally recognized non-profits or non-governmental entities that comply with u.s. and bangladeshi technical and legal standards for implementing public diplomacy programs, as outlined in section b. the academy for women entrepreneurs (awe) equips women with the knowledge, tools, and connections needed to start and grow successful businesses. by fostering entrepreneurial skills and promoting financial independence, the program creates opportunities for women to overcome barriers to economic participation. with a focus on empowering women from underserved and marginalized communities, awe prepares participants to thrive in the private sector and contribute meaningfully to their local economies.

﻿1.  project background, goals, and objectives
the academy for women entrepreneurs (awe) was launched by the bureau of educational and cultural affairs (eca) in 2019 to address the barriers women face in starting and scaling businesses. the program empowers women by providing access to practical, no-cost online business education and localized coaching and mentorship. it leverages platforms like dreambuilder, created in partnership with arizona state university’s thunderbird school of global management and the freeport-mcmoran foundation, and the najafi 100 million learners global initiative to deliver flexible, high-impact training in core business skills. awe also fosters peer-to-peer learning, mentorship, and networking opportunities with u.s. exchange alumni and local business leaders.
in bangladesh, awe addresses the critical challenges women entrepreneurs encounter, such as limited access to finance, professional networks, and structured business training. these challenges are compounded by socio-economic barriers that often restrict women's participation in the economy. previous projects have demonstrated that combining u.s.-style online learning with localized facilitation and mentorship significantly enhances participants' skills, confidence, and economic outcomes. awe alumni have reported substantial improvements in their businesses, with 74% achieving higher incomes and 29% hiring additional staff, showcasing the program's potential to drive local prosperity.
participants in the awe program will engage in facilitated in-person and virtual sessions with established bangladeshi and u.s. entrepreneurs, alumni of u.s.-funded exchange programs, and other experts from diverse fields that enrich the program. proposals must integrate the online interactive dreambuilder course and may include elements from the najafi 100 million learners global initiative curriculum, focusing on key topics in entrepreneurship and innovation. the program may be implemented in multiple locations, run cohorts of up to 30 participants, and must include a strong american component, such as u.s. experts serving as guest teachers or coaches, clearly articulated in the proposed syllabus.
proposals must also include engagement activities for awe alumnae from previous years. these activities could include site visits, seed funding opportunities, exchanges, pitch competitions, fairs, networking, or other creative elements that encourage alumnae to remain connected and continue to grow their businesses. proposals incorporating such innovative and interactive elements will be more competitive.
through this nofo, the public diplomacy section (pds) seeks to expand on these successes by scaling the program's impact in bangladesh. the goal is to empower a new generation of women entrepreneurs by equipping them with the skills, networks, and confidence needed to succeed. success will be measured through participants’ ability to apply learned skills, increase business profitability, generate jobs, and foster resilience in the face of challenges. this initiative aims to create sustainable economic growth and promote women’s leadership in entrepreneurship, contributing to bangladesh’s broader socio-economic development.
project audience(s): the academy for women entrepreneurs (awe) program targets aspiring women entrepreneurs from diverse and underrepresented backgrounds across bangladesh. primary beneficiaries include women from marginalized communities, rural and urban areas, and various educational and professional levels, ensuring an inclusive approach to fostering entrepreneurship. the program prioritizes those facing systemic barriers to economic participation, equipping them with skills, networks, and confidence to succeed. some demographics to consider, include:
·        gender
·        geographic location
·        age group
·        level of education
·        social class
·        religious practice
·        profession
 
project goal:  empower the next generation of women entrepreneurs in bangladesh by providing them with the knowledge, networks, and skills essential for business success. awe aims to prepare women for leadership roles through a flexible educational platform, fostering connections with peers, and facilitating mentorship opportunities with accomplished female leaders in the entrepreneurial landscape.
project objectives: 
·        objective 1: train 25-30 aspiring women entrepreneurs from diverse and marginalized backgrounds in foundational business skills, including strategic planning, marketing, and finance, through globally recognized curricula like dreambuilder or the najafi 100 million learners global initiative.
·        objective 2: strengthen mentorship and peer-to-peer networks by engaging u.s. exchange alumni, local business leaders, and facilitators to provide guidance, practical support, and opportunities for collaboration among participants.
·        objective 3: empower program participants to create scalable business models, with measurable outcomes including at least 30% reporting increased income and 15% hiring additional staff within a year of program completion.
·        objective 4: foster long-term alumni engagement by organizing targeted follow-on activities such as regional summits, networking events, and skills enhancement workshops, ensuring continuous development and knowledge-sharing.
·        objective 5: promote inclusivity and diversity by ensuring that at least 50% of participants represent economically disadvantaged, rural, or minority communities, advancing equitable socio-economic development across bangladesh.
these objectives aim to drive sustainable economic growth, enhance gender equity, and support the u.s. mission’s goals of empowering women entrepreneurs and strengthening local and global networks.",True,False
"=HYPERLINK(""https://www.grants.gov/search-results-detail/357414"",""OFOP0001693"")",Alumni Engagement Innovation Fund  2025 (AEIF 2025),DOS-QAT,U.S. Mission to Qatar,Community Development,"build and expand alumni networks;  supporting entrepreneurship, innovation, and STEM fields; and  encouraging youth to participate in civic life through social entrepreneurship",Other,19.022 - Educational and Cultural Exchange Programs Appropriation Overseas Grants,70000.0,2.0,35000,5000,No,https://mygrants.servicenowservices.com/mygrants?id=mygrants_form&table=x_g_usd4_o_grant_funding_opportunity&sys_id=0391d1f21bc6d690baa70fe4604bcb17&view=Default,DohaGrants@state.gov,,,,,2024-11-27,02/01/2025,Nov-27-2024 01:37:04 AM EST,Synopsis 1,Closed,No,No,"U.S. Embassy Doha invites past participants (“alumni”) of U.S. government-sponsored Exchange programs to apply for the Alumni Engagement Innovation Fund 2025 (AEIF 2025).  Proposals must include teams of at least two alumni that meet all program eligibility requirements.  AEIF provides alumni with funding to expand on skills gained during their exchange experience to design and implement innovative solutions to global challenges facing their community. 

U.S. Embassy Doha will accept projects proposed and managed by teams that include at least two (2) alumni and support the following objectives:

•	Bringing alumni together from different exchange programs to build and expand alumni networks and to increase regional and global alumni collaboration.
•	Encouraging the local population to act against Climate Change, including crafting creative solutions to environmental challenges, green energy, and climate change adaptation.
•	Supporting entrepreneurship, innovation, and STEM fields to expand economic empowerment of Women, Youth, and Underserved Populations.
•	Encouraging youth to participate in civic life through social entrepreneurship, volunteerism, and community engagement.
•	Encouraging students to choose the United States for their educational needs and for English language learning.

Proposals that do not address these objectives will be deemed ineligible. All project activities must take place outside of the United States and its territories.

Please follow all instructions detailed here and in the attached Full Notice of Funding Opportunity titled ""Notice of Funding Opportunity AEIF 2025 - OFOP0001693."" Proposals that do not meet the requirements of this announcement or fail to comply with the stated requirements will be ineligible.","Others (see text field entitled ""Additional Information on Eligibility"" for clarification)","u.s. embassy doha invites past participants (“alumni”) of u.s. government-sponsored exchange programs to apply for the alumni engagement innovation fund 2025 (aeif 2025).  proposals must include teams of at least two alumni that meet all program eligibility requirements.  aeif provides alumni with funding to expand on skills gained during their exchange experience to design and implement innovative solutions to global challenges facing their community. 

u.s. embassy doha will accept projects proposed and managed by teams that include at least two (2) alumni and support the following objectives:

•	bringing alumni together from different exchange programs to build and expand alumni networks and to increase regional and global alumni collaboration.
•	encouraging the local population to act against climate change, including crafting creative solutions to environmental challenges, green energy, and climate change adaptation.
•	supporting entrepreneurship, innovation, and stem fields to expand economic empowerment of women, youth, and underserved populations.
•	encouraging youth to participate in civic life through social entrepreneurship, volunteerism, and community engagement.
•	encouraging students to choose the united states for their educational needs and for english language learning.

proposals that do not address these objectives will be deemed ineligible. all project activities must take place outside of the united states and its territories.

please follow all instructions detailed here and in the attached full notice of funding opportunity titled ""notice of funding opportunity aeif 2025 - ofop0001693."" proposals that do not meet the requirements of this announcement or fail to comply with the stated requirements will be ineligible.",True,False
"=HYPERLINK(""https://www.grants.gov/search-results-detail/357397"",""PAS-KHARTOUM-FY25-01"")","Office of Sudan Affairs, PDS Annual Program Statement",DOS-SDN,U.S. Mission to Sudan,"Other (see text field entitled ""Explanation of Other Category of Funding Activity"" for clarification)","Priority Program Areas:The proposal must address one of the following priority program areas: 
Promoting women’s leadership, entrepreneurship, and STEM;
Promoting peace through the arts; or 
Promoting any of the themes above through the arts. 
Promoting humanitarian assistance and civilian protection; 
Promoting civic education and engagement; 
Promoting media capacity building; 
Promoting human rights awareness and advocacy;",Cooperative Agreement; Grant,19.040 - Public Diplomacy Programs,,,25000,2000,No,https://sd.usembassy.gov/,Khartoum Grant Team,,KhartoumEmbassyGrants@state.gov,,,2024-11-26,09/30/2025,Feb-07-2025 12:11:00 PM EST,Synopsis 2,Posted,No,No,"PDS invites proposals for programs that support OSA goals in Sudan (see priority program areas below). Successful proposals must include a reference to American expert/s, organization/s, or institution/s in a specific field that will promote increased understanding of the United States and/or U.S. policy or perspectives. Successful proposals will clearly describe the U.S. component of the program, the program’s anticipated results, when results will be expected, and how the OSA can measure them. Successful grantees will proactively show progress towards results through regular reporting to the OSA. U.S. government officials will visit the program, if possible, to monitor progress.
 
Examples of Public Diplomacy Small Grants Program activities include but are not limited to: 

Academic and professional lectures, seminars, and speaker programs; 
Artistic and cultural workshops, joint performances, and exhibitions;
Cultural heritage conservation and preservation programs; 
Professional and academic exchanges and programs; and 
Conferences, workshops, or training opportunities. 

 
Priority Program Areas: The proposal must address one of the following priority program areas: 
·       Promoting women’s leadership, entrepreneurship, and STEM;

Promoting peace through the arts; or 
Promoting any of the themes above through the arts. 
Promoting humanitarian assistance and civilian protection; 
Promoting civic education and engagement; 
Promoting media capacity building; 
Promoting human rights awareness and advocacy;
Promoting peace through the arts; or 
Promoting any of the themes above through the arts. 


Priority Participants and Audiences:
 

Youth aged 18-35 years; 
Young professionals; and 
Above priority audiences with a focus on women, underprivileged or culturally/ethnically communities, or those from marginalized groups. 

 ","Others (see text field entitled ""Additional Information on Eligibility"" for clarification)","pds invites proposals for programs that support osa goals in sudan (see priority program areas below). successful proposals must include a reference to american expert/s, organization/s, or institution/s in a specific field that will promote increased understanding of the united states and/or u.s. policy or perspectives. successful proposals will clearly describe the u.s. component of the program, the program’s anticipated results, when results will be expected, and how the osa can measure them. successful grantees will proactively show progress towards results through regular reporting to the osa. u.s. government officials will visit the program, if possible, to monitor progress.
 
examples of public diplomacy small grants program activities include but are not limited to: 

academic and professional lectures, seminars, and speaker programs; 
artistic and cultural workshops, joint performances, and exhibitions;
cultural heritage conservation and preservation programs; 
professional and academic exchanges and programs; and 
conferences, workshops, or training opportunities. 

 
priority program areas: the proposal must address one of the following priority program areas: 
·       promoting women’s leadership, entrepreneurship, and stem;

promoting peace through the arts; or 
promoting any of the themes above through the arts. 
promoting humanitarian assistance and civilian protection; 
promoting civic education and engagement; 
promoting media capacity building; 
promoting human rights awareness and advocacy;
promoting peace through the arts; or 
promoting any of the themes above through the arts. 


priority participants and audiences:
 

youth aged 18-35 years; 
young professionals; and 
above priority audiences with a focus on women, underprivileged or culturally/ethnically communities, or those from marginalized groups. 

 ",True,False
"=HYPERLINK(""https://www.grants.gov/search-results-detail/357359"",""NOT-OD-25-006"")",Notice of Intent to Publish a Funding Opportunity for Maximizing the Scientific Value of Data Generated by the Environmental Influences on Child Health Outcomes (ECHO) Program: Ruth L. Kirschstein NRSA Individual Postdoctoral Fellowship (F32),HHS-NIH11,National Institutes of Health,Health,,Grant,,300000.0,4.0,75000,,No,,NIH OPERA DGSI Systems Policy Branch,,operasystemspolicy@nih.gov,12/20/2024,03/17/2025,2024-11-25,,Mar-31-2025 04:51:01 PM EST,Forecast 2,Archived,No,,"The Environmental influences on Child Health Outcomes Program (ECHO) intends to promote an ongoing initiative by publishing a Notice of Funding Opportunity (NOFO) to solicit applications for awards to advance research and training in high-priority areas of child health using ECHO Cohort data by postdoctoral fellows from relevant scientific communities. This RFA will provide opportunities for fellows to study early environmental exposures and child health outcomes through the analysis of ECHO�s large longitudinal data set within the NICHD Data and Specimen Hub (DASH) repository. ECHO�s DASH dataset integrates deidentified longitudinal data from more than 63,000 participants across the U.S. The data include prenatal and child exposures of many kinds, and five primary pediatric outcome areas listed below. This award will facilitate the entry of promising new investigators into the field of early environmental exposures and child health research, enhancing the pool of highly talented researchers. Any postdoctoral fellowship candidate studying in the areas identified is invited to work with their organization to develop an application for support. Individuals from diverse backgrounds, including underrepresented racial and ethnic groups, individuals with disabilities, and women are always encouraged to apply for NIH support. See, Reminder: Notice of NIH's Encouragement of Applications Supporting Individuals from Underrepresented Ethnic and Racial Groups as well as Individuals with Disabilities, NOT-OD-22-019 see also, Notice of NIH's Interest in Diversity (NOT-OD-20-031).This Notice is being provided to allow potential applicants sufficient time to develop meaningful collaborations and responsive projects. The NOFO is expected to be published in winter 2024 with an expected application due date in spring 2025. This NOFO will utilize the F32 activity code. Details of the planned NOFO are provided below. �","State governments; County governments; Independent school districts; Public and State controlled institutions of higher education; Native American tribal governments (Federally recognized); Public housing authorities/Indian housing authorities; Native American tribal organizations (other than Federally recognized tribal governments); Nonprofits having a 501(c)(3) status with the IRS, other than institutions of higher education; Private institutions of higher education; For profit organizations other than small businesses; Small businesses; Others (see text field entitled ""Additional Information on Eligibility"" for clarification)","the environmental influences on child health outcomes program (echo) intends to promote an ongoing initiative by publishing a notice of funding opportunity (nofo) to solicit applications for awards to advance research and training in high-priority areas of child health using echo cohort data by postdoctoral fellows from relevant scientific communities. this rfa will provide opportunities for fellows to study early environmental exposures and child health outcomes through the analysis of echo�s large longitudinal data set within the nichd data and specimen hub (dash) repository. echo�s dash dataset integrates deidentified longitudinal data from more than 63,000 participants across the u.s. the data include prenatal and child exposures of many kinds, and five primary pediatric outcome areas listed below. this award will facilitate the entry of promising new investigators into the field of early environmental exposures and child health research, enhancing the pool of highly talented researchers. any postdoctoral fellowship candidate studying in the areas identified is invited to work with their organization to develop an application for support. individuals from diverse backgrounds, including underrepresented racial and ethnic groups, individuals with disabilities, and women are always encouraged to apply for nih support. see, reminder: notice of nih's encouragement of applications supporting individuals from underrepresented ethnic and racial groups as well as individuals with disabilities, not-od-22-019 see also, notice of nih's interest in diversity (not-od-20-031).this notice is being provided to allow potential applicants sufficient time to develop meaningful collaborations and responsive projects. the nofo is expected to be published in winter 2024 with an expected application due date in spring 2025. this nofo will utilize the f32 activity code. details of the planned nofo are provided below. �",True,False
"=HYPERLINK(""https://www.grants.gov/search-results-detail/357358"",""NOT-OD-25-007"")",Notice of Intent to Publish a Funding Opportunity for Maximizing the Scientific Value of Data Generated by the Environmental influences on Child Health Outcomes (ECHO) Program: Dissertation Grant (R36),HHS-NIH11,National Institutes of Health,Health,,Grant,,180000.0,4.0,45000,,No,,NIH OPERA DGSI Systems Policy Branch,,operasystemspolicy@nih.gov,12/20/2024,03/17/2025,2024-11-25,,Mar-31-2025 04:52:00 PM EST,Forecast 2,Archived,No,,"The Environmental influences on Child Health Outcomes Program (ECHO) intends to promote an ongoing initiative by publishing a Notice of Funding Opportunity (NOFO) to solicit applications for support of doctoral candidates studying high-priority areas of maternal and child health in the completion of their doctoral dissertation research. This NOFO seeks to advance research in maternal and child health by stimulating the use of ECHO Cohort data by doctoral students in relevant scientific areas. This RFA will provide opportunities for dissertation students to study early environmental exposures and child health outcomes through the analysis of ECHO�s large longitudinal data set within the NICHD Data and Specimen Hub (DASH) repository. ECHO�s DASH dataset integrates de-identified longitudinal data from more than 63,000 maternal and child participants across the U.S. The data include prenatal and child environmental exposures of many kinds, and five primary pediatric outcome areas listed below. This award will facilitate the entry of promising new investigators into the field of early environmental exposures and child health research, enhancing the pool of highly talented researchers. �Any doctoral candidate studying in the high-priority areas identified is invited to work with their organization to develop an application for support. Individuals from diverse backgrounds, including underrepresented racial and ethnic groups, individuals with disabilities, and women are always encouraged to apply for NIH support. See, Reminder: Notice of NIH's Encouragement of Applications Supporting Individuals from Underrepresented Ethnic and Racial Groups as well as Individuals with Disabilities, NOT-OD-22-019 �see also, Notice of NIH's Interest in Diversity (NOT-OD-20-031).This Notice is being provided to allow potential applicants sufficient time to develop meaningful collaborations and responsive projects. The NOFO is expected to be published in winter 2024 with an expected application due date in spring 2025. This NOFO will utilize the R36 activity code. Details of the planned NOFO are provided below.","State governments; County governments; Independent school districts; Public and State controlled institutions of higher education; Native American tribal governments (Federally recognized); Public housing authorities/Indian housing authorities; Native American tribal organizations (other than Federally recognized tribal governments); Nonprofits having a 501(c)(3) status with the IRS, other than institutions of higher education; Private institutions of higher education; For profit organizations other than small businesses; Small businesses; Others (see text field entitled ""Additional Information on Eligibility"" for clarification)","the environmental influences on child health outcomes program (echo) intends to promote an ongoing initiative by publishing a notice of funding opportunity (nofo) to solicit applications for support of doctoral candidates studying high-priority areas of maternal and child health in the completion of their doctoral dissertation research. this nofo seeks to advance research in maternal and child health by stimulating the use of echo cohort data by doctoral students in relevant scientific areas. this rfa will provide opportunities for dissertation students to study early environmental exposures and child health outcomes through the analysis of echo�s large longitudinal data set within the nichd data and specimen hub (dash) repository. echo�s dash dataset integrates de-identified longitudinal data from more than 63,000 maternal and child participants across the u.s. the data include prenatal and child environmental exposures of many kinds, and five primary pediatric outcome areas listed below. this award will facilitate the entry of promising new investigators into the field of early environmental exposures and child health research, enhancing the pool of highly talented researchers. �any doctoral candidate studying in the high-priority areas identified is invited to work with their organization to develop an application for support. individuals from diverse backgrounds, including underrepresented racial and ethnic groups, individuals with disabilities, and women are always encouraged to apply for nih support. see, reminder: notice of nih's encouragement of applications supporting individuals from underrepresented ethnic and racial groups as well as individuals with disabilities, not-od-22-019 �see also, notice of nih's interest in diversity (not-od-20-031).this notice is being provided to allow potential applicants sufficient time to develop meaningful collaborations and responsive projects. the nofo is expected to be published in winter 2024 with an expected application due date in spring 2025. this nofo will utilize the r36 activity code. details of the planned nofo are provided below.",True,False
"=HYPERLINK(""https://www.grants.gov/search-results-detail/357361"",""NOT-AA-24-014"")",Notice of Intent to Publish a Funding Opportunity Announcement for Investigational New Drug (IND)-enabling and Early-Stage Development of Medications to Treat Alcohol Use disorder and Alcohol-Associated Organ Damage (R41/R42 Clinical Trial Optional),HHS-NIH11,National Institutes of Health,Health,,Grant,,,,,,No,,NIH OPERA DGSI Systems Policy Branch,,operasystemspolicy@nih.gov,01/16/2025,04/05/2025,2024-11-25,,Mar-31-2025 04:57:19 PM EST,Forecast 2,Archived,No,,"The National Institute on Alcohol Abuse and Alcoholism (NIAAA) intends to publish a Notice of Funding Opportunity (NOFO) that is a re-issue of PAR-22-103 (entitled �Investigational New Drug (IND)-enabling and Early-Stage Development of Medications to Treat Alcohol Use disorder and Alcohol-Associated Organ Damage [UT1/UT2 Clinical Trial Optional]�).The re-issued NOFO will continue to solicit Small Business Technology Transfer (STTR) applications that propose the development of therapeutic agents for the treatment of alcohol use disorder (AUD) and/or alcohol associated organ damage (AAOD).As a starting point, eligible applicants must identify a therapeutic candidate with a robust body of background data in the basic science and early discovery phases to be ready for transition to the preclinical and clinical phases of development. Data may include having sufficient bioactivity, stability, manufacturability, bioavailability, in vivo efficacy and/or target engagement, and other favorable properties that are consistent with the desired clinical application. Projects responsive to this announcement could be undertaken at any point along the drug development continuum, from late discovery (i.e., lead optimization/early safety) up to early-stage clinical trials. For small molecules, the earliest stage of eligibility for this Award is already having small-molecule compounds with proof of desired pharmacological activity. For biologics, the profiling of promising product candidates in animal models of AUD or AAOD will be allowed as the earliest entry point. The ultimate purpose and goal of this FOA is to advance molecules closer to U.S. Food and Drug Administration (FDA) approval. Milestones will be commensurate with the project proposed and the purpose of the NOFO. This NOFO will support early-phase clinical trials, although these are not required. Women-owned and socially or economically disadvantaged small business are encouraged to apply.This Notice is being provided to allow potential applicants sufficient time to develop meaningful collaborations and responsive projects.The NOFO is expected to be published on January 16, 2025, with an expected application due date on April 5, 2025. The NOFO will utilize the R41/R42 activity codes and will be termed �Clinical Trial Optional�.Details of the planned NOFO are provided below.",Small businesses,"the national institute on alcohol abuse and alcoholism (niaaa) intends to publish a notice of funding opportunity (nofo) that is a re-issue of par-22-103 (entitled �investigational new drug (ind)-enabling and early-stage development of medications to treat alcohol use disorder and alcohol-associated organ damage [ut1/ut2 clinical trial optional]�).the re-issued nofo will continue to solicit small business technology transfer (sttr) applications that propose the development of therapeutic agents for the treatment of alcohol use disorder (aud) and/or alcohol associated organ damage (aaod).as a starting point, eligible applicants must identify a therapeutic candidate with a robust body of background data in the basic science and early discovery phases to be ready for transition to the preclinical and clinical phases of development. data may include having sufficient bioactivity, stability, manufacturability, bioavailability, in vivo efficacy and/or target engagement, and other favorable properties that are consistent with the desired clinical application. projects responsive to this announcement could be undertaken at any point along the drug development continuum, from late discovery (i.e., lead optimization/early safety) up to early-stage clinical trials. for small molecules, the earliest stage of eligibility for this award is already having small-molecule compounds with proof of desired pharmacological activity. for biologics, the profiling of promising product candidates in animal models of aud or aaod will be allowed as the earliest entry point. the ultimate purpose and goal of this foa is to advance molecules closer to u.s. food and drug administration (fda) approval. milestones will be commensurate with the project proposed and the purpose of the nofo. this nofo will support early-phase clinical trials, although these are not required. women-owned and socially or economically disadvantaged small business are encouraged to apply.this notice is being provided to allow potential applicants sufficient time to develop meaningful collaborations and responsive projects.the nofo is expected to be published on january 16, 2025, with an expected application due date on april 5, 2025. the nofo will utilize the r41/r42 activity codes and will be termed �clinical trial optional�.details of the planned nofo are provided below.",True,False
"=HYPERLINK(""https://www.grants.gov/search-results-detail/357362"",""NOT-AA-24-015"")",Notice of Intent to Publish a Funding Opportunity Announcement for Investigational New Drug (IND)-enabling and Early-Stage Development of Medications to Treat Alcohol Use disorder and Alcohol-Associated Organ Damage (R43/R44 Clinical Trial Optional),HHS-NIH11,National Institutes of Health,Health,,Grant,,,,,,No,,NIH OPERA DGSI Systems Policy Branch,,operasystemspolicy@nih.gov,01/16/2025,04/05/2025,2024-11-25,,Mar-31-2025 04:58:13 PM EST,Forecast 2,Archived,No,,"The National Institute on Alcohol Abuse and Alcoholism (NIAAA) intends to publish a Notice of Funding Opportunity (NOFO) that is a re-issue of PAR-22-102 (entitled �Investigational New Drug (IND)-enabling and Early-Stage Development of Medications to Treat Alcohol Use disorder and Alcohol-Associated Organ Damage [U43/U44 Clinical Trial Optional]�).The re-issued NOFO will continue to solicit Small Business Innovation Research (SBIR) applications that propose the development of therapeutic agents for the treatment of alcohol use disorder (AUD) and/or alcohol associated organ damage (AAOD).As a starting point, eligible applicants must identify a therapeutic candidate with a robust body of background data in the basic science and early discovery phases to be ready for transition to the preclinical and clinical phases of development. Data may include having sufficient bioactivity, stability, manufacturability, bioavailability, in vivo efficacy and/or target engagement, and other favorable properties that are consistent with the desired clinical application. Projects responsive to this announcement could be undertaken at any point along the drug development continuum, from late discovery (i.e., lead optimization/early safety) up to early-stage clinical trials. For small molecules, the earliest stage of eligibility for this Award is already having small-molecule compounds with proof of desired pharmacological activity. For biologics, the profiling of promising product candidates in animal models of AUD or AAOD will be allowed as the earliest entry point. The ultimate purpose and goal of this FOA is to advance molecules closer to U.S. Food and Drug Administration (FDA) approval. Milestones will be commensurate with the project proposed and the purpose of the NOFO. This NOFO will support early-phase clinical trials, although these are not required. Women-owned and socially or economically disadvantaged small business are encouraged to apply.This Notice is being provided to allow potential applicants sufficient time to develop meaningful collaborations and responsive projects.The NOFO is expected to be published on January 16, 2025, with an expected application due date on April 5, 2025. The NOFO will utilize the R43/R44 activity codes and will be termed �Clinical Trial Optional�.Details of the planned NOFO are provided below.",Small businesses,"the national institute on alcohol abuse and alcoholism (niaaa) intends to publish a notice of funding opportunity (nofo) that is a re-issue of par-22-102 (entitled �investigational new drug (ind)-enabling and early-stage development of medications to treat alcohol use disorder and alcohol-associated organ damage [u43/u44 clinical trial optional]�).the re-issued nofo will continue to solicit small business innovation research (sbir) applications that propose the development of therapeutic agents for the treatment of alcohol use disorder (aud) and/or alcohol associated organ damage (aaod).as a starting point, eligible applicants must identify a therapeutic candidate with a robust body of background data in the basic science and early discovery phases to be ready for transition to the preclinical and clinical phases of development. data may include having sufficient bioactivity, stability, manufacturability, bioavailability, in vivo efficacy and/or target engagement, and other favorable properties that are consistent with the desired clinical application. projects responsive to this announcement could be undertaken at any point along the drug development continuum, from late discovery (i.e., lead optimization/early safety) up to early-stage clinical trials. for small molecules, the earliest stage of eligibility for this award is already having small-molecule compounds with proof of desired pharmacological activity. for biologics, the profiling of promising product candidates in animal models of aud or aaod will be allowed as the earliest entry point. the ultimate purpose and goal of this foa is to advance molecules closer to u.s. food and drug administration (fda) approval. milestones will be commensurate with the project proposed and the purpose of the nofo. this nofo will support early-phase clinical trials, although these are not required. women-owned and socially or economically disadvantaged small business are encouraged to apply.this notice is being provided to allow potential applicants sufficient time to develop meaningful collaborations and responsive projects.the nofo is expected to be published on january 16, 2025, with an expected application due date on april 5, 2025. the nofo will utilize the r43/r44 activity codes and will be termed �clinical trial optional�.details of the planned nofo are provided below.",True,False
"=HYPERLINK(""https://www.grants.gov/search-results-detail/357293"",""DFOP0017032"")",PRM FY 2025 Request for Concept Notes for NGO Programs Benefiting Afghan Returnees and IDPS in Afghanistan and Afghan Refugees and Stateless Persons in Pakistan,DOS-PRM,Bureau of Population Refugees and Migration,"Other (see text field entitled ""Explanation of Other Category of Funding Activity"" for clarification)",Overseas Refugee Assistance,Cooperative Agreement,19.523 - Overseas Refugee Assistance Program for South Asia,,0.0,3000000,1000000,No,https://www.state.gov/funding-opportunities/funding-opportunity-announcements/,PRM-EAP-SCA-API@state.gov,,PRM-EAP-SCA-API@state.gov,,,2024-11-21,12/23/2024,Dec-01-2024 09:46:22 PM EST,Synopsis 7,Closed,Yes,No,"The Bureau of Population, Refugees, and Migration seeks concept notes for humanitarian assistance activities in Afghanistan and Pakistan, focusing on various sectors such as education, health, livelihoods, protection, and WASH. For Afghanistan, priority is given to projects that support vulnerable groups, including persons with disabilities and female-headed households, and emphasize primary and secondary healthcare, economic empowerment, and protection against gender-based violence. Concept notes for Afghanistan must align with regional response plans, include risk mitigation strategies, and demonstrate experience in carrying out assistance programs inside Afghanistan which may require negotiating with Taliban contacts.In Pakistan concept notes should target Afghan refugees and other vulnerable populations including women and girls, prioritizing education, mental health integration, sustainable livelihoods, and protection for underserved groups. Concept notes for Pakistan should align with the regional response plan and include contingency planning and risk mitigation strategies.Organizations can apply as consortia. For this notice, PRM defines consortia as a group of at least three organizations that form an agreement to undertake an assistance activity beyond the resources of any one member.","Others (see text field entitled ""Additional Information on Eligibility"" for clarification)","the bureau of population, refugees, and migration seeks concept notes for humanitarian assistance activities in afghanistan and pakistan, focusing on various sectors such as education, health, livelihoods, protection, and wash. for afghanistan, priority is given to projects that support vulnerable groups, including persons with disabilities and female-headed households, and emphasize primary and secondary healthcare, economic empowerment, and protection against gender-based violence. concept notes for afghanistan must align with regional response plans, include risk mitigation strategies, and demonstrate experience in carrying out assistance programs inside afghanistan which may require negotiating with taliban contacts.in pakistan concept notes should target afghan refugees and other vulnerable populations including women and girls, prioritizing education, mental health integration, sustainable livelihoods, and protection for underserved groups. concept notes for pakistan should align with the regional response plan and include contingency planning and risk mitigation strategies.organizations can apply as consortia. for this notice, prm defines consortia as a group of at least three organizations that form an agreement to undertake an assistance activity beyond the resources of any one member.",True,False
"=HYPERLINK(""https://www.grants.gov/search-results-detail/357226"",""HHS-2025-ACF-OHS-HI-0066"")","American Indian and Alaska Native Head Start Expansion, Early Head Start Expansion, and Early Head Start-Child Care Partnership Grants",HHS-ACF-OHS,Administration for Children and Families - OHS,Income Security and Social Services,,Grant,93.600 - Head Start,13183977.0,5.0,13183977,1000000,Yes,https://https://www.acf.hhs.gov/ohs/funding,"Kesley Shaw
OHSgrants@koniag-gs.com",,OHSgrants@koniag-gs.com,,,2024-11-19,01/21/2025,Dec-13-2024 02:57:21 PM EST,Synopsis 2,Archived,Yes,Yes,"This Notice of Funding Opportunity (NOFO) has been modified. The Executive Summary and Section II. Federal Award Information sections have been updated to increase the available funding for this opportunity and Section I. Program Description has clarifying editorial edits.The Administration for Children and Families (ACF), Office of Head Start (OHS) announces the availability of approximately $13,183,977 to be competitively awarded for the purpose of expanding access to high-quality, comprehensive early learning services for newly-enrolled, income-eligible American Indian/Alaska Native (AIAN) pregnant women, and children from birth to compulsory school age through Early Head Start-Child Care (EHS-CC) Partnerships, through the expansion of Head Start services, and/or Early Head Start services.ACF solicits applications from public entities, including states; Native American tribal organizations; Native American tribal governments (federally recognized); private, non-profit organizations, including community-based or faith-based organizations; or for-profit agencies that meet eligibility for applying as stated in section 645A of the Head Start Act. Interested applicants may email OHSgrants@koniag-gs.com  for additional information.OHS encourages interested applicants to visit https://eclkc.ohs.acf.hhs.gov/grant-application/article/decide-whether-apply. This webpage provides information on applying for grants, registering and applying through Grants.gov, submitting an application, and understanding the grant review process.","State governments; County governments; City or township governments; Independent school districts; Public and State controlled institutions of higher education; Native American tribal governments (Federally recognized); Public housing authorities/Indian housing authorities; Nonprofits having a 501(c)(3) status with the IRS, other than institutions of higher education; Nonprofits that do not have a 501(c)(3) status with the IRS, other than institutions of higher education; Private institutions of higher education; For profit organizations other than small businesses; Small businesses; Others (see text field entitled ""Additional Information on Eligibility"" for clarification)","this notice of funding opportunity (nofo) has been modified. the executive summary and section ii. federal award information sections have been updated to increase the available funding for this opportunity and section i. program description has clarifying editorial edits.the administration for children and families (acf), office of head start (ohs) announces the availability of approximately $13,183,977 to be competitively awarded for the purpose of expanding access to high-quality, comprehensive early learning services for newly-enrolled, income-eligible american indian/alaska native (aian) pregnant women, and children from birth to compulsory school age through early head start-child care (ehs-cc) partnerships, through the expansion of head start services, and/or early head start services.acf solicits applications from public entities, including states; native american tribal organizations; native american tribal governments (federally recognized); private, non-profit organizations, including community-based or faith-based organizations; or for-profit agencies that meet eligibility for applying as stated in section 645a of the head start act. interested applicants may email ohsgrants@koniag-gs.com  for additional information.ohs encourages interested applicants to visit https://eclkc.ohs.acf.hhs.gov/grant-application/article/decide-whether-apply. this webpage provides information on applying for grants, registering and applying through grants.gov, submitting an application, and understanding the grant review process.",True,False
"=HYPERLINK(""https://www.grants.gov/search-results-detail/357184"",""PAR-25-110"")",Translational Research in Maternal and Pediatric Pharmacology and Therapeutics (R01 Clinical Trial Optional),HHS-NIH11,National Institutes of Health,Education; Health; Income Security and Social Services,,Grant,93.242 - Mental Health Research Grants; 93.279 - Drug Use and Addiction Research Programs; 93.313 - NIH Office of Research on Women's Health; 93.855 - Allergy and Infectious Diseases Research; 93.865 - Child Health and Human Development Extramural Research,,,none,none,No,http://grants.nih.gov/grants/guide/pa-files/PAR-25-110.html,"NIH Grants Information
grantsinfo@nih.gov",,grantsinfo@nih.gov,,,2024-11-18,05/07/2026,Mar-31-2025 05:08:16 PM EST,Synopsis 2,Posted,Yes,No,"The purpose of this notice of funding opportunity (NOFO) is to support translational and clinical research to (1) advance precision medicine in pregnant women, lactating women, and children through the development of novel tools, models, and other technologies that could have a direct clinical or health impact; (2) enhance the understanding of the underlying mechanisms of drug action, including the role of pediatric ontogeny and the dynamic physiological changes that occur during pregnancy and lactation; and (3) discover and develop novel therapeutics or enhance the usage of existing drugs or drug repurposing for safer and more effective medications in pregnant and lactating women, neonates, and children. The overall goal is to improve safe and effective precision therapeutics for pregnant and lactating women, fetuses, neonates, and children, including those with disabilities.","State governments; County governments; City or township governments; Special district governments; Independent school districts; Public and State controlled institutions of higher education; Native American tribal governments (Federally recognized); Public housing authorities/Indian housing authorities; Native American tribal organizations (other than Federally recognized tribal governments); Nonprofits having a 501(c)(3) status with the IRS, other than institutions of higher education; Nonprofits that do not have a 501(c)(3) status with the IRS, other than institutions of higher education; Private institutions of higher education; For profit organizations other than small businesses; Small businesses; Others (see text field entitled ""Additional Information on Eligibility"" for clarification)","the purpose of this notice of funding opportunity (nofo) is to support translational and clinical research to (1) advance precision medicine in pregnant women, lactating women, and children through the development of novel tools, models, and other technologies that could have a direct clinical or health impact; (2) enhance the understanding of the underlying mechanisms of drug action, including the role of pediatric ontogeny and the dynamic physiological changes that occur during pregnancy and lactation; and (3) discover and develop novel therapeutics or enhance the usage of existing drugs or drug repurposing for safer and more effective medications in pregnant and lactating women, neonates, and children. the overall goal is to improve safe and effective precision therapeutics for pregnant and lactating women, fetuses, neonates, and children, including those with disabilities.",True,False
"=HYPERLINK(""https://www.grants.gov/search-results-detail/357185"",""PAR-25-111"")",Translational Research in Maternal and Pediatric Pharmacology and Therapeutics (R21 Clinical Trial Optional),HHS-NIH11,National Institutes of Health,Education; Health; Income Security and Social Services,,Grant,93.279 - Drug Use and Addiction Research Programs; 93.313 - NIH Office of Research on Women's Health; 93.855 - Allergy and Infectious Diseases Research; 93.865 - Child Health and Human Development Extramural Research,,,none,none,No,http://grants.nih.gov/grants/guide/pa-files/PAR-25-111.html,"NIH Grants Information
grantsinfo@nih.gov",,grantsinfo@nih.gov,,,2024-11-18,05/07/2026,Mar-31-2025 05:09:47 PM EST,Synopsis 2,Posted,Yes,No,"The purpose of this notice of funding opportunity (NOFO) is to support translational and clinical research to (1) advance precision medicine in pregnant women, lactating women, and children through the development of novel tools, models, and other technologies that could have a direct clinical or health impact; (2) enhance the understanding of the underlying mechanisms of drug action, including the role of pediatric ontogeny and the dynamic physiological changes that occur during pregnancy and lactation; and (3) discover and develop novel therapeutics or enhance the usage of existing drugs or drug repurposing for safer and more effective medications in pregnant and lactating women, neonates, and children. The overall goal is to improve safe and effective precision therapeutics for pregnant and lactating women, fetuses, neonates, and children, including those with disabilities.","State governments; County governments; City or township governments; Special district governments; Independent school districts; Public and State controlled institutions of higher education; Native American tribal governments (Federally recognized); Public housing authorities/Indian housing authorities; Native American tribal organizations (other than Federally recognized tribal governments); Nonprofits having a 501(c)(3) status with the IRS, other than institutions of higher education; Nonprofits that do not have a 501(c)(3) status with the IRS, other than institutions of higher education; Private institutions of higher education; For profit organizations other than small businesses; Small businesses; Others (see text field entitled ""Additional Information on Eligibility"" for clarification)","the purpose of this notice of funding opportunity (nofo) is to support translational and clinical research to (1) advance precision medicine in pregnant women, lactating women, and children through the development of novel tools, models, and other technologies that could have a direct clinical or health impact; (2) enhance the understanding of the underlying mechanisms of drug action, including the role of pediatric ontogeny and the dynamic physiological changes that occur during pregnancy and lactation; and (3) discover and develop novel therapeutics or enhance the usage of existing drugs or drug repurposing for safer and more effective medications in pregnant and lactating women, neonates, and children. the overall goal is to improve safe and effective precision therapeutics for pregnant and lactating women, fetuses, neonates, and children, including those with disabilities.",True,False
"=HYPERLINK(""https://www.grants.gov/search-results-detail/357196"",""RFA-HD-26-004"")",Contraceptive Development Research Centers (P50 Clinical Trial Optional),HHS-NIH11,National Institutes of Health,Health; Income Security and Social Services,,Grant,93.865 - Child Health and Human Development Extramural Research,,,none,none,No,http://grants.nih.gov/grants/guide/rfa-files/RFA-HD-26-004.html,"NIH Grants Information
grantsinfo@nih.gov",,grantsinfo@nih.gov,,,2024-11-18,11/12/2025,Nov-18-2024 03:37:29 PM EST,Synopsis 1,Posted,Yes,No,The purpose of this Notice of Funding Opportunity (NOFO) is to support and facilitate multidisciplinary approaches towards the development of new and/or improved contraceptive methods for both men and women through the formation of a Contraceptive Development Research Center. This NOFO also allows the inclusion of translational studies to facilitate the pre-clinical to clinical transition and increase the likelihood of clinical success. The Center will serve as a national resource for development ofearly-stage investigators electing to pursue careers in contraceptive research.,"State governments; County governments; City or township governments; Special district governments; Independent school districts; Public and State controlled institutions of higher education; Native American tribal governments (Federally recognized); Public housing authorities/Indian housing authorities; Native American tribal organizations (other than Federally recognized tribal governments); Nonprofits having a 501(c)(3) status with the IRS, other than institutions of higher education; Nonprofits that do not have a 501(c)(3) status with the IRS, other than institutions of higher education; Private institutions of higher education; For profit organizations other than small businesses; Small businesses; Others (see text field entitled ""Additional Information on Eligibility"" for clarification)",the purpose of this notice of funding opportunity (nofo) is to support and facilitate multidisciplinary approaches towards the development of new and/or improved contraceptive methods for both men and women through the formation of a contraceptive development research center. this nofo also allows the inclusion of translational studies to facilitate the pre-clinical to clinical transition and increase the likelihood of clinical success. the center will serve as a national resource for development ofearly-stage investigators electing to pursue careers in contraceptive research.,True,False
"=HYPERLINK(""https://www.grants.gov/search-results-detail/357131"",""AF-HAR-FY25-02"")",Academy for Women Entrepreneurs Zimbabwe 2025,DOS-ZWE,U.S. Mission to Zimbabwe,Business and Commerce,,Grant,19.022 - Educational and Cultural Exchange Programs Appropriation Overseas Grants,,1.0,35000,10000,No,,"Reginah Mawere
Grantor
Phone 02428677011000",,mawerer@state.gov,,,2024-11-15,01/10/2025,Nov-15-2024 06:24:27 AM EST,Synopsis 11,Archived,No,Yes,"Executive Summary
The Public Diplomacy Section invites proposals for the 2025 Academy for Women Entrepreneurs (AWE) program in Zimbabwe. The program aims to develop the skills, capabilities, and resources for women entrepreneurs to fully participate in the private sector.
 
The AWE program facilitates in-person and virtual sessions to complete the online interactive DreamBuilder course. The program may hold sessions with established Zimbabwean and U.S. entrepreneurs, alumni of U.S.-funded exchange programs, and other experts from different fields to enrich the AWE program. Proposals may include elements from the online curriculum, the Najafi 100 Million Learners Global Initiative, on key topics in entrepreneurship and innovation as part of the proposal. The program may be held in several locations to make it easier for participants. Proposals must have entrepreneurship programing or engagement activities for AWE alumnae from previous years.
 
Funding Instrument Type: Grant or cooperative agreement. Cooperative agreements are different from grants in that bureau/embassy staff are more actively involved in the grant implementation (“Substantial Involvement”).
 
Project Performance Period: Proposed projects should be completed in 12 months or less.
 
The Department of State may entertain applications for continuation grants funded under these awards beyond the initial budget period on a non-competitive basis subject to availability of funds, satisfactory progress of the program, and a determination that continued funding would be in the best interest of the U.S. Department of State.[RP1] 
 
This notice is subject to availability of funding.
 
Priority Region: Zimbabwe
 
Program Description
Program Goals:
The U.S. Embassy Zimbabwe under the U.S. Department of State announces an open competition for organizations to submit applications to implement an Academy for Women Entrepreneurs (AWE) program in Zimbabwe. The Public Diplomacy Section invites proposals from non-profit organizations, civil society organizations, incubators, tech hubs, and U.S. government alumni organizations to design and implement an entrepreneurial program for women entrepreneurs to develop the skills, capabilities, and resources to fully participate in the private sector.
 
Participants of the AWE program will participate in facilitated in-person and virtual sessions with established Zimbabwean and U.S. entrepreneurs, alumni of U.S.-funded exchange programs, and other experts from different fields that enrich the AWE program. Proposals must integrate the online interactive DreamBuilder course and may include elements from the online curriculum, the Najafi 100 Million Learners Global Initiative, on key topics in entrepreneurship and innovation as part of the proposal. The program may be held in several locations, run cohorts of up to 30 participants, and should have a strong American component, including U.S. experts as guest teachers or coaches, articulated in the proposed activities syllabus. Proposals must have entrepreneurship programing or engagement activities for AWE alumnae from previous years. Proposals that have site visits, seed funding, exchanges, pitch competitions, fairs, networking, or other creative engagement elements will be more competitive.
 
Program Objectives:
The proposals should meet the following objectives:
Increase participants’ understanding of business planning, financial forecasting, marketing, and scaling up operations;
Connect participants with U.S. based business experts and share U.S. models of running enterprises;
Foster a network that support female entrepreneurs through peer-to-peer mentorship to help grow businesses and drive local partnerships; and
Equip women entrepreneurs with skills and knowledge to build sustainable businesses.
 
Implementing partner proposals should have a detailed recruitment strategy for the target population, clearly specifying how the Embassy would be involved. The proposal should include ideas for follow-up activities with AWE alumni after program implementation to assess the impact of the program. Proposals with sustainability, business partnerships, and/or cost sharing built in will be more competitive. Budgets should be reasonable.
 
Audience:
The AWE program targets current or future women business owners in Zimbabwe. AWE participants must commit to complete the program, have proven computer skills, and have access to the Internet or a reliable data connection. Applicants are encouraged to develop programs for underrepresented populations, niche business sectors, or areas of potential growth.
 
Substantial Involvement
The Embassy can play a larger role to help the grantee organize the program so it meets the AWE requirements. For the implementation of the AWE program, the embassy can help with the advertisement, selection, launch, some sessions, and graduations. 
 
Application Contents and Format
Please follow all instructions below carefully. 
The proposal clearly addresses the goals and objectives of this funding opportunity.
All documents are in English.
All budgets are in U.S. dollars.
All pages are numbered and,
All Microsoft Word documents are single-spaced, 12-point Calibri font, with a minimum of 1-inch margins.
 
The following documents are required: 
 
Mandatory application forms
SF-424 (Application for Federal Assistance – organizations) or SF-424-I (Application for Federal Assistance -individuals) 
SF-424A (Budget Information for Non-Construction programs) 
SF-424B (Assurances for Non-Construction Programs)
 
Application (6 pages maximum): The application includes seven sections:
Program Information: Summary of program data.
 
Executive Summary: Program overview in five sentences or less.
 
Program Design: A description of the cohort(s) and characteristics of the target audience. The section should specify target participants, logistics, location, recruitment, and selection processes, identify the U.S. and local partners and how they will support the AWE program. The proposed timelines should be included noting dates, locations and planned activities and events.
 
Alumni Engagement: Describe how the program fosters greater alumni engagement and how USG exchange alumni will be involved as mentors or partners. Include proposed activities specifically seeking to strengthen the local AWE community and sustain gains from previous AWE programs.
 
Communication and Outreach: Describe the communications strategies for generating interactions with AWE gradates, social media presence, media outreach and any relevant communication ideas.
 
Monitoring and Evaluation: Describe the monitoring and evaluation plan and how impact and results will be communicated to the Embassy, including the specific tools to be used.
 
Budget: Please fill out the specific AWE budget template but list the total cost in the application.
 
Budget: Proposals must include the budget line items tab and budget narrative tab.
 
AWE Budget Tab:
Programming/Personnel: Describe the program costs. Staff wages, salaries, and benefits of temporary or permanent staff who will be working directly for the applicant on the program, and the percentage of their time that will be spent on the program. Describe goods and services that the applicant plans to acquire through a contract with a vendor. 
Travel Costs: Estimate the costs of transportation for this program, for program staff, consultants or speakers. If the program involves international travel, include a brief statement of justification for that travel.
Lodging: Justify any lodging requirements for program staff, consultants, or speakers.
M&IE: Describe the Meals and Incidental Expenses (M&IE) required for the program. 
Supplies, Materials and Equipment: List and describe all the items and materials that are needed for the program. If an item cost more than $5,000 per unit a stronger justification is required along with a disposal plan.
Other Costs: Describe other costs associated with the program, which do not fit in the other categories. For example, shipping costs for materials and equipment or applicable taxes. All “Other” or “Miscellaneous” expenses must be itemized and explained.
Cost Sharing: This refers to contributions from the organization or other entities other than the U.S. Embassy.  It also includes in-kind contributions such as volunteers’ time and donated venues.
 
Budget Narrative Tab
Describe how you arrived at the costs listed on the main budget tab. This tab is essential for post review.
 
Alcoholic Beverages: Please note that award funds cannot be used for alcoholic beverages. 
 
Submission Requirements and Deadlines
 
Address to Request Application Package
To request an application package please Email PublicDiplomacyGrants-ZIM@state.gov. You will receive an automatic reply with the application forms.
 
Department of State Contacts
If you have any questions about the grant application process, please contact: MawereR@state.gov / PublicDiplomacyGrants-ZIM@state.gov
 
Required Registrations
All organizations, whether based in the United States or in another country, must have a Unique Entity Identifier (UEI) and an active registration in SAM.gov. A UEI is one of the data elements mandated by Public Law 109-282, the Federal Funding Accountability and Transparency Act (FFATA), for all Federal awards. An applicant must maintain an active registration while it has a proposal under review by the Department and must continue to keep the registration active for the entire duration of the period of performance of any Federal award that results from this NOFO.
 
The 2 CFR 200 requires subrecipients to obtain a UEI. Please note the UEI for subrecipients is not required at the time of application but will be required before an award is processed and/or directed to a subrecipient.
 
Note: The process of obtaining or renewing a SAM.gov registration may take anywhere from 4-8 weeks. Please begin your registration as early as possible.
 
Organizations based in the United States or that pay employees within the United States will need an Employer Identification Number (EIN) from the Internal Revenue Service (IRS) and a UEI prior to registering in SAM.gov.
 
Organizations based outside of the United States and that do not pay employees within the United States do not need an EIN from the IRS but do need a UEI prior to registering in SAM.gov. 
 
Organizations based outside of the United States and that DO NOT plan to do business with the DoD should follow the below instructions: 
 
Step 1: Proceed to SAM.gov to obtain a UEI and complete the SAM.gov registration process. SAM.gov registration must be renewed annually. 
 
Organizations based outside of the United States and that DO plan to do business with the DoD in addition to Department of State should follow the below instructions:
 
Exemptions
An exemption from the UEI and sam.gov registration requirements may be permitted only in limited circumstances. See 2 CFR 25.110 for a full list of exemptions.
 
Organizations requesting exemption from UEI or SAM.gov requirements must email the point of contact listed in the NOFO at least two weeks prior to the deadline in the NOFO providing a justification of their request. Approval for a SAM.gov exemption must come from the warranted Grants Officer before the application can be deemed eligible for review.
 
Submission Dates and Times
Applications are due no later than January 10, 2025 – 11:59 pm Central African Time. All application materials must be submitted by email to PublicDiplomacyGrants-Zim@state.gov 
 
Funding Restrictions
Funding Restrictions for the United Nations Relief and Works Agency (UNRWA)
None of the funds awarded resulting from this Notice of Funding Opportunity may be made available for subawards, direct financial support, or otherwise used to provide any payment or transfer to United Nations Relief and Works Agency (UNRWA).
Other Submission Requirements
All application materials must be submitted by email to PublicDiplomacyGrants-Zim@state.gov
 
Award Notices
 
The award or cooperative agreement will be written, signed, awarded, and administered by the Grants Officer. The award agreement is the authorizing document, and it will be provided to the recipient for review and counter-signature. The recipient may only start incurring project expenses beginning on the start date shown on the award document signed by the Grants Officer.
 
If a proposal is selected for funding, the Department of State has no obligation to provide any additional future funding. Renewal of an award to increase funding or extend the period of performance is at the discretion of the Department of State.
 
Issuance of this NOFO does not constitute an award commitment on the part of the U.S. government, nor does it commit the U.S. government to pay for costs incurred in the preparation and submission of proposals. Further, the U.S. government reserves the right to reject any or all proposals received.
 
Unsuccessful applicants: Unsuccessful applicants will be notified by February 28, 2025 via email.
 
Payment Method: Recipients will be required to request payments by completing form SF-270—Request for Advance or Reimbursement and submitting the form to the Grants Officer and Grants Officer Representative.
 ","Others (see text field entitled ""Additional Information on Eligibility"" for clarification)","executive summary
the public diplomacy section invites proposals for the 2025 academy for women entrepreneurs (awe) program in zimbabwe. the program aims to develop the skills, capabilities, and resources for women entrepreneurs to fully participate in the private sector.
 
the awe program facilitates in-person and virtual sessions to complete the online interactive dreambuilder course. the program may hold sessions with established zimbabwean and u.s. entrepreneurs, alumni of u.s.-funded exchange programs, and other experts from different fields to enrich the awe program. proposals may include elements from the online curriculum, the najafi 100 million learners global initiative, on key topics in entrepreneurship and innovation as part of the proposal. the program may be held in several locations to make it easier for participants. proposals must have entrepreneurship programing or engagement activities for awe alumnae from previous years.
 
funding instrument type: grant or cooperative agreement. cooperative agreements are different from grants in that bureau/embassy staff are more actively involved in the grant implementation (“substantial involvement”).
 
project performance period: proposed projects should be completed in 12 months or less.
 
the department of state may entertain applications for continuation grants funded under these awards beyond the initial budget period on a non-competitive basis subject to availability of funds, satisfactory progress of the program, and a determination that continued funding would be in the best interest of the u.s. department of state.[rp1] 
 
this notice is subject to availability of funding.
 
priority region: zimbabwe
 
program description
program goals:
the u.s. embassy zimbabwe under the u.s. department of state announces an open competition for organizations to submit applications to implement an academy for women entrepreneurs (awe) program in zimbabwe. the public diplomacy section invites proposals from non-profit organizations, civil society organizations, incubators, tech hubs, and u.s. government alumni organizations to design and implement an entrepreneurial program for women entrepreneurs to develop the skills, capabilities, and resources to fully participate in the private sector.
 
participants of the awe program will participate in facilitated in-person and virtual sessions with established zimbabwean and u.s. entrepreneurs, alumni of u.s.-funded exchange programs, and other experts from different fields that enrich the awe program. proposals must integrate the online interactive dreambuilder course and may include elements from the online curriculum, the najafi 100 million learners global initiative, on key topics in entrepreneurship and innovation as part of the proposal. the program may be held in several locations, run cohorts of up to 30 participants, and should have a strong american component, including u.s. experts as guest teachers or coaches, articulated in the proposed activities syllabus. proposals must have entrepreneurship programing or engagement activities for awe alumnae from previous years. proposals that have site visits, seed funding, exchanges, pitch competitions, fairs, networking, or other creative engagement elements will be more competitive.
 
program objectives:
the proposals should meet the following objectives:
increase participants’ understanding of business planning, financial forecasting, marketing, and scaling up operations;
connect participants with u.s. based business experts and share u.s. models of running enterprises;
foster a network that support female entrepreneurs through peer-to-peer mentorship to help grow businesses and drive local partnerships; and
equip women entrepreneurs with skills and knowledge to build sustainable businesses.
 
implementing partner proposals should have a detailed recruitment strategy for the target population, clearly specifying how the embassy would be involved. the proposal should include ideas for follow-up activities with awe alumni after program implementation to assess the impact of the program. proposals with sustainability, business partnerships, and/or cost sharing built in will be more competitive. budgets should be reasonable.
 
audience:
the awe program targets current or future women business owners in zimbabwe. awe participants must commit to complete the program, have proven computer skills, and have access to the internet or a reliable data connection. applicants are encouraged to develop programs for underrepresented populations, niche business sectors, or areas of potential growth.
 
substantial involvement
the embassy can play a larger role to help the grantee organize the program so it meets the awe requirements. for the implementation of the awe program, the embassy can help with the advertisement, selection, launch, some sessions, and graduations. 
 
application contents and format
please follow all instructions below carefully. 
the proposal clearly addresses the goals and objectives of this funding opportunity.
all documents are in english.
all budgets are in u.s. dollars.
all pages are numbered and,
all microsoft word documents are single-spaced, 12-point calibri font, with a minimum of 1-inch margins.
 
the following documents are required: 
 
mandatory application forms
sf-424 (application for federal assistance – organizations) or sf-424-i (application for federal assistance -individuals) 
sf-424a (budget information for non-construction programs) 
sf-424b (assurances for non-construction programs)
 
application (6 pages maximum): the application includes seven sections:
program information: summary of program data.
 
executive summary: program overview in five sentences or less.
 
program design: a description of the cohort(s) and characteristics of the target audience. the section should specify target participants, logistics, location, recruitment, and selection processes, identify the u.s. and local partners and how they will support the awe program. the proposed timelines should be included noting dates, locations and planned activities and events.
 
alumni engagement: describe how the program fosters greater alumni engagement and how usg exchange alumni will be involved as mentors or partners. include proposed activities specifically seeking to strengthen the local awe community and sustain gains from previous awe programs.
 
communication and outreach: describe the communications strategies for generating interactions with awe gradates, social media presence, media outreach and any relevant communication ideas.
 
monitoring and evaluation: describe the monitoring and evaluation plan and how impact and results will be communicated to the embassy, including the specific tools to be used.
 
budget: please fill out the specific awe budget template but list the total cost in the application.
 
budget: proposals must include the budget line items tab and budget narrative tab.
 
awe budget tab:
programming/personnel: describe the program costs. staff wages, salaries, and benefits of temporary or permanent staff who will be working directly for the applicant on the program, and the percentage of their time that will be spent on the program. describe goods and services that the applicant plans to acquire through a contract with a vendor. 
travel costs: estimate the costs of transportation for this program, for program staff, consultants or speakers. if the program involves international travel, include a brief statement of justification for that travel.
lodging: justify any lodging requirements for program staff, consultants, or speakers.
m&ie: describe the meals and incidental expenses (m&ie) required for the program. 
supplies, materials and equipment: list and describe all the items and materials that are needed for the program. if an item cost more than $5,000 per unit a stronger justification is required along with a disposal plan.
other costs: describe other costs associated with the program, which do not fit in the other categories. for example, shipping costs for materials and equipment or applicable taxes. all “other” or “miscellaneous” expenses must be itemized and explained.
cost sharing: this refers to contributions from the organization or other entities other than the u.s. embassy.  it also includes in-kind contributions such as volunteers’ time and donated venues.
 
budget narrative tab
describe how you arrived at the costs listed on the main budget tab. this tab is essential for post review.
 
alcoholic beverages: please note that award funds cannot be used for alcoholic beverages. 
 
submission requirements and deadlines
 
address to request application package
to request an application package please email publicdiplomacygrants-zim@state.gov. you will receive an automatic reply with the application forms.
 
department of state contacts
if you have any questions about the grant application process, please contact: mawerer@state.gov / publicdiplomacygrants-zim@state.gov
 
required registrations
all organizations, whether based in the united states or in another country, must have a unique entity identifier (uei) and an active registration in sam.gov. a uei is one of the data elements mandated by public law 109-282, the federal funding accountability and transparency act (ffata), for all federal awards. an applicant must maintain an active registration while it has a proposal under review by the department and must continue to keep the registration active for the entire duration of the period of performance of any federal award that results from this nofo.
 
the 2 cfr 200 requires subrecipients to obtain a uei. please note the uei for subrecipients is not required at the time of application but will be required before an award is processed and/or directed to a subrecipient.
 
note: the process of obtaining or renewing a sam.gov registration may take anywhere from 4-8 weeks. please begin your registration as early as possible.
 
organizations based in the united states or that pay employees within the united states will need an employer identification number (ein) from the internal revenue service (irs) and a uei prior to registering in sam.gov.
 
organizations based outside of the united states and that do not pay employees within the united states do not need an ein from the irs but do need a uei prior to registering in sam.gov. 
 
organizations based outside of the united states and that do not plan to do business with the dod should follow the below instructions: 
 
step 1: proceed to sam.gov to obtain a uei and complete the sam.gov registration process. sam.gov registration must be renewed annually. 
 
organizations based outside of the united states and that do plan to do business with the dod in addition to department of state should follow the below instructions:
 
exemptions
an exemption from the uei and sam.gov registration requirements may be permitted only in limited circumstances. see 2 cfr 25.110 for a full list of exemptions.
 
organizations requesting exemption from uei or sam.gov requirements must email the point of contact listed in the nofo at least two weeks prior to the deadline in the nofo providing a justification of their request. approval for a sam.gov exemption must come from the warranted grants officer before the application can be deemed eligible for review.
 
submission dates and times
applications are due no later than january 10, 2025 – 11:59 pm central african time. all application materials must be submitted by email to publicdiplomacygrants-zim@state.gov 
 
funding restrictions
funding restrictions for the united nations relief and works agency (unrwa)
none of the funds awarded resulting from this notice of funding opportunity may be made available for subawards, direct financial support, or otherwise used to provide any payment or transfer to united nations relief and works agency (unrwa).
other submission requirements
all application materials must be submitted by email to publicdiplomacygrants-zim@state.gov
 
award notices
 
the award or cooperative agreement will be written, signed, awarded, and administered by the grants officer. the award agreement is the authorizing document, and it will be provided to the recipient for review and counter-signature. the recipient may only start incurring project expenses beginning on the start date shown on the award document signed by the grants officer.
 
if a proposal is selected for funding, the department of state has no obligation to provide any additional future funding. renewal of an award to increase funding or extend the period of performance is at the discretion of the department of state.
 
issuance of this nofo does not constitute an award commitment on the part of the u.s. government, nor does it commit the u.s. government to pay for costs incurred in the preparation and submission of proposals. further, the u.s. government reserves the right to reject any or all proposals received.
 
unsuccessful applicants: unsuccessful applicants will be notified by february 28, 2025 via email.
 
payment method: recipients will be required to request payments by completing form sf-270—request for advance or reimbursement and submitting the form to the grants officer and grants officer representative.
 ",True,False
"=HYPERLINK(""https://www.grants.gov/search-results-detail/357142"",""NOAA-OAR-TPO-2025-0001"")",NOAA Small Business Innovation Research (SBIR) Program- FY25 Phase I,DOC-DOCNOAAERA,DOC NOAA - ERA Production,Science and Technology and other Research and Development,,Grant,11.021 - NOAA Small Business Innovation Research (SBIR) Program,6650000.0,35.0,190000,0,No,http://www.techpartnerships.noaa.gov,"Programmatic Questions – SBIR Program Office
Michele Pollard - Email: noaa.sbir@noaa.gov 
Subject Line: NOAA-OAR-TPO-2025-0001

Grant Administrative Rules and Regulations
Raishan Adams - Email: raishan.adams@noaa.gov",,noaa.sbir@noaa.gov,,,2024-11-15,01/30/2025,Jan-15-2025 02:36:28 PM EST,Synopsis 3,Archived,Yes,Yes,"The Department of Commerce (DOC) National Oceanic and Atmospheric Administration (NOAA) invites small businesses to submit research proposals under this NOFO. Firms with the capability to conduct research and development (R&D) in any of the research topic areas listed in Section 9.0 of this announcement and to commercialize the results of that R&D are encouraged to participate. The Small Business Innovation Research (SBIR) Program is not a substitute for existing unsolicited proposal mechanisms. Unsolicited proposals are not accepted under the SBIR program.Only FY 2025 Phase I applications may be submitted in response to this NOFO. Phase II applications are not being accepted at this time. NOAA will publish a Phase II NOFO approximately 30 days prior to the end of the previous year’s Phase I period of performance to request Phase II applications. That NOFO will provide instructions for Phase I awardees to prepare a Phase II application and the closing date for submission of applications; only the previous year’s Phase I awardees are eligible to submit a Phase II application.The Small Business Innovation Research (SBIR) program was originally established in 1982 by the Small Business Innovation Development Act (P.L. 97-219), codified at 15 U.S.C. § 638. It was then expanded and extended by the Small Business Research and Development Enhancement Act of 1992 (P.L. 102-564), and received subsequent reauthorization and extensions, the most recent of which extends the SBIR program through 2025. (P.L. 117-183).Each Federal agency with an extramural budget for Research/Research and Development (R/R&D) in excess of $100,000,000 must participate in the SBIR program and spend (obligate) a minimum percentage of their extramural R/R&D budgets (obligations) of not less than 3.2% of such budget in fiscal year 2017 and for the percentage required by statute for each fiscal year after for awards to small business concerns (SBCs) for R/R&D under the SBIR program. The objectives of the SBIR program are to: stimulate technological innovation in the private sector; strengthen the role of small business in meeting Federal R&D needs; foster and encourage participation by businesses owned by socially and economically disadvantaged persons and women-owned SBCs in technological innovation; and increase private sector commercialization of innovations derived from federal R&D funding.Fostering diversity by encouraging the participation of individuals from nationally underrepresented groups in the scientific research workforce is longstanding interest of Congress, and a key component of NOAA’s commitment to diversity, equity, inclusion, and accessibility (e.g., Public Law 114-329, American Innovation and Competitiveness Act of 2017, and https://techpartnerships.noaa.gov/abouttpo/dei-statement/). Increasing participation by socially and economically disadvantaged and women-owned small businesses is critical to the success of the SBIR program.",Small businesses,"the department of commerce (doc) national oceanic and atmospheric administration (noaa) invites small businesses to submit research proposals under this nofo. firms with the capability to conduct research and development (r&d) in any of the research topic areas listed in section 9.0 of this announcement and to commercialize the results of that r&d are encouraged to participate. the small business innovation research (sbir) program is not a substitute for existing unsolicited proposal mechanisms. unsolicited proposals are not accepted under the sbir program.only fy 2025 phase i applications may be submitted in response to this nofo. phase ii applications are not being accepted at this time. noaa will publish a phase ii nofo approximately 30 days prior to the end of the previous year’s phase i period of performance to request phase ii applications. that nofo will provide instructions for phase i awardees to prepare a phase ii application and the closing date for submission of applications; only the previous year’s phase i awardees are eligible to submit a phase ii application.the small business innovation research (sbir) program was originally established in 1982 by the small business innovation development act (p.l. 97-219), codified at 15 u.s.c. § 638. it was then expanded and extended by the small business research and development enhancement act of 1992 (p.l. 102-564), and received subsequent reauthorization and extensions, the most recent of which extends the sbir program through 2025. (p.l. 117-183).each federal agency with an extramural budget for research/research and development (r/r&d) in excess of $100,000,000 must participate in the sbir program and spend (obligate) a minimum percentage of their extramural r/r&d budgets (obligations) of not less than 3.2% of such budget in fiscal year 2017 and for the percentage required by statute for each fiscal year after for awards to small business concerns (sbcs) for r/r&d under the sbir program. the objectives of the sbir program are to: stimulate technological innovation in the private sector; strengthen the role of small business in meeting federal r&d needs; foster and encourage participation by businesses owned by socially and economically disadvantaged persons and women-owned sbcs in technological innovation; and increase private sector commercialization of innovations derived from federal r&d funding.fostering diversity by encouraging the participation of individuals from nationally underrepresented groups in the scientific research workforce is longstanding interest of congress, and a key component of noaa’s commitment to diversity, equity, inclusion, and accessibility (e.g., public law 114-329, american innovation and competitiveness act of 2017, and https://techpartnerships.noaa.gov/abouttpo/dei-statement/). increasing participation by socially and economically disadvantaged and women-owned small businesses is critical to the success of the sbir program.",True,False
"=HYPERLINK(""https://www.grants.gov/search-results-detail/356996"",""LOME-FY2025-APS-0001"")",U.S. Embassy Lome Public Diplomacy Annual Program Statement,DOS-TGO,U.S. Mission to Togo,"Other (see text field entitled ""Explanation of Other Category of Funding Activity"" for clarification)",Public Diplomacy,Cooperative Agreement; Grant,19.022 - Educational and Cultural Exchange Programs Appropriation Overseas Grants; 19.040 - Public Diplomacy Programs,60000.0,10.0,25000,10000,No,https://tg.usembassy.gov/embassy/funding-opportunities/,U.S. Embassy Lome Public Diplomacy Grants Team,,LomePDGrants@state.gov,,,2024-11-06,07/31/2025,Nov-06-2024 06:51:16 AM EST,Synopsis 2,Posted,Yes,No,"The U.S. Embassy Lome – Togo of the U.S. Department of State is pleased to announce that funding is available through its Public Diplomacy (PD) Program. This is an Annual Program Statement, outlining our funding priorities, the strategic themes we focus on, and the procedures for submitting requests for funding. Please carefully follow all instructions. Purpose of Small Grants: The Public Diplomacy (PD) Section at U.S. Embassy Lome invites proposals for programs that strengthen cultural ties between the U.S. and Togo through cultural and exchange programming that highlights shared values and promotes bilateral cooperation. All programs must include an American cultural element, or connection with American expert/s, organization/s, or institution/s in a specific field that will promote increased understanding of U.S. policy and perspectives. Examples of PD Small Grants Program programs include, but are not limited to:• Academic and professional lectures, seminars and speaker programs;• Artistic and cultural workshops, joint performances and exhibitions;• Professional and academic exchanges and programs; Priority Program Areas: 1.     Peace & Security -Promote peace and tolerance and social cohesion-Counter violent extremism 2.     Democratic Institutions -Encourage civic engagementand democratic participation of youth and women 3.     Economic Growth -Promote entrepreneurship and social enterprises-Strengthen public-private partnerships 4.     Opportunities for Development -Support education initiatives-Empower women, minorities, and persons with disabilities ","Public and State controlled institutions of higher education; Nonprofits having a 501(c)(3) status with the IRS, other than institutions of higher education; Nonprofits that do not have a 501(c)(3) status with the IRS, other than institutions of higher education; Private institutions of higher education; Individuals; Others (see text field entitled ""Additional Information on Eligibility"" for clarification)","the u.s. embassy lome – togo of the u.s. department of state is pleased to announce that funding is available through its public diplomacy (pd) program. this is an annual program statement, outlining our funding priorities, the strategic themes we focus on, and the procedures for submitting requests for funding. please carefully follow all instructions. purpose of small grants: the public diplomacy (pd) section at u.s. embassy lome invites proposals for programs that strengthen cultural ties between the u.s. and togo through cultural and exchange programming that highlights shared values and promotes bilateral cooperation. all programs must include an american cultural element, or connection with american expert/s, organization/s, or institution/s in a specific field that will promote increased understanding of u.s. policy and perspectives. examples of pd small grants program programs include, but are not limited to:• academic and professional lectures, seminars and speaker programs;• artistic and cultural workshops, joint performances and exhibitions;• professional and academic exchanges and programs; priority program areas: 1.     peace & security -promote peace and tolerance and social cohesion-counter violent extremism 2.     democratic institutions -encourage civic engagementand democratic participation of youth and women 3.     economic growth -promote entrepreneurship and social enterprises-strengthen public-private partnerships 4.     opportunities for development -support education initiatives-empower women, minorities, and persons with disabilities ",True,False
"=HYPERLINK(""https://www.grants.gov/search-results-detail/356885"",""OFOP0001649"")",Combatting Trafficking in Persons in Uzbekistan.,DOS-INL,Bureau of International Narcotics-Law Enforcement,"Law, Justice and Legal Services",,Grant,19.705 - Trans-National Crime,400000.0,1.0,400000,400000,No,https://mygrants.servicenowservices.com/mygrants?id=mygrants_form&table=x_g_usd4_o_grant_funding_opportunity&sys_id=2141d79b1b459210baa70fe4604bcb93&view=Default,sayitkulovsd@state.gov,,,,,2024-10-29,01/06/2025,Oct-29-2024 09:34:23 AM EST,Synopsis 1,Closed,Yes,No,"The Bureau of International Narcotics and Law Enforcement Affairs of the U.S. Department of State announces an open competition for organizations to submit applications to carry out a project to combat human trafficking, including sex and labor trafficking, in Uzbekistan. 
Despite the Government of Uzbekistan’s increased efforts to combat Trafficking in Persons crimes, traffickers continue to exploit vulnerable populations, including women, children, and marginalized groups, for forced labor and sexual exploitation. 

One of the critical barriers to effective enforcement in this area is the significant underreporting of incidents by victims. In Uzbekistan many victims, due to fear of retaliation, lack of trust in the judicial system, cultural norms or a lack of awareness of their rights, are reluctant to come forward. This lack of reporting hampers the ability of law enforcement agencies to accurately assess the scope of the problem, allocate resources effectively, and take appropriate action against perpetrators. Consequently, without adequate victim reporting, enforcement efforts remain severely constrained, leading to a cycle of impunity that perpetuates the issue.  To address this issue, Uzbekistan should strengthen its reporting mechanisms, ensuring reporting systems are both victim-centered and culturally sensitive. These systems should include mechanisms for anonymous reporting, comprehensive data collection, and regular assessments to ensure they are effectively capturing the extent of the issue. This notice of funding opportunity aims to support innovative and sustainable projects that address these critical gaps. Projects should focus on enhancing victim protection and assistance, strengthening law enforcement and judicial capacity, improving data collection and analysis, and fostering multi-stakeholder collaboration. By addressing these key areas, we can collectively work towards reducing TIP in Uzbekistan.","Nonprofits having a 501(c)(3) status with the IRS, other than institutions of higher education","the bureau of international narcotics and law enforcement affairs of the u.s. department of state announces an open competition for organizations to submit applications to carry out a project to combat human trafficking, including sex and labor trafficking, in uzbekistan. 
despite the government of uzbekistan’s increased efforts to combat trafficking in persons crimes, traffickers continue to exploit vulnerable populations, including women, children, and marginalized groups, for forced labor and sexual exploitation. 

one of the critical barriers to effective enforcement in this area is the significant underreporting of incidents by victims. in uzbekistan many victims, due to fear of retaliation, lack of trust in the judicial system, cultural norms or a lack of awareness of their rights, are reluctant to come forward. this lack of reporting hampers the ability of law enforcement agencies to accurately assess the scope of the problem, allocate resources effectively, and take appropriate action against perpetrators. consequently, without adequate victim reporting, enforcement efforts remain severely constrained, leading to a cycle of impunity that perpetuates the issue.  to address this issue, uzbekistan should strengthen its reporting mechanisms, ensuring reporting systems are both victim-centered and culturally sensitive. these systems should include mechanisms for anonymous reporting, comprehensive data collection, and regular assessments to ensure they are effectively capturing the extent of the issue. this notice of funding opportunity aims to support innovative and sustainable projects that address these critical gaps. projects should focus on enhancing victim protection and assistance, strengthening law enforcement and judicial capacity, improving data collection and analysis, and fostering multi-stakeholder collaboration. by addressing these key areas, we can collectively work towards reducing tip in uzbekistan.",True,False
"=HYPERLINK(""https://www.grants.gov/search-results-detail/356754"",""72066024RFA00007"")",USAID Maisha Bora Activity,USAID-DEM,Democratic Republic of the Congo USAID-Kinshasa,Health,,Cooperative Agreement,98.001 - USAID Foreign Assistance for Programs Overseas,15000000.0,1.0,15000000,0,Yes,,Clement Kashala,,drcoaa@usaid.gov,,,2024-10-18,11/15/2024,Oct-18-2024 06:23:35 AM EST,Synopsis 3,Archived,No,Yes,"Dear Prospective Applicants:The United States Agency for International Development in Democratic Republic of Congo (USAID/DRC) is seeking applications for a Fixed Amount Award (FAA) Cooperative Agreement to implement the USAID Maisha Bora Activity. Eligibility for this award is restricted to local entities, as defined in ADS 303.6, based in the Democratic Republic of Congo.USAID intends to make an award to the applicant who best meets the objectives of this funding opportunity based on the merit review criteria described in this NOFO subject to a risk assessment. Eligible parties interested in submitting an application are encouraged to read this NOFO thoroughly to understand the type of program sought, application submission requirements and selection process.Gender-based violence (GBV) in the Democratic Republic of the Congo (DRC) is widespread and deeply anchored in unequal social norms that disproportionately affect women, girls, and sexual and gender minorities. The persistent scarcity of basic resources and decades of violent conflict and instability exacerbate the issue, intensifying the atrocious violations and crimes perpetrated against women and children. The issue is more pronounced in the provinces of North Kivu, South Kivu, and Ituri where a breakdown of the rule of law, security institutions, economic life, social capital, and gender roles due to the conflict has seen an alarming surge in GBV cases.More details are available from full Notice of Funding Opportunity (NOFO) as posted with this synopsis.","Others (see text field entitled ""Additional Information on Eligibility"" for clarification)","dear prospective applicants:the united states agency for international development in democratic republic of congo (usaid/drc) is seeking applications for a fixed amount award (faa) cooperative agreement to implement the usaid maisha bora activity. eligibility for this award is restricted to local entities, as defined in ads 303.6, based in the democratic republic of congo.usaid intends to make an award to the applicant who best meets the objectives of this funding opportunity based on the merit review criteria described in this nofo subject to a risk assessment. eligible parties interested in submitting an application are encouraged to read this nofo thoroughly to understand the type of program sought, application submission requirements and selection process.gender-based violence (gbv) in the democratic republic of the congo (drc) is widespread and deeply anchored in unequal social norms that disproportionately affect women, girls, and sexual and gender minorities. the persistent scarcity of basic resources and decades of violent conflict and instability exacerbate the issue, intensifying the atrocious violations and crimes perpetrated against women and children. the issue is more pronounced in the provinces of north kivu, south kivu, and ituri where a breakdown of the rule of law, security institutions, economic life, social capital, and gender roles due to the conflict has seen an alarming surge in gbv cases.more details are available from full notice of funding opportunity (nofo) as posted with this synopsis.",True,False
"=HYPERLINK(""https://www.grants.gov/search-results-detail/356629"",""VA-GPD-FORECAST-FY2026-FY2028"")",GPD Grant Forecast,VA-HPGPDP,Homeless Providers Grant and Per Diem Program,Housing,THIS IS NOT A NOTICE OF FUNDING. THIS IS A GENERAL FORECAST ONLY.,Grant,64.024 - VA Homeless Providers Grant and Per Diem Program,,,,,No,https://www.va.gov/HOMELESS/docs/GPD/FactSheet-GPDGrantFundingTypes-July2022.pdf,GPD Program Office,GPDgrants@va.gov,GPDgrants@va.gov,,,2024-10-03,,Oct-03-2024 10:29:25 AM EST,Forecast 1,Forecasted,No,,"THIS IS NOT A NOTICE OF FUNDING. THIS IS A GENERAL FORECAST ONLY.
Grant and Per Diem (GPD) Program Introduction
The GPD Program is VA’s largest transitional housing program for Veterans experiencing homelessness and is permanently authorized under Public Law 109-461.
Since 1994, the GPD Program has awarded grants to community-based organizations to provide transitional housing with wraparound supportive services to assist vulnerable Veterans move into permanent housing. The grants are designed to meet Veterans at various stages as they move to stable housing. Community-based organizations receiving GPD grants offer focused transitional housing services through a variety of housing models targeted to different populations and needs of Veterans. The GPD program plays a vital role in the continuum of homeless services by providing supportive services to those Veterans who would otherwise be among the unsheltered homeless population. The result of GPD programs is that Veterans achieve residential stability, increase their skill levels and/or income, and obtain greater self-determination.
Types of GPD Grants
Transitional housing grants:
Per Diem Only (PDO) grants provide funding in the form of per diem payments to reimburse grantees for the cost of care provided to Veterans in transitional supportive housing.
Special Need grants target housing and services to specific populations of Veterans (e.g., women, Veterans with chronic mental illness, frail elderly Veterans, Veterans caring for minor dependents, terminally ill Veterans).
Transition-In-Place (TIP) grants offer Veteran residents housing in which supportive services transition out of the residence over time, rather than the resident. Upon completion of the TIP services, the resident retains the unit as their permanent housing with no requirement to move.
Other types of grants:
Case Management grants support Veterans who were previously experiencing homelessness or who are at risk for homelessness so that they may obtain or retain permanent housing.
Capital grants support the costs of acquiring, renovating, or constructing facilities and are only offered intermittently to improve existing facilities or to develop new transitional housing depending on VA's priorities and funding availability.
Lists of current grantees are available on the GPD website.
How to Apply for GPD Funding
Not all grant types are available annually. When available, notices of funding can be found at the following locations: www.grants.gov and https://www.va.gov/homeless/gpd.asp.
Application instructions are provided in each notice of funding.
Each notice of funding will clarify specific eligibility criteria, application requirements, funding limitations, and other requirements.
Applications are submitted through an online portal that is only available when there is an open notice of funding.
Potential applicants who wish to see what was required for previous applications may review past notices of funding, available on the GPD provider website and www.grants.gov. Past notices of funding are not a guarantee of future requirements.
Tentative Estimated GPD Award Schedule
Specific dates are not able to be forecast.
The follow tentative approximations are provided for general planning purposes.
FY 2026
Case Management – GPD tentatively expects to offer a notice of funding around FY 2025 for case management awards starting approximately in FY 2026.
FY 2027
PDO – GPD tentatively expects to offer a notice of funding around FY 2026 for PDO awards starting approximately in FY 2027.
TIP – GPD tentatively expects to offer a notice of funding around FY 2026 for TIP awards starting approximately in FY 2027.
FY 2028
GPD tentatively does not expect to offer a notice of funding for this timeframe. GPD may update this forecast closer to the time.
THIS IS NOT A NOTICE OF FUNDING. THIS IS A GENERAL FORECAST ONLY.","State governments; County governments; City or township governments; Special district governments; Native American tribal governments (Federally recognized); Public housing authorities/Indian housing authorities; Nonprofits having a 501(c)(3) status with the IRS, other than institutions of higher education","this is not a notice of funding. this is a general forecast only.
grant and per diem (gpd) program introduction
the gpd program is va’s largest transitional housing program for veterans experiencing homelessness and is permanently authorized under public law 109-461.
since 1994, the gpd program has awarded grants to community-based organizations to provide transitional housing with wraparound supportive services to assist vulnerable veterans move into permanent housing. the grants are designed to meet veterans at various stages as they move to stable housing. community-based organizations receiving gpd grants offer focused transitional housing services through a variety of housing models targeted to different populations and needs of veterans. the gpd program plays a vital role in the continuum of homeless services by providing supportive services to those veterans who would otherwise be among the unsheltered homeless population. the result of gpd programs is that veterans achieve residential stability, increase their skill levels and/or income, and obtain greater self-determination.
types of gpd grants
transitional housing grants:
per diem only (pdo) grants provide funding in the form of per diem payments to reimburse grantees for the cost of care provided to veterans in transitional supportive housing.
special need grants target housing and services to specific populations of veterans (e.g., women, veterans with chronic mental illness, frail elderly veterans, veterans caring for minor dependents, terminally ill veterans).
transition-in-place (tip) grants offer veteran residents housing in which supportive services transition out of the residence over time, rather than the resident. upon completion of the tip services, the resident retains the unit as their permanent housing with no requirement to move.
other types of grants:
case management grants support veterans who were previously experiencing homelessness or who are at risk for homelessness so that they may obtain or retain permanent housing.
capital grants support the costs of acquiring, renovating, or constructing facilities and are only offered intermittently to improve existing facilities or to develop new transitional housing depending on va's priorities and funding availability.
lists of current grantees are available on the gpd website.
how to apply for gpd funding
not all grant types are available annually. when available, notices of funding can be found at the following locations: www.grants.gov and https://www.va.gov/homeless/gpd.asp.
application instructions are provided in each notice of funding.
each notice of funding will clarify specific eligibility criteria, application requirements, funding limitations, and other requirements.
applications are submitted through an online portal that is only available when there is an open notice of funding.
potential applicants who wish to see what was required for previous applications may review past notices of funding, available on the gpd provider website and www.grants.gov. past notices of funding are not a guarantee of future requirements.
tentative estimated gpd award schedule
specific dates are not able to be forecast.
the follow tentative approximations are provided for general planning purposes.
fy 2026
case management – gpd tentatively expects to offer a notice of funding around fy 2025 for case management awards starting approximately in fy 2026.
fy 2027
pdo – gpd tentatively expects to offer a notice of funding around fy 2026 for pdo awards starting approximately in fy 2027.
tip – gpd tentatively expects to offer a notice of funding around fy 2026 for tip awards starting approximately in fy 2027.
fy 2028
gpd tentatively does not expect to offer a notice of funding for this timeframe. gpd may update this forecast closer to the time.
this is not a notice of funding. this is a general forecast only.",True,False
"=HYPERLINK(""https://www.grants.gov/search-results-detail/356616"",""PAS-AR200-FY25-01"")",Youth Cyber Awareness and Cyber Safety,DOS-ARG,U.S. Mission to Argentina,Education,,Grant,19.040 - Public Diplomacy Programs,117000.0,6.0,60000,20000,No,https://usgrantsfundargentina.vform.io/,RACI Canada,,usgrantsfundargentina@raci.org.ar,,,2024-10-02,12/15/2024,Oct-02-2024 09:01:38 AM EST,Synopsis 1,Archived,No,Yes,"Interested parties can apply to one or both of the following two programs:Comprehensive Youth Cyber Awareness and Safety Messaging Campaign with Influencers: This campaign will be aimed at addressing key cybersecurity risks faced by youth in Argentina. The campaign will cover a range of issues, including youth cyber hygiene, combatting disinformation, promoting an inclusive cybersecurity workforce, and countering underage online gambling. With the increasing use of digital platforms and the growing influence of online influencers, young people are exposed to various digital threats. This campaign will partner with selected influencers to raise awareness and provide practical solutions on safe online behavior, responsible media consumption, and opportunities for young women to enter the cybersecurity field. The campaign shall promote inclusive messages that emphasize cyber hygiene, the fight against disinformation, and career development in cybersecurity. Activities shall include:- Collaboration with influencers to develop and disseminate content on cyber hygiene, recognizing disinformation, career opportunities in cybersecurity, and the risks associated with underage online gambling. - Social media campaign across platforms like Instagram, YouTube, and Argentine streaming media. Content shall cover various aspects of online safety, including cyber hygiene practices, disinformation awareness, and opportunities for women in cybersecurity. - Creation and distribution of videos, infographics, and articles that provide practical tips on online behavior, identifying disinformation, and understanding cybersecurity as a career option, especially for women. This will include specific content focused on recognizing the risks of online gambling. - Partnerships with local universities and binational centers across Argentina to integrate campaign messages into digital literacy and STEM programs, emphasizing the need for inclusive participation in the cybersecurity workforce and fostering resilience against online threats, including disinformation and underage gambling.2.    Tech Forum on Cybersecurity: The event shall bring together key stakeholders, including media, academia, influencers, and civil society, to raise awareness about cybersecurity and to drive action and national level advocacy efforts toward protecting vulnerable systems, media ecosystems, infrastructure, and other vital networks in the region. The Tech Forum will equip participants with the knowledge and tools needed to advocate for cybersecurity improvements, foster regional cooperation, promote cybersecurity hygiene, address critical vulnerabilities, and engage in practical problem-solving through a hackathon. Activities shall include:- Discussions led by cybersecurity experts, focusing on the latest threats, best practices, and tools for improving cybersecurity.- Organization of panels with representatives from government agencies, the private sector, and civil society to discuss regional cybersecurity cooperation.- Hands-on instruction for participants on cybersecurity hygiene, including techniques to protect against phishing, malware, and other common threats.- Facilitate a hackathon where teams work together to create and present solutions to specific cybersecurity challenges, with a focus on practical application and regional relevance, culminating with one-time incubation grants for successful solutions. Interested parties may apply to either one or the two activities. For each activity, the minimum application shall be in the amount of $20,000 and the maximum shall be $30,000. Organizations willing to apply for the two activities will do so for a minimum budget of $40,000 and a maximum of $60,000.The applications shall be reviewed by a panel composed by Embassy subject matter experts. The implementation of the sub-awards will be made through the grantee administrator RACI Canada. ","Others (see text field entitled ""Additional Information on Eligibility"" for clarification)","interested parties can apply to one or both of the following two programs:comprehensive youth cyber awareness and safety messaging campaign with influencers: this campaign will be aimed at addressing key cybersecurity risks faced by youth in argentina. the campaign will cover a range of issues, including youth cyber hygiene, combatting disinformation, promoting an inclusive cybersecurity workforce, and countering underage online gambling. with the increasing use of digital platforms and the growing influence of online influencers, young people are exposed to various digital threats. this campaign will partner with selected influencers to raise awareness and provide practical solutions on safe online behavior, responsible media consumption, and opportunities for young women to enter the cybersecurity field. the campaign shall promote inclusive messages that emphasize cyber hygiene, the fight against disinformation, and career development in cybersecurity. activities shall include:- collaboration with influencers to develop and disseminate content on cyber hygiene, recognizing disinformation, career opportunities in cybersecurity, and the risks associated with underage online gambling. - social media campaign across platforms like instagram, youtube, and argentine streaming media. content shall cover various aspects of online safety, including cyber hygiene practices, disinformation awareness, and opportunities for women in cybersecurity. - creation and distribution of videos, infographics, and articles that provide practical tips on online behavior, identifying disinformation, and understanding cybersecurity as a career option, especially for women. this will include specific content focused on recognizing the risks of online gambling. - partnerships with local universities and binational centers across argentina to integrate campaign messages into digital literacy and stem programs, emphasizing the need for inclusive participation in the cybersecurity workforce and fostering resilience against online threats, including disinformation and underage gambling.2.    tech forum on cybersecurity: the event shall bring together key stakeholders, including media, academia, influencers, and civil society, to raise awareness about cybersecurity and to drive action and national level advocacy efforts toward protecting vulnerable systems, media ecosystems, infrastructure, and other vital networks in the region. the tech forum will equip participants with the knowledge and tools needed to advocate for cybersecurity improvements, foster regional cooperation, promote cybersecurity hygiene, address critical vulnerabilities, and engage in practical problem-solving through a hackathon. activities shall include:- discussions led by cybersecurity experts, focusing on the latest threats, best practices, and tools for improving cybersecurity.- organization of panels with representatives from government agencies, the private sector, and civil society to discuss regional cybersecurity cooperation.- hands-on instruction for participants on cybersecurity hygiene, including techniques to protect against phishing, malware, and other common threats.- facilitate a hackathon where teams work together to create and present solutions to specific cybersecurity challenges, with a focus on practical application and regional relevance, culminating with one-time incubation grants for successful solutions. interested parties may apply to either one or the two activities. for each activity, the minimum application shall be in the amount of $20,000 and the maximum shall be $30,000. organizations willing to apply for the two activities will do so for a minimum budget of $40,000 and a maximum of $60,000.the applications shall be reviewed by a panel composed by embassy subject matter experts. the implementation of the sub-awards will be made through the grantee administrator raci canada. ",True,False
"=HYPERLINK(""https://www.grants.gov/search-results-detail/356585"",""OFOP0001453"")",U.S. Government Alumni Small Grants Competition,DOS-WHA,Bureau of Western Hemisphere Affairs,Business and Commerce,,Grant,19.040 - Public Diplomacy Programs,10000.0,0.0,10000,1000,No,https://mygrants.servicenowservices.com/mygrants?id=mygrants_form&table=x_g_usd4_o_grant_funding_opportunity&sys_id=6b7f0ba6472286504f681864336d43e1&view=Default,nassausmallgrants@state.gov,,,,,2024-09-27,09/29/2024,Sep-27-2024 03:52:38 PM EST,Synopsis 1,Closed,No,No,"U.S. Embassy Nassau Public Diplomacy Section is pleased to announce an open competition for assistance awards that create partnerships to promote common objectives and exchanges between the United States and The Bahamas.  Awards will be given based on availability of funds.  

The U.S. Embassy seeks to inform and share with audiences in The Bahamas about the United States, its culture, society, government, economic, and political systems, and values through programs focusing on the priority areas outlined below. To further these goals, proposals must include American content, which can include speakers who are experts in U.S. policy, academia, culture, and economics; the use of U.S. training models or materials; exchanges with U.S. institutions; or promotion of U.S. culture and art.  This opportunity is open to persons who participated in U.S. government sponsored programs.  Bahamian alumni can submit proposals as individuals or as the head of an NGO.

Funding Priorities: The U.S. Embassy invites U.S. government exchange alumni to submit proposals to support activities directly aimed at improving communities, providing new opportunities for citizen participation, and promoting and developing issues of public interest. Some examples of projects can meet the requirement could include (but are not limited to) proposals that relate to the following areas:  Entrepreneurship support programs focused on the empowerment of women and girls.  Promoting a more inclusive society.  Integrating marginalized groups or individuals into communities. Preparing Bahamian youth to become future leaders in a global economy.  Promoting environmental conservation and combating climate change.  Supporting the work of Bahamian civil society organizations in areas of mutual U.S.- Bahamas interest.  Expanding exchanges that provide audiences in The Bahamas (with a focus on youth, women, and marginalized communities) a deeper understanding of the US and shared values with The Bahamas.",Individuals,"u.s. embassy nassau public diplomacy section is pleased to announce an open competition for assistance awards that create partnerships to promote common objectives and exchanges between the united states and the bahamas.  awards will be given based on availability of funds.  

the u.s. embassy seeks to inform and share with audiences in the bahamas about the united states, its culture, society, government, economic, and political systems, and values through programs focusing on the priority areas outlined below. to further these goals, proposals must include american content, which can include speakers who are experts in u.s. policy, academia, culture, and economics; the use of u.s. training models or materials; exchanges with u.s. institutions; or promotion of u.s. culture and art.  this opportunity is open to persons who participated in u.s. government sponsored programs.  bahamian alumni can submit proposals as individuals or as the head of an ngo.

funding priorities: the u.s. embassy invites u.s. government exchange alumni to submit proposals to support activities directly aimed at improving communities, providing new opportunities for citizen participation, and promoting and developing issues of public interest. some examples of projects can meet the requirement could include (but are not limited to) proposals that relate to the following areas:  entrepreneurship support programs focused on the empowerment of women and girls.  promoting a more inclusive society.  integrating marginalized groups or individuals into communities. preparing bahamian youth to become future leaders in a global economy.  promoting environmental conservation and combating climate change.  supporting the work of bahamian civil society organizations in areas of mutual u.s.- bahamas interest.  expanding exchanges that provide audiences in the bahamas (with a focus on youth, women, and marginalized communities) a deeper understanding of the us and shared values with the bahamas.",True,False
"=HYPERLINK(""https://www.grants.gov/search-results-detail/356578"",""NOAA-ONMS-NFS-2025-28612"")",FY25 Dr. Nancy Foster Scholarship Program,DOC-DOCNOAAERA,DOC NOAA - ERA Production,Natural Resources; Science and Technology and other Research and Development,,Cooperative Agreement,11.429 - Marine Sanctuary Program,500000.0,,47000,47000,No,,"Send requests for information to fosterscholars@noaa.gov or mail requests to:

Dr. Nancy Foster Scholarship Program
NOAA Office of National Marine Sanctuaries
99 Pacific Street
Monterey, CA 93940",,fosterscholars@noaa.gov,,,2024-09-27,02/14/2025,Sep-27-2024 12:41:47 PM EST,Synopsis 1,Archived,Yes,Yes,"The NOAA Office of National Marine Sanctuaries is seeking applications for the Dr. Nancy Foster Scholarship Program from individuals, particularly women and members of minority groups, who, due to financial constraints, may otherwise not be able to pursue an advanced degree in the scientific disciplines supported by this program.
The NOAA Office of National Marine Sanctuaries conducts, sponsors, and facilitates research to better understand ecosystems and cultural resources in national marine sanctuaries, their changing condition, and the significance of threats. The National Marine Sanctuary System uses conservation science to support policy decisions, develop effective response capabilities, evaluate management practices, and support broader, NOAA-wide responsibilities for marine conservation and management. Science priorities are identified through assessments of threats and resource conditions within national marine sanctuaries and management plans and are necessary to protect and conserve sanctuary resources, manage risks, reduce threats and respond to unexpected events. Strong partnerships, expert scientific content and judgment, and peer review enhances the accuracy and credibility of monitoring and research. In addition, science, education, outreach, and policy development work together to raise awareness and prompt effective action that will address ocean problems. More information on the NOAA Office of National Marine Sanctuaries conservation science can be found at https://sanctuaries.noaa.gov/science. 
NOAA recognizes the student's need to ensure that scholarly research, which is often hypothesis based, addresses critical gaps in knowledge about ecological processes, physiological mechanisms, evolutionary underpinnings, human behaviors, preferences and values, and related areas. The nature of the NOAA Office of National Marine Sanctuaries’ research, as well as interactions with sanctuary staff and partners with similar goals, can help students fulfill their degree requirements through work benefiting not only national marine sanctuaries, but marine conservation more broadly and ecosystem science as a whole. In addition to natural resource studies, scholars may investigate socioeconomic, maritime archaeological and maritime heritage resource studies in national marine sanctuaries.
General science priorities for the NOAA Office of National Marine Sanctuaries are stated below. Applicants are strongly encouraged to visit the Science Needs Assessment page (https://sanctuaries.noaa.gov/science/assessment/) to determine if your research proposal aligns with science needs of one or more sites within the National Marine Sanctuary System. If you feel the need to discuss your research proposal with a site Research Coordinator, contact information is available at https://sanctuaries.noaa.gov/science/assessment/research_coordinators.html. For questions on project proposals that address the entirety of the National Marine Sanctuary System, you can contact FosterScholars@noaa.gov with a snapshot of your proposed research.",Individuals,"the noaa office of national marine sanctuaries is seeking applications for the dr. nancy foster scholarship program from individuals, particularly women and members of minority groups, who, due to financial constraints, may otherwise not be able to pursue an advanced degree in the scientific disciplines supported by this program.
the noaa office of national marine sanctuaries conducts, sponsors, and facilitates research to better understand ecosystems and cultural resources in national marine sanctuaries, their changing condition, and the significance of threats. the national marine sanctuary system uses conservation science to support policy decisions, develop effective response capabilities, evaluate management practices, and support broader, noaa-wide responsibilities for marine conservation and management. science priorities are identified through assessments of threats and resource conditions within national marine sanctuaries and management plans and are necessary to protect and conserve sanctuary resources, manage risks, reduce threats and respond to unexpected events. strong partnerships, expert scientific content and judgment, and peer review enhances the accuracy and credibility of monitoring and research. in addition, science, education, outreach, and policy development work together to raise awareness and prompt effective action that will address ocean problems. more information on the noaa office of national marine sanctuaries conservation science can be found at https://sanctuaries.noaa.gov/science. 
noaa recognizes the student's need to ensure that scholarly research, which is often hypothesis based, addresses critical gaps in knowledge about ecological processes, physiological mechanisms, evolutionary underpinnings, human behaviors, preferences and values, and related areas. the nature of the noaa office of national marine sanctuaries’ research, as well as interactions with sanctuary staff and partners with similar goals, can help students fulfill their degree requirements through work benefiting not only national marine sanctuaries, but marine conservation more broadly and ecosystem science as a whole. in addition to natural resource studies, scholars may investigate socioeconomic, maritime archaeological and maritime heritage resource studies in national marine sanctuaries.
general science priorities for the noaa office of national marine sanctuaries are stated below. applicants are strongly encouraged to visit the science needs assessment page (https://sanctuaries.noaa.gov/science/assessment/) to determine if your research proposal aligns with science needs of one or more sites within the national marine sanctuary system. if you feel the need to discuss your research proposal with a site research coordinator, contact information is available at https://sanctuaries.noaa.gov/science/assessment/research_coordinators.html. for questions on project proposals that address the entirety of the national marine sanctuary system, you can contact fosterscholars@noaa.gov with a snapshot of your proposed research.",True,False
"=HYPERLINK(""https://www.grants.gov/search-results-detail/356524"",""OFOP0001638"")","Annual Program Statement - U.S Mission to NATO (2024) - Deadline August 26, 2024",DOS-BEL,U.S. Mission to Belgium,"Other (see text field entitled ""Explanation of Other Category of Funding Activity"" for clarification)",Annual Program Statement Priority Areas,Grant,19.040 - Public Diplomacy Programs,,1.0,50000,20000,No,https://mygrants.servicenowservices.com/mygrants?id=mygrants_form&table=x_g_usd4_o_grant_funding_opportunity&sys_id=efa65654933c1a50d114b7986cba1023&view=Default,USNATOPAAGrantsDL@state.gov,,,,,2024-09-25,09/27/2024,Sep-25-2024 10:14:44 AM EST,Synopsis 1,Closed,No,No,"Correct deadline August 26, 2024

PAA invites proposals for programs and initiatives that help promote an increased understanding of NATOs role in promoting regional peace and security, as well as the rules-based international order.  All programs must include a direct tie to the United States. This could be via American experts, organizations, or institutions in a specific field that will promote increased understanding of U.S. foreign policy interests within the Alliance. Examples of PAA Small Grants Program projects include, but are not limited to

Academic and professional lectures, seminars, and speaker programs
Artistic and cultural workshops, performances, and exhibitions
Professional and academic exchanges, programs, and trainings
Digital engagements and content creation
Establishing core leadership or influencer groups, such as a young leaders network
Developing educational materials

Priority Region

 While activities targeting NATO Allies and partner countries will be prioritized, programs that support NATO objectives or increase understanding of NATO in other strategically important countries will also be considered.

Priority Program Areas

Countering disinformation and misinformation
Media independence or media literacy
NATO deterrence and defense, including its new military plans
Hybrid security threats and emerging technologies
Science and technology
NATO and Africa, Asia, or Latin America
NATO partnerships
Russian malign influence in the Euro Atlantic area
The Peoples Republic of Chinas expanding use of economic, political, and military power
Climate security
Women, Peace, and Security
Young professionals and next generation engagement","Nonprofits having a 501(c)(3) status with the IRS, other than institutions of higher education","correct deadline august 26, 2024

paa invites proposals for programs and initiatives that help promote an increased understanding of natos role in promoting regional peace and security, as well as the rules-based international order.  all programs must include a direct tie to the united states. this could be via american experts, organizations, or institutions in a specific field that will promote increased understanding of u.s. foreign policy interests within the alliance. examples of paa small grants program projects include, but are not limited to

academic and professional lectures, seminars, and speaker programs
artistic and cultural workshops, performances, and exhibitions
professional and academic exchanges, programs, and trainings
digital engagements and content creation
establishing core leadership or influencer groups, such as a young leaders network
developing educational materials

priority region

 while activities targeting nato allies and partner countries will be prioritized, programs that support nato objectives or increase understanding of nato in other strategically important countries will also be considered.

priority program areas

countering disinformation and misinformation
media independence or media literacy
nato deterrence and defense, including its new military plans
hybrid security threats and emerging technologies
science and technology
nato and africa, asia, or latin america
nato partnerships
russian malign influence in the euro atlantic area
the peoples republic of chinas expanding use of economic, political, and military power
climate security
women, peace, and security
young professionals and next generation engagement",True,False
"=HYPERLINK(""https://www.grants.gov/search-results-detail/356464"",""OFOP0001542"")",Girls & Democracy Empowerment Seminar,DOS-BHS,U.S. Mission to the Bahamas,"Other (see text field entitled ""Explanation of Other Category of Funding Activity"" for clarification)",Democracy programing,Grant,"19.345 - International Programs to Support Democracy, Human Rights and Labor",,0.0,10000,5000,No,https://mygrants.servicenowservices.com/mygrants?id=mygrants_form&table=x_g_usd4_o_grant_funding_opportunity&sys_id=b741cd4c47b3c21067358810326d438a&view=Default,Suemayah Abu-Douleh,,,,,2024-09-18,09/30/2024,Sep-18-2024 01:06:36 PM EST,Synopsis 1,Closed,No,No,"The U.S. Embassy's Public Diplomacy and Political Sections in The Bahamas announces an open competition for not-for-profit, non-governmental, public international, and governmental organizations to submit applications to carry out a program aimed at increasing women’s involvement in politics and, in turn, increasing support for democratic policies that support women’s equal rights.   The program seeks to educate, mentor, and empower girls and women to advocate for democratic principles and increased political participation. The ultimate goal is to foster increased civic participation to advocate for legislative changes that improve the rights of women in The Bahamas and to encourage greater engagement by women, both as mentors and mentees, in the 2026 electoral process.","Others (see text field entitled ""Additional Information on Eligibility"" for clarification)","the u.s. embassy's public diplomacy and political sections in the bahamas announces an open competition for not-for-profit, non-governmental, public international, and governmental organizations to submit applications to carry out a program aimed at increasing women’s involvement in politics and, in turn, increasing support for democratic policies that support women’s equal rights.   the program seeks to educate, mentor, and empower girls and women to advocate for democratic principles and increased political participation. the ultimate goal is to foster increased civic participation to advocate for legislative changes that improve the rights of women in the bahamas and to encourage greater engagement by women, both as mentors and mentees, in the 2026 electoral process.",True,False
"=HYPERLINK(""https://www.grants.gov/search-results-detail/356443"",""72063624RFI00001"")",Mitigation of FGM and Child Marriage Practices in  the North and South of Sierra Leone,USAID-GUI,Guinea USAID-Conakry,Community Development,,Other,98.001 - USAID Foreign Assistance for Programs Overseas,,,0,0,No,,"Aissatou Conde
A&A Specialist",,aconde@usaid.gov,,,2024-09-17,10/14/2024,Sep-17-2024 01:00:32 PM EST,Synopsis 2,Archived,No,Yes,"Dear Interested Parties/Respondents:This is a Request for Information (“RFI”) issued by the U.S. Agency for International Development for conducting market research in response to the questions provided in Attachment B. This request for information is issued solely for the purpose of conducting market research in accordance with Federal Acquisition Regulation (FAR) Part 10.The Purpose of the RFI is to gather feedback to strengthen the design of an activity with the preliminary title: Mitigation of FGM and Child Marriage Practices in the North and South of Sierra Leone under the Sierra Leone Local Works Program (“SLLWP”). The RFI aims to gather information on the impact of Female Genital Mutilation/Cutting (FGM/C) and Child marriage in rural areas of the Northern and South-Eastern Regions from Local organizations in Sierra Leone.USAID is seeking feedback from potential local entities that are currently working to mitigate the impact of FGM/C and Child marriage in the Northern and South-Eastern Regions of the Country. This activity will focus on local engagement, cooperation, and empowering local CSOs and young women and men. Local entities are defined as any entity that:(1) Is legally organized under the laws of Sierra Leone.(2) Has its principal place of business or operation in Sierra Leone(3) Is majority-owned by individuals who are citizens or lawful permanent residents of Sierra Leone.(4) Is managed by a governing body the majority of whom are citizens or lawful permanent residents of Sierra Leone.","Unrestricted (i.e., open to any type of entity above), subject to any clarification in text field entitled ""Additional Information on Eligibility""","dear interested parties/respondents:this is a request for information (“rfi”) issued by the u.s. agency for international development for conducting market research in response to the questions provided in attachment b. this request for information is issued solely for the purpose of conducting market research in accordance with federal acquisition regulation (far) part 10.the purpose of the rfi is to gather feedback to strengthen the design of an activity with the preliminary title: mitigation of fgm and child marriage practices in the north and south of sierra leone under the sierra leone local works program (“sllwp”). the rfi aims to gather information on the impact of female genital mutilation/cutting (fgm/c) and child marriage in rural areas of the northern and south-eastern regions from local organizations in sierra leone.usaid is seeking feedback from potential local entities that are currently working to mitigate the impact of fgm/c and child marriage in the northern and south-eastern regions of the country. this activity will focus on local engagement, cooperation, and empowering local csos and young women and men. local entities are defined as any entity that:(1) is legally organized under the laws of sierra leone.(2) has its principal place of business or operation in sierra leone(3) is majority-owned by individuals who are citizens or lawful permanent residents of sierra leone.(4) is managed by a governing body the majority of whom are citizens or lawful permanent residents of sierra leone.",True,False
"=HYPERLINK(""https://www.grants.gov/search-results-detail/356434"",""72066024RFA00006"")",USAID Accelerator Activity,USAID-DEM,Democratic Republic of the Congo USAID-Kinshasa,Health,,Cooperative Agreement,98.001 - USAID Foreign Assistance for Programs Overseas,90500000.0,1.0,90500000,0,Yes,,M Sirajam Munir,,smunir@usaid.gov,,,2024-09-17,10/30/2024,Oct-24-2024 11:20:43 AM EST,Synopsis 2,Archived,No,Yes,"Dear Prospective Applicants:The United States Agency for International Development in Democratic Republic of Congo (USAID/DRC) is seeking applications for a cost reimbursement Cooperative Agreement from qualified entities to implement the USAID Accelerator Activity. Eligibility for this award is not restricted.USAID intends to make an award to the applicant who best meets the objectives of this funding opportunity based on the merit review criteria described in this NOFO subject to a risk assessment. Eligible parties interested in submitting an application are encouraged to read this NOFO thoroughly to understand the type of program sought, application submission requirements and selection process.USAID/DRC intends to fund the USAID Accelerator Activity to advance and sustain improved health outcomes for Congolese in four provinces: Sud-Kivu, Lomami, Tanganyika, and Kasai Central. The focus of this Activity will include but is not limited to: children under five, pregnant and postpartum women, youth, and especially adolescent girls, and hard to reach communities. The activity seeks to advance the Government of DRC’s provincial goals of improving maternal and child health; decreasing maternal, infant, and child morbidity and mortality; improving the nutritional status of adolescent girls, pregnant and lactating women, and children under five; decreasing malaria-associated morbidity and mortality; improving access to and use of family planning (FP) and reproductive health services, including for healthy spacing and timing of pregnancy; and increasing uptake of key behaviors that drive improved health outcomes.More details are available from full Notice of Funding Opportunity (NOFO) as posted with this synopsis.","Unrestricted (i.e., open to any type of entity above), subject to any clarification in text field entitled ""Additional Information on Eligibility""","dear prospective applicants:the united states agency for international development in democratic republic of congo (usaid/drc) is seeking applications for a cost reimbursement cooperative agreement from qualified entities to implement the usaid accelerator activity. eligibility for this award is not restricted.usaid intends to make an award to the applicant who best meets the objectives of this funding opportunity based on the merit review criteria described in this nofo subject to a risk assessment. eligible parties interested in submitting an application are encouraged to read this nofo thoroughly to understand the type of program sought, application submission requirements and selection process.usaid/drc intends to fund the usaid accelerator activity to advance and sustain improved health outcomes for congolese in four provinces: sud-kivu, lomami, tanganyika, and kasai central. the focus of this activity will include but is not limited to: children under five, pregnant and postpartum women, youth, and especially adolescent girls, and hard to reach communities. the activity seeks to advance the government of drc’s provincial goals of improving maternal and child health; decreasing maternal, infant, and child morbidity and mortality; improving the nutritional status of adolescent girls, pregnant and lactating women, and children under five; decreasing malaria-associated morbidity and mortality; improving access to and use of family planning (fp) and reproductive health services, including for healthy spacing and timing of pregnancy; and increasing uptake of key behaviors that drive improved health outcomes.more details are available from full notice of funding opportunity (nofo) as posted with this synopsis.",True,False
"=HYPERLINK(""https://www.grants.gov/search-results-detail/356233"",""693JJ325NF00002"")",Low Carbon Transportation Materials Program,DOT-FHWA,DOT Federal Highway Administration,Transportation,,Grant,20.205 - Highway Planning and Construction,,,800000000,0,No,https://www.fhwa.dot.gov/lowcarbon/faq.cfm,"Veronica Jacobson
Grantor
Phone 720-963-3020",,FHWALowCarbonMaterials@dot.gov,,,2024-08-27,11/25/2024,Aug-27-2024 10:10:17 AM EST,Synopsis 3,Archived,Yes,Yes,"1. OverviewThe Inflation Reduction Act (IRA) (Pub. L. 117-169, Aug. 16, 2022) established the LCTM Program (23 U.S.C. 179), which provides funding for the use of construction materials that have substantially lower levels of GHG emissions.The purpose of the LCTM Program is to reimburse the incrementally higher costs of using or provide an incentive1 amount to eligible recipients for the use, in projects, of construction materials and products that have substantially lower levels of embodied GHG emissions, as described by the Environmental Protection Agency (EPA), associated with all relevant stages of production, use, and disposal as compared to estimated industry averages of similar materials or products, hereafter referred to as low carbon transportation materials.The program will also serve to help eligible transportation agencies update or develop specification language and conduct identification activities needed to demonstrate materials are appropriate for use on Federal-aid construction projects.Funds made available for the LCTM Program will be awarded for the use of substantially lower carbon materials and products on construction projects funded under title 23 U.S.C. and necessary work to identify appropriateness for use of these materials on eligible projects.FHWA is requesting applications from eligible applicants other than the State DOTs. State DOTs were eligible to apply for LCTM funds under a Request for Applications, posted on FHWA’s Webpage at www.fhwa.dot.gov/lowcarbon/funding.cfm.As part of the LCTM Program, this notice will result in the distribution of up to $800 million, subject to the availability of funds. This notice describes the application requirements, selection, and evaluation criteria.For the purposes of this NOFO, materials/products available for reimbursement or incentives are those identified by the EPA Administrator2. In alignment with the Administration’s Federal Buy Clean Initiative, EPA released an Interim Determination (ID) in December 2022 that outlined an approach to establish thresholds and data requirements for qualifying concrete (and cement), glass, asphalt mix, and steel materials/products that meet the substantially lower embodied carbon requirements. For purposes of this NOFO, these are the only materials/products categories that are currently eligible.An agency shall determine the substantially lower embodied carbon thresholds (i.e., best performing 20 percent, 40 percent, and industry averages) for materials/products eligible for reimbursement or incentive under this program through the following options:Option (1): An agency may reference the established thresholds as published on the FHWA Website4. Stakeholders from concrete, glass, asphalt, and steel industries are working to provide industry-average data to support implementation of the LCTM Program5.Option (2): An agency may determine local or regional thresholds for concrete (and cement), glass, asphalt mix, and/or steel. In this option, the agency shall follow accepted International Organization for Standardization (ISO) standards to develop thresholds. Agencies shall disclose the Global Warming Potential (GWP), the methodology for determining the percentiles and averages, the source(s) used for each material/product, and the parameters (including performance specification) used to set the GWP.Agencies may also use a combination of these two options for this program. Under this NOFO, the LCTM Program will provide funds directly to recipients that will implement the provisions of the EPA’s ID for eligible low carbon transportation materials/products. Recipients may also be reimbursed for identification of eligible materials and work needed to determine their appropriateness for use on eligible projects, as discussed more in Section C Eligibility Information of this NOFO.2. LCTM Program GoalsProgram goals include, but are not limited to:Increase the use of lower carbon materials and products that are used in projects funded under Title 23.Facilitate the use of low carbon transportation materials while ensuring appropriateness for use in projects eligible under Title 23.Promote technology transfer and enhance workforce development to increase the adoption of environmental quantification techniques used in decision making by transportation agencies.Encourage eligible recipients to begin LCTM activities and build successful low carbon transportation material identification frameworks.3. Administration Priorities and Departmental Strategic Plan GoalsThe Department seeks to fund projects that advance the Departmental priorities of safety, climate change and sustainability, equity and environmental justice, and workforce development, job quality, and wealth creation as described in the DOT Strategic Plan, Research, Development and Technology Strategic Plan, and in executive orders (E.O.). Administration priorities will be considered as described in Section A.3. Illustrative examples are provided in Section E.2.i. SafetyDOT is committed to advancing safe, efficient transportation, including in the LCTM Program. Projects in the LCTM Program should provide substantial safety benefits (to commuters, workers, etc.) compared to existing conditions; mitigate to the extent practicable any significant safety risks that could result after the project’s completion; and do not negatively impact the safety of the traveling public, and any relevant group applicable to the program.ii. Climate Change and SustainabilityAs part of the Biden-Harris Administration’s whole-of-Government Federal Buy Clean Initiative, and consistent with E.O. 14057, Catalyzing Clean Energy Industries and Jobs Through Federal Sustainability (86 FR 70935), the EPA, the U.S. General Services Administration (GSA), and GSA/FHWA are closely collaborating to implement related efforts as part of IRA Sections 60112, 60116, 60503, and 60506. As FHWA and GSA implement programs to use and incentivize low-carbon materials, EPA is working to encourage increased Environmental Product Declaration (EPD) harmonization and availability through grant, technical assistance and carbon labeling programs for construction materials.DOT seeks to fund activities and projects under the LCTM Program that reduce GHG emissions from materials used in the transportation sector. DOT also seeks to incorporate evidence-based climate resilience measures and features, avoid adverse environmental impacts to air or water quality, wetlands, and endangered species, and address the disproportionate negative environmental impacts of transportation on communities with environmental justice concerns, consistent with E.O. 14096, Revitalizing Our Nation’s Commitment to Environmental Justice for All (88 FR 25251), and E.O. 14008, Tackling the Climate Crisis at Home and Abroad (86 FR 7619).iii. Equity and Environmental JusticeDOT seeks to fund activities and projects under the LCTM Program that will create positive outcomes that will reduce, mitigate, or reverse how a community is experiencing disadvantage through increasing affordable transportation options, improving health or safety, reducing pollution, connecting Americans to good-paying jobs, fighting climate change, and/or improving access to nature, resources, transportation or mobility, and quality of life. Applicants are strongly encouraged to use the DOT Equitable Transportation Community Explorer (arcgis.com) to understand how their project area is experiencing disadvantage in any of five areas that transportation projects with a direct relationship. Also, to identify and implement programs and policies that ensure the benefits of investments while mitigating economic displacement economically susceptible residents and businesses. Some examples include the preservation and/or production of affordable housing; expanding affordable, safe transportation and mobility options to areas where good jobs are concentrated; and supporting entrepreneurship, small business growth, tourism and access to capital through local hiring. The applicant will engage the public, including disadvantaged communities, during all phases of the project, including planning, design, construction, and implementation. For more information, see Three Major Components of DOT’s Justice40 Initiative.iv. Workforce Development, Job Quality, and Wealth CreationDOT intends to use the LCTM Program to support the creation of good-paying jobs with the free and fair choice to join a union including through the use of a project labor agreement and the incorporation of strong labor standards and training and placement programs, especially registered apprenticeships, in project planning stages, consistent with E.O. 14025, Worker Organizing and Empowerment (86 FR 22829), and E.O. 14052, Implementation of the Infrastructure Investment and Jobs Act (86 FR 64335). Applicants are encouraged to review the Grant Application Checklist for a Strong Transportation Workforce and Labor Plan, that can be found on the DOT Navigator. DOT also intends to use the LCTM Program to support wealth creation, consistent with the DOT Equity Action Plan by adopting local and economic hiring preferences for the project workforce or include other changes to hiring policies and workplace cultures to promote the entry and retention of underrepresented populations; and through the inclusion of local inclusive economic development and entrepreneurship such as the use of the Disadvantaged Business Enterprises, Minority-owned Businesses, Women-owned Businesses, or 8(a) firms. DOT also intends to use the LCTM Program to support Made in America goals consistent with E.O. 14005, Ensuring the Future Is Made in All of America by All of America's Workers (86 FR 7475).To view Frequently Asked Questions about LCTM click the link below, next to “Link to Additional Information"".","Others (see text field entitled ""Additional Information on Eligibility"" for clarification)","1. overviewthe inflation reduction act (ira) (pub. l. 117-169, aug. 16, 2022) established the lctm program (23 u.s.c. 179), which provides funding for the use of construction materials that have substantially lower levels of ghg emissions.the purpose of the lctm program is to reimburse the incrementally higher costs of using or provide an incentive1 amount to eligible recipients for the use, in projects, of construction materials and products that have substantially lower levels of embodied ghg emissions, as described by the environmental protection agency (epa), associated with all relevant stages of production, use, and disposal as compared to estimated industry averages of similar materials or products, hereafter referred to as low carbon transportation materials.the program will also serve to help eligible transportation agencies update or develop specification language and conduct identification activities needed to demonstrate materials are appropriate for use on federal-aid construction projects.funds made available for the lctm program will be awarded for the use of substantially lower carbon materials and products on construction projects funded under title 23 u.s.c. and necessary work to identify appropriateness for use of these materials on eligible projects.fhwa is requesting applications from eligible applicants other than the state dots. state dots were eligible to apply for lctm funds under a request for applications, posted on fhwa’s webpage at www.fhwa.dot.gov/lowcarbon/funding.cfm.as part of the lctm program, this notice will result in the distribution of up to $800 million, subject to the availability of funds. this notice describes the application requirements, selection, and evaluation criteria.for the purposes of this nofo, materials/products available for reimbursement or incentives are those identified by the epa administrator2. in alignment with the administration’s federal buy clean initiative, epa released an interim determination (id) in december 2022 that outlined an approach to establish thresholds and data requirements for qualifying concrete (and cement), glass, asphalt mix, and steel materials/products that meet the substantially lower embodied carbon requirements. for purposes of this nofo, these are the only materials/products categories that are currently eligible.an agency shall determine the substantially lower embodied carbon thresholds (i.e., best performing 20 percent, 40 percent, and industry averages) for materials/products eligible for reimbursement or incentive under this program through the following options:option (1): an agency may reference the established thresholds as published on the fhwa website4. stakeholders from concrete, glass, asphalt, and steel industries are working to provide industry-average data to support implementation of the lctm program5.option (2): an agency may determine local or regional thresholds for concrete (and cement), glass, asphalt mix, and/or steel. in this option, the agency shall follow accepted international organization for standardization (iso) standards to develop thresholds. agencies shall disclose the global warming potential (gwp), the methodology for determining the percentiles and averages, the source(s) used for each material/product, and the parameters (including performance specification) used to set the gwp.agencies may also use a combination of these two options for this program. under this nofo, the lctm program will provide funds directly to recipients that will implement the provisions of the epa’s id for eligible low carbon transportation materials/products. recipients may also be reimbursed for identification of eligible materials and work needed to determine their appropriateness for use on eligible projects, as discussed more in section c eligibility information of this nofo.2. lctm program goalsprogram goals include, but are not limited to:increase the use of lower carbon materials and products that are used in projects funded under title 23.facilitate the use of low carbon transportation materials while ensuring appropriateness for use in projects eligible under title 23.promote technology transfer and enhance workforce development to increase the adoption of environmental quantification techniques used in decision making by transportation agencies.encourage eligible recipients to begin lctm activities and build successful low carbon transportation material identification frameworks.3. administration priorities and departmental strategic plan goalsthe department seeks to fund projects that advance the departmental priorities of safety, climate change and sustainability, equity and environmental justice, and workforce development, job quality, and wealth creation as described in the dot strategic plan, research, development and technology strategic plan, and in executive orders (e.o.). administration priorities will be considered as described in section a.3. illustrative examples are provided in section e.2.i. safetydot is committed to advancing safe, efficient transportation, including in the lctm program. projects in the lctm program should provide substantial safety benefits (to commuters, workers, etc.) compared to existing conditions; mitigate to the extent practicable any significant safety risks that could result after the project’s completion; and do not negatively impact the safety of the traveling public, and any relevant group applicable to the program.ii. climate change and sustainabilityas part of the biden-harris administration’s whole-of-government federal buy clean initiative, and consistent with e.o. 14057, catalyzing clean energy industries and jobs through federal sustainability (86 fr 70935), the epa, the u.s. general services administration (gsa), and gsa/fhwa are closely collaborating to implement related efforts as part of ira sections 60112, 60116, 60503, and 60506. as fhwa and gsa implement programs to use and incentivize low-carbon materials, epa is working to encourage increased environmental product declaration (epd) harmonization and availability through grant, technical assistance and carbon labeling programs for construction materials.dot seeks to fund activities and projects under the lctm program that reduce ghg emissions from materials used in the transportation sector. dot also seeks to incorporate evidence-based climate resilience measures and features, avoid adverse environmental impacts to air or water quality, wetlands, and endangered species, and address the disproportionate negative environmental impacts of transportation on communities with environmental justice concerns, consistent with e.o. 14096, revitalizing our nation’s commitment to environmental justice for all (88 fr 25251), and e.o. 14008, tackling the climate crisis at home and abroad (86 fr 7619).iii. equity and environmental justicedot seeks to fund activities and projects under the lctm program that will create positive outcomes that will reduce, mitigate, or reverse how a community is experiencing disadvantage through increasing affordable transportation options, improving health or safety, reducing pollution, connecting americans to good-paying jobs, fighting climate change, and/or improving access to nature, resources, transportation or mobility, and quality of life. applicants are strongly encouraged to use the dot equitable transportation community explorer (arcgis.com) to understand how their project area is experiencing disadvantage in any of five areas that transportation projects with a direct relationship. also, to identify and implement programs and policies that ensure the benefits of investments while mitigating economic displacement economically susceptible residents and businesses. some examples include the preservation and/or production of affordable housing; expanding affordable, safe transportation and mobility options to areas where good jobs are concentrated; and supporting entrepreneurship, small business growth, tourism and access to capital through local hiring. the applicant will engage the public, including disadvantaged communities, during all phases of the project, including planning, design, construction, and implementation. for more information, see three major components of dot’s justice40 initiative.iv. workforce development, job quality, and wealth creationdot intends to use the lctm program to support the creation of good-paying jobs with the free and fair choice to join a union including through the use of a project labor agreement and the incorporation of strong labor standards and training and placement programs, especially registered apprenticeships, in project planning stages, consistent with e.o. 14025, worker organizing and empowerment (86 fr 22829), and e.o. 14052, implementation of the infrastructure investment and jobs act (86 fr 64335). applicants are encouraged to review the grant application checklist for a strong transportation workforce and labor plan, that can be found on the dot navigator. dot also intends to use the lctm program to support wealth creation, consistent with the dot equity action plan by adopting local and economic hiring preferences for the project workforce or include other changes to hiring policies and workplace cultures to promote the entry and retention of underrepresented populations; and through the inclusion of local inclusive economic development and entrepreneurship such as the use of the disadvantaged business enterprises, minority-owned businesses, women-owned businesses, or 8(a) firms. dot also intends to use the lctm program to support made in america goals consistent with e.o. 14005, ensuring the future is made in all of america by all of america's workers (86 fr 7475).to view frequently asked questions about lctm click the link below, next to “link to additional information"".",True,False
"=HYPERLINK(""https://www.grants.gov/search-results-detail/356164"",""RFA-OH-26-002"")",Assessment and Evaluation of Emerging Health Conditions Relevant to the World Trade Center Health Program (U01),HHS-CDC-HHSCDCERA,Centers for Disease Control and Prevention - ERA,Health,,Cooperative Agreement,93.262 - Occupational Safety and Health Program,33000000.0,20.0,550000,0,No,,"James Yiin, PhD, Scientific Program Official",513-841-4271,JYiin@cdc.gov,06/04/2025,10/28/2025,2024-08-22,,Aug-22-2024 01:57:54 PM EST,Forecast 1,Forecasted,No,,"The National Institute for Occupational Safety and Health (NIOSH) supports research projects that address the following broad research areas: (1) Physical and mental health conditions that may be related to the September 11, 2001, terrorist attacks; (2) Diagnosing WTC-related health conditions for which there has been diagnostic uncertainty; and (3) Treating WTC-related health conditions for which there has been treatment uncertainty. These broad research areas can include health conditions which have emerged over the course of time since the treatment program started (or the WTC Health Program was created). WTC responders, screening-eligible WTC survivors, and certified-eligible WTC survivors comprise the relevant populations of concern for research supported by the WTC Health Program. The purpose of this announcement is to increase opportunities for research on emerging conditions identified by WTC Health Program surveillance and research activities as requiring further program consideration. Generally, NIOSH is seeking more information from research on the potential for a causal relationship between 9/11 exposures and specific emerging health conditions that are not presently listed as WTC-related conditions. An ‘emerging’ condition is one in which preliminary data on a 9/11-exposed population are suggestive of, but inconclusive on, a causal relationship between 9/11 exposure and the health condition. Examples are ischemic heart disease, cerebrovascular disease (hemorrhagic and ischemic stroke), dementia, Parkinson disease, peripheral neuropathy, sensorineural hearing loss, amyotrophic lateral sclerosis, rheumatoid arthritis, and systemic lupus erythematosus, among others. Examples can be found at https://www.cdc.gov/wtc/received.html in the section titled, Petitions Received and WTC Health Program Responses. Additional information on petitions is available in the following publication ""The World Trade Center Health Program: Petitions for adding qualifying health conditions"" (Am J Ind Med 64(10): 885-892). Interdisciplinary and transdisciplinary collaborations that share expertise are essential to advance WTC Health Program efforts to support activities to address emerging WTC Health Program health and well-being priorities. The research should consider health equity initiatives in design, where possible. Opportunities for future health effects research involving vulnerable groups of persons (e.g., minorities, women, children, and other potentially disadvantaged groups) who were exposed to the 9/11 attacks and aftermath are of special interest. Research is needed to identify at-risk groups, characterize the health burden, and to inform care. The WTC Health Program Research webpage provides comprehensive information and tools for researchers. The research agenda, publication library, and other resources, including the Funding Dashboard, can also be found there (e.g., awarded project details such as publications, topics, populations, funding awarded, and the principal investigators and their institutions).","State governments; County governments; City or township governments; Special district governments; Independent school districts; Public and State controlled institutions of higher education; Native American tribal governments (Federally recognized); Public housing authorities/Indian housing authorities; Native American tribal organizations (other than Federally recognized tribal governments); Nonprofits having a 501(c)(3) status with the IRS, other than institutions of higher education; Nonprofits that do not have a 501(c)(3) status with the IRS, other than institutions of higher education; Private institutions of higher education; For profit organizations other than small businesses; Small businesses; Unrestricted (i.e., open to any type of entity above), subject to any clarification in text field entitled ""Additional Information on Eligibility""","the national institute for occupational safety and health (niosh) supports research projects that address the following broad research areas: (1) physical and mental health conditions that may be related to the september 11, 2001, terrorist attacks; (2) diagnosing wtc-related health conditions for which there has been diagnostic uncertainty; and (3) treating wtc-related health conditions for which there has been treatment uncertainty. these broad research areas can include health conditions which have emerged over the course of time since the treatment program started (or the wtc health program was created). wtc responders, screening-eligible wtc survivors, and certified-eligible wtc survivors comprise the relevant populations of concern for research supported by the wtc health program. the purpose of this announcement is to increase opportunities for research on emerging conditions identified by wtc health program surveillance and research activities as requiring further program consideration. generally, niosh is seeking more information from research on the potential for a causal relationship between 9/11 exposures and specific emerging health conditions that are not presently listed as wtc-related conditions. an ‘emerging’ condition is one in which preliminary data on a 9/11-exposed population are suggestive of, but inconclusive on, a causal relationship between 9/11 exposure and the health condition. examples are ischemic heart disease, cerebrovascular disease (hemorrhagic and ischemic stroke), dementia, parkinson disease, peripheral neuropathy, sensorineural hearing loss, amyotrophic lateral sclerosis, rheumatoid arthritis, and systemic lupus erythematosus, among others. examples can be found at https://www.cdc.gov/wtc/received.html in the section titled, petitions received and wtc health program responses. additional information on petitions is available in the following publication ""the world trade center health program: petitions for adding qualifying health conditions"" (am j ind med 64(10): 885-892). interdisciplinary and transdisciplinary collaborations that share expertise are essential to advance wtc health program efforts to support activities to address emerging wtc health program health and well-being priorities. the research should consider health equity initiatives in design, where possible. opportunities for future health effects research involving vulnerable groups of persons (e.g., minorities, women, children, and other potentially disadvantaged groups) who were exposed to the 9/11 attacks and aftermath are of special interest. research is needed to identify at-risk groups, characterize the health burden, and to inform care. the wtc health program research webpage provides comprehensive information and tools for researchers. the research agenda, publication library, and other resources, including the funding dashboard, can also be found there (e.g., awarded project details such as publications, topics, populations, funding awarded, and the principal investigators and their institutions).",True,False
"=HYPERLINK(""https://www.grants.gov/search-results-detail/356163"",""RFA-OH-26-001"")",Cooperative Research Agreements Related to the World Trade Center Health Program (U01),HHS-CDC-HHSCDCERA,Centers for Disease Control and Prevention - ERA,Health,,Cooperative Agreement,93.262 - Occupational Safety and Health Program,41250000.0,25.0,550000,0,No,,"James Yiin, PhD, Scientific Program Official",513-841-4271,JYiin@cdc.gov,06/04/2025,10/28/2025,2024-08-22,,Aug-22-2024 01:57:44 PM EST,Forecast 1,Forecasted,No,,"The National Institute for Occupational Safety and Health (NIOSH) supports research projects that address the following broad research areas: (1) Physical and mental health conditions that may be related to the September 11, 2001, terrorist attacks; (2) Diagnosing WTC-related health conditions for which there has been diagnostic uncertainty; and (3) Treating WTC-related health conditions for which there has been treatment uncertainty. These broad research areas can include health conditions which have emerged over the course of time since the treatment program started (or the WTC Health Program was created). WTC responders, screening-eligible WTC survivors, and certified-eligible WTC survivors comprise the relevant populations of concern for research supported by the WTC Health Program. The purpose of this announcement is to solicit meritorious and scientifically rigorous research applications that will help: 1) improve diagnosis and treatment activities of the WTC Health Program; 2) expand knowledge about health effects related to the September 11, 2001, terrorist attacks; 3) answer critical questions about physical and mental health conditions related to the September 2001 terrorist attacks; and 4) apply lessons learned from 9/11 to improve response to future disasters. Clinical research areas considered for potential projects may include, but are not limited to: (a) Screening research to evaluate current, or facilitate the development of, new/improved methods to detect certain disorders or health conditions.; (b) Diagnostic research to evaluate current, or facilitate the development of, new/improved, methods to identify diseases, disorders, or conditions; c) Treatment research to evaluate/identify improved treatment interventions/methods (e.g., medication, psychotherapy, dietary/nutritional, care management and coordination etc.) or promote the development of new or novel treatment approaches, e.g. telemedicine; (d) Prevention research to identify/evaluate new methods and interventions (e.g., medicine(s), psychotherapy, vaccines, nutrition, or lifestyle changes) that prevent or mitigate the development or reoccurrence of various diseases/disorders; (e) Quality of Life research to identify, develop, or evaluate, methods/interventions that improve comfort and the quality of life for individuals with a chronic illness or multimorbidity; (f) Omics research to facilitate improvement in methods/procedures for the prediction of disorders by identifying and understanding how genes and illnesses may be related (e.g., identification of phenotypes and biomarkers). Research in this area may explore ways in which a person’s genes make him or her more or less likely to develop a disorder or respond to a medication; (g) Epidemiological/clinical research to identify patterns, causes, and control of adverse health effects among the 9/11-exposed population, including research focusing on potentially vulnerable or understudied populations, such as women, race and ethnic minority groups, and persons who were exposed to 9/11 hazards as children. These projects will also identify, implement and improve research methods; (h) Health Services research to examine how people get access to health care and care management services, how much care costs, and what happens to patients because of this care. Research projects in this area have the potential to identify improved methods/procedures to organize, manage, finance, and deliver health care; and (i) Implementation research to evaluate the process whereby WTC Health Program research outputs are disseminated, adopted, implemented, sustained, and scaled up equitably in real-world settings for affected populations. Relevant physical and mental health conditions include, but are not limited to: aerodigestive health; aging (the impacts of aging on those impacted by 9/11 illness and injury (e.g., premature aging, optimizing adaptation for productivity)); cancer (including detection/diagnosis of pre-malignant changes); cardiovascular disease; cognitive changes; neurological diseases; multisystem or auto-immune diseases; persistent psychiatric conditions such as posttraumatic stress, anxiety and depressive disorders; and psychological resilience. The research should consider health equity initiatives in design, where possible. Opportunities for future health effects research involving vulnerable groups of persons (e.g., minorities, women, children, and other potentially disadvantaged groups) who were exposed to the 9/11 attacks and aftermath are of special interest. Research is needed to identify at-risk groups, characterize the health burden, and to inform care. The WTC Health Program Research webpage provides comprehensive information and tools for researchers. The research agenda, publication library, and other resources, including the Funding Dashboard, can also be found there (e.g., awarded project details such as publications, topics, populations, funding awarded, and the principal investigators and their institutions).","State governments; County governments; City or township governments; Special district governments; Independent school districts; Public and State controlled institutions of higher education; Native American tribal governments (Federally recognized); Public housing authorities/Indian housing authorities; Native American tribal organizations (other than Federally recognized tribal governments); Nonprofits having a 501(c)(3) status with the IRS, other than institutions of higher education; Nonprofits that do not have a 501(c)(3) status with the IRS, other than institutions of higher education; Private institutions of higher education; For profit organizations other than small businesses; Small businesses; Unrestricted (i.e., open to any type of entity above), subject to any clarification in text field entitled ""Additional Information on Eligibility""","the national institute for occupational safety and health (niosh) supports research projects that address the following broad research areas: (1) physical and mental health conditions that may be related to the september 11, 2001, terrorist attacks; (2) diagnosing wtc-related health conditions for which there has been diagnostic uncertainty; and (3) treating wtc-related health conditions for which there has been treatment uncertainty. these broad research areas can include health conditions which have emerged over the course of time since the treatment program started (or the wtc health program was created). wtc responders, screening-eligible wtc survivors, and certified-eligible wtc survivors comprise the relevant populations of concern for research supported by the wtc health program. the purpose of this announcement is to solicit meritorious and scientifically rigorous research applications that will help: 1) improve diagnosis and treatment activities of the wtc health program; 2) expand knowledge about health effects related to the september 11, 2001, terrorist attacks; 3) answer critical questions about physical and mental health conditions related to the september 2001 terrorist attacks; and 4) apply lessons learned from 9/11 to improve response to future disasters. clinical research areas considered for potential projects may include, but are not limited to: (a) screening research to evaluate current, or facilitate the development of, new/improved methods to detect certain disorders or health conditions.; (b) diagnostic research to evaluate current, or facilitate the development of, new/improved, methods to identify diseases, disorders, or conditions; c) treatment research to evaluate/identify improved treatment interventions/methods (e.g., medication, psychotherapy, dietary/nutritional, care management and coordination etc.) or promote the development of new or novel treatment approaches, e.g. telemedicine; (d) prevention research to identify/evaluate new methods and interventions (e.g., medicine(s), psychotherapy, vaccines, nutrition, or lifestyle changes) that prevent or mitigate the development or reoccurrence of various diseases/disorders; (e) quality of life research to identify, develop, or evaluate, methods/interventions that improve comfort and the quality of life for individuals with a chronic illness or multimorbidity; (f) omics research to facilitate improvement in methods/procedures for the prediction of disorders by identifying and understanding how genes and illnesses may be related (e.g., identification of phenotypes and biomarkers). research in this area may explore ways in which a person’s genes make him or her more or less likely to develop a disorder or respond to a medication; (g) epidemiological/clinical research to identify patterns, causes, and control of adverse health effects among the 9/11-exposed population, including research focusing on potentially vulnerable or understudied populations, such as women, race and ethnic minority groups, and persons who were exposed to 9/11 hazards as children. these projects will also identify, implement and improve research methods; (h) health services research to examine how people get access to health care and care management services, how much care costs, and what happens to patients because of this care. research projects in this area have the potential to identify improved methods/procedures to organize, manage, finance, and deliver health care; and (i) implementation research to evaluate the process whereby wtc health program research outputs are disseminated, adopted, implemented, sustained, and scaled up equitably in real-world settings for affected populations. relevant physical and mental health conditions include, but are not limited to: aerodigestive health; aging (the impacts of aging on those impacted by 9/11 illness and injury (e.g., premature aging, optimizing adaptation for productivity)); cancer (including detection/diagnosis of pre-malignant changes); cardiovascular disease; cognitive changes; neurological diseases; multisystem or auto-immune diseases; persistent psychiatric conditions such as posttraumatic stress, anxiety and depressive disorders; and psychological resilience. the research should consider health equity initiatives in design, where possible. opportunities for future health effects research involving vulnerable groups of persons (e.g., minorities, women, children, and other potentially disadvantaged groups) who were exposed to the 9/11 attacks and aftermath are of special interest. research is needed to identify at-risk groups, characterize the health burden, and to inform care. the wtc health program research webpage provides comprehensive information and tools for researchers. the research agenda, publication library, and other resources, including the funding dashboard, can also be found there (e.g., awarded project details such as publications, topics, populations, funding awarded, and the principal investigators and their institutions).",True,False
"=HYPERLINK(""https://www.grants.gov/search-results-detail/356151"",""72062424RFA00011"")",Community-led Monitoring of Integrated Primary Health Care Services Activity (INTEG-CLM-PHC) in Togo,USAID-GHA,Ghana USAID-Accra,Health,,Cooperative Agreement,98.001 - USAID Foreign Assistance for Programs Overseas,,1.0,2400000,2400000,No,,"Robert Ago-Josiah
A AND A SPECIALIST",,ragojosiah@usaid.gov,,,2024-08-22,,Sep-10-2024 08:26:53 AM EST,Synopsis 3,Archived,No,Yes,"Primary health care (PHC) is a whole-of-society approach to effectively organize and strengthen national health systems to bring services for health and wellbeing closer to communities. PHC should ensure that health care is delivered in a way that is centered on people’s needs and respects their preferences. The fundamental premise of PHC is that all people, everywhere, have the right to achieve the highest attainable level of health. Integrated health services help to meet the health needs of communities throughout their lives, addressing the broader determinants of health through multisectoral policy and action. PHC should empower individuals, families and communities to take charge of their own health.PHC services in Togo often do not meet the needs of the communities they serve. Contributing factors include poor service quality, a lack of accountability among service providers, and insufficient community involvement in service delivery. These issues lead to decreased use of PHC services.Goal: The goal of INTEG-CLM-PHC is to increase community uptake of integrated PHC services at selected health facilities in Togo.Objective: The objective of this activity is to improve the quality of integrated PHC services, ensuring they are responsive to the needs of the communities they serve, particularly vulnerable populations such as women, children, and people living with HIV/AIDS.","Others (see text field entitled ""Additional Information on Eligibility"" for clarification)","primary health care (phc) is a whole-of-society approach to effectively organize and strengthen national health systems to bring services for health and wellbeing closer to communities. phc should ensure that health care is delivered in a way that is centered on people’s needs and respects their preferences. the fundamental premise of phc is that all people, everywhere, have the right to achieve the highest attainable level of health. integrated health services help to meet the health needs of communities throughout their lives, addressing the broader determinants of health through multisectoral policy and action. phc should empower individuals, families and communities to take charge of their own health.phc services in togo often do not meet the needs of the communities they serve. contributing factors include poor service quality, a lack of accountability among service providers, and insufficient community involvement in service delivery. these issues lead to decreased use of phc services.goal: the goal of integ-clm-phc is to increase community uptake of integrated phc services at selected health facilities in togo.objective: the objective of this activity is to improve the quality of integrated phc services, ensuring they are responsive to the needs of the communities they serve, particularly vulnerable populations such as women, children, and people living with hiv/aids.",True,False
"=HYPERLINK(""https://www.grants.gov/search-results-detail/356142"",""DXB-NOFO-2024-01"")",Academy of Women Entrepreneurs,DOS-ARE,U.S. Mission to United Arab Emirates,"Employment, Labor and Training","This program will include a 4–6-month training and mentorship program to support at least 20 UAE-based, women-owned small and medium enterprises (SMEs) build the knowledge, skills, and networks to expand market reach by taking advantage of the UAE entrepreneurship ecosystem and bilateral trade opportunities.",Grant,19.040 - Public Diplomacy Programs,150000.0,15.0,150000,100000,No,,"Public Affairs Section, Consulate Dubai",,Dubai-PAO-DL@state.gov,,,2024-08-21,09/20/2024,Aug-21-2024 01:41:48 AM EST,Synopsis 2,Archived,Yes,Yes,"The U.S. Mission to the UAE announces this Notice of Funding Opportunity (NOFO) for organizations to submit proposals to implement the Academy of Women Entrepreneurs (AWE) in the UAE. The 14-month program will include a 4–6-month training and mentorship program to support at least 20 UAE-based, women-owned small and medium enterprises (SMEs) build the knowledge, skills, and networks to expand market reach by taking advantage of the UAE entrepreneurship ecosystem and bilateral trade opportunities. Following the training period participants will have the opportunity to showcase successes at trade shows and policy summits

AWE in UAE is a business training program (AWE) that provides UAE-based, women-owned SMEs the knowledge, networks, and access they need to build resilience and grow their businesses. AWE UAE will convene private sector networks, U.S. Government resources/alumni, and public and private resources to establish a network Emirati and long-term UAE resident entrepreneurs and business leaders that have the capacity to develop business growth plans and leverage market expansion and media opportunities. AWE UAE supports U.S.-UAE business partnerships, public-private sponsorships, and builds institutional capacity to increase women’s access to economic opportunities.  

Since 2019, AWE has advanced women’s businesses by empowering more than 25,000 women entrepreneurs in 120+ countries. Implemented in the UAE since 2020, AWE has helped 41 women-led business, which to date have raised $7 million in funding, generated $45 million in revenues, and created 500+ jobs 
","Others (see text field entitled ""Additional Information on Eligibility"" for clarification)","the u.s. mission to the uae announces this notice of funding opportunity (nofo) for organizations to submit proposals to implement the academy of women entrepreneurs (awe) in the uae. the 14-month program will include a 4–6-month training and mentorship program to support at least 20 uae-based, women-owned small and medium enterprises (smes) build the knowledge, skills, and networks to expand market reach by taking advantage of the uae entrepreneurship ecosystem and bilateral trade opportunities. following the training period participants will have the opportunity to showcase successes at trade shows and policy summits

awe in uae is a business training program (awe) that provides uae-based, women-owned smes the knowledge, networks, and access they need to build resilience and grow their businesses. awe uae will convene private sector networks, u.s. government resources/alumni, and public and private resources to establish a network emirati and long-term uae resident entrepreneurs and business leaders that have the capacity to develop business growth plans and leverage market expansion and media opportunities. awe uae supports u.s.-uae business partnerships, public-private sponsorships, and builds institutional capacity to increase women’s access to economic opportunities.  

since 2019, awe has advanced women’s businesses by empowering more than 25,000 women entrepreneurs in 120+ countries. implemented in the uae since 2020, awe has helped 41 women-led business, which to date have raised $7 million in funding, generated $45 million in revenues, and created 500+ jobs 
",True,False
"=HYPERLINK(""https://www.grants.gov/search-results-detail/356129"",""24-598"")",Mid-scale Research Infrastructure-1,NSF,National Science Foundation,Science and Technology and other Research and Development,,Grant,"47.041 - Engineering; 47.049 - Mathematical and Physical Sciences; 47.050 - Geosciences; 47.070 - Computer and Information Science and Engineering; 47.074 - Biological Sciences; 47.075 - Social, Behavioral, and Economic Sciences; 47.076 - STEM Education (formerly Education and Human Resources); 47.083 - Integrative Activities",100000000.0,10.0,19999999,4000000,No,http://www.nsf.gov/publications/pub_summ.jsp?ods_key=nsf24598,"NSF grants.gov support
grantsgovsupport@nsf.gov",,grantsgovsupport@nsf.gov,,,2024-08-20,06/05/2025,Mar-13-2025 01:00:10 AM EST,Synopsis 3,Posted,Yes,No,"NSF-supported science and engineering research increasingly relies on cutting-edge infrastructure. With its Major Research Instrumentation (MRI) program and Major Multi-user Facilities (""Major Facilities"") projects, NSF supports infrastructure projects at the lower and higher range of infrastructure project costs, Foundation-wide, across science and engineering research disciplines. The Foundation-wide Mid-scale Research Infrastructure opportunity is intended to provide NSF with an agile, Foundation-wide process to fund experimental research capabilities in the mid-scale range between MRI and Major Multi-user Facilities.


NSF defines Research Infrastructure (RI) as any combination of facilities, equipment, instrumentation, or computational hardware or software, and the necessary human capital in support of the same. Major facilities and mid-scale projects are subsets of research infrastructure. The NSF Mid-scale Research Infrastructure-1 Program (Mid-scale RI-1) supports either design activities or implementation of unique and compelling RI projects. Mid-scale implementation projects may include any combination of equipment, instrumentation, cyberinfrastructure, broadly used large scale datasets and the personnel needed to successfully commission the project. Mid-scale RI-1 design activities include the design efforts intended to lead to eventual implementation of a mid-scale class RI project. Mid-scale RI-1 projects should involve the training of a diverse workforce engaged in the design and implementation of STEM research infrastructure. Mid-scale RI-1 projects should directly enable advances in any of the research domains supported by NSF. Projects may also include upgrades to existing research infrastructure.


Mid-scale RI-1 emphasizes strong scientific merit, a response to an identified need of the research community and/or fulfillment of a national need to enable U.S. researchers to be competitive in a global research environment. Well-conceived technical and management plans are essential for both design and implementation proposals, as are well-developed plans (e.g., mentoring and professional development) for student training and the involvement of a diverse STEM workforce in all aspects of mid-scale design and/or implementation activities. The inclusion of individual project participants that will lead to a supportive working environment is especially encouraged at all levels of the project team.


Within Mid-scale RI-1, proposers may submit two types of projects, “Implementation” (e.g., acquisition and/or construction) or “Design”. The “Design” track is intended to facilitate progress toward readiness for a mid-scale range implementation project. Both Implementation projects and Design activities may involve new or upgraded research infrastructure. Mid-scale RI-1 ""Implementation"" projects may have a total project cost ranging from $4 million up to but not including $20 million. Mid-scale RI-1 ""Design"" activities may request less than $4 million, with a minimum request of $400,000 and a maximum request up to but not including $20 million, as appropriate, to prepare for a future mid-scale range implementation project. Note: Successful award of a Mid-scale RI-1 design activity does not imply NSF's commitment to the future implementation of the project being designed, nor is a Mid-scale RI-1 design award required for the submission of an implementation project.


The Mid-scale RI-1 Program seeks to broaden the representation of PIs and institutions in its award portfolio, including a geographically diverse set of institutions (especially those in EPSCoR jurisdictions). Proposals submitted by, or involving partnerships between institutions are encouraged. Participation in this opportunity is encouraged for the full spectrum of diverse talent society has to offer to include PIs who are women, early-career researchers, persons with disabilities, or members of other groups underrepresented in STEM. To improve participation in science and engineering research for persons with disabilities, Mid-scale RI-1 encourages PIs to incorporate accessibility as part of Mid-scale RI-1 design activity and implementation projects.


Please consult NSF's Research Infrastructure Guide, or RIG (available at https://www.nsf.gov/bfa/lfo/lfo_documents.jsp), for definitions of certain terms used in this solicitation, such as the Project Execution Plan (PEP) and Design and Execution Plan (DEP). The RIG provides guidance specific to Mid-scale Research Infrastructure Projects, including references to other parts of the RIG as needed. Note that PEP or DEP should be appropriately scaled for the complexity of the project and may not require all of the elements described in the RIG.


Mid-scale research infrastructure projects with total project costs beyond the Mid-scale RI-1 Program limit are separately solicited through the Mid-scale RI-2 Program. Proposals to the Mid-scale RI-1 Program with total project costs outside of this solicitation's budgetary limits, either during initial submission or after cost analyses/revisions during subsequent review, are subject to return without further review.","Others (see text field entitled ""Additional Information on Eligibility"" for clarification)","nsf-supported science and engineering research increasingly relies on cutting-edge infrastructure. with its major research instrumentation (mri) program and major multi-user facilities (""major facilities"") projects, nsf supports infrastructure projects at the lower and higher range of infrastructure project costs, foundation-wide, across science and engineering research disciplines. the foundation-wide mid-scale research infrastructure opportunity is intended to provide nsf with an agile, foundation-wide process to fund experimental research capabilities in the mid-scale range between mri and major multi-user facilities.


nsf defines research infrastructure (ri) as any combination of facilities, equipment, instrumentation, or computational hardware or software, and the necessary human capital in support of the same. major facilities and mid-scale projects are subsets of research infrastructure. the nsf mid-scale research infrastructure-1 program (mid-scale ri-1) supports either design activities or implementation of unique and compelling ri projects. mid-scale implementation projects may include any combination of equipment, instrumentation, cyberinfrastructure, broadly used large scale datasets and the personnel needed to successfully commission the project. mid-scale ri-1 design activities include the design efforts intended to lead to eventual implementation of a mid-scale class ri project. mid-scale ri-1 projects should involve the training of a diverse workforce engaged in the design and implementation of stem research infrastructure. mid-scale ri-1 projects should directly enable advances in any of the research domains supported by nsf. projects may also include upgrades to existing research infrastructure.


mid-scale ri-1 emphasizes strong scientific merit, a response to an identified need of the research community and/or fulfillment of a national need to enable u.s. researchers to be competitive in a global research environment. well-conceived technical and management plans are essential for both design and implementation proposals, as are well-developed plans (e.g., mentoring and professional development) for student training and the involvement of a diverse stem workforce in all aspects of mid-scale design and/or implementation activities. the inclusion of individual project participants that will lead to a supportive working environment is especially encouraged at all levels of the project team.


within mid-scale ri-1, proposers may submit two types of projects, “implementation” (e.g., acquisition and/or construction) or “design”. the “design” track is intended to facilitate progress toward readiness for a mid-scale range implementation project. both implementation projects and design activities may involve new or upgraded research infrastructure. mid-scale ri-1 ""implementation"" projects may have a total project cost ranging from $4 million up to but not including $20 million. mid-scale ri-1 ""design"" activities may request less than $4 million, with a minimum request of $400,000 and a maximum request up to but not including $20 million, as appropriate, to prepare for a future mid-scale range implementation project. note: successful award of a mid-scale ri-1 design activity does not imply nsf's commitment to the future implementation of the project being designed, nor is a mid-scale ri-1 design award required for the submission of an implementation project.


the mid-scale ri-1 program seeks to broaden the representation of pis and institutions in its award portfolio, including a geographically diverse set of institutions (especially those in epscor jurisdictions). proposals submitted by, or involving partnerships between institutions are encouraged. participation in this opportunity is encouraged for the full spectrum of diverse talent society has to offer to include pis who are women, early-career researchers, persons with disabilities, or members of other groups underrepresented in stem. to improve participation in science and engineering research for persons with disabilities, mid-scale ri-1 encourages pis to incorporate accessibility as part of mid-scale ri-1 design activity and implementation projects.


please consult nsf's research infrastructure guide, or rig (available at https://www.nsf.gov/bfa/lfo/lfo_documents.jsp), for definitions of certain terms used in this solicitation, such as the project execution plan (pep) and design and execution plan (dep). the rig provides guidance specific to mid-scale research infrastructure projects, including references to other parts of the rig as needed. note that pep or dep should be appropriately scaled for the complexity of the project and may not require all of the elements described in the rig.


mid-scale research infrastructure projects with total project costs beyond the mid-scale ri-1 program limit are separately solicited through the mid-scale ri-2 program. proposals to the mid-scale ri-1 program with total project costs outside of this solicitation's budgetary limits, either during initial submission or after cost analyses/revisions during subsequent review, are subject to return without further review.",True,False
"=HYPERLINK(""https://www.grants.gov/search-results-detail/356099"",""HT942524ATRPCRA"")","DoD Arthritis Research, Clinical Research Award",DOD-AMRAA,Dept. of the Army -- USAMRAA,Science and Technology and other Research and Development,,Grant,12.420 - Military Medical Research and Development,6000000.0,3.0,none,none,No,,"CDMRP Help Desk
Phone: 301-682-5507
Email:  help@eBRAP.org",,help@eBRAP.org,,,2024-08-16,10/30/2024,Oct-21-2024 11:48:55 AM EST,Synopsis 3,Archived,Yes,Yes,"The FY24 ATRP CRA is intended to support clinical research that evaluates disease-specific factors and interventions. Research supported by this mechanism is intended to generate clinically useful evidence with potential to optimize patient outcomes and inform clinical care or policy. Research addressing all types of arthritis is encouraged including but not limited to osteoarthritis, post-traumatic arthritis, inflammatory arthritis, juvenile arthritis, or rheumatoid arthritis. The ATRP encourages applications that address sex as a biological variable and understudied arthritis types. The ATRP also encourages applicants to consider whether large data sets or existing studies/consortia can be leveraged to maximize the potential impact of the proposed research.Applicants must address how the proposed research will impact patient care and reduce the burden of disease. It is expected that any research findings would benefit Service Members, Veterans, their Families, and the general public. To meet the intent of the award mechanism, applications must specifically address at least one FY24 ATRP CRA focus area, listed in Section II.A.1, above.Important aspects of this award mechanism include:• Impact: The application should explicitly state how outcomes of the proposed research will have a significant impact on arthritis disease management, patient care, and quality of life.• Military Relevance: The application should clearly describe how the research addresses the impact of arthritis in the military, which may include its effect on Service Member recruitment, retention, and recovery. Applicants may also choose to include impacts to the Military Health System, which provides health care support to Service Members and their Families (Eligibility | TRICARE).• Post-Award Transition Plan: The application should include the plan by which knowledge gained after successful completion of the award will be implemented in guidelines, communicated to relevant stakeholders, or move to the next phase of development.• Clinical Trial (CT) Option: The FY24 ATRP CRA offers a clinical trial option that provides support to accommodate the costs of a clinical trial. Applications proposing only a clinical trial or proposing clinical research that includes a clinical trial within the period of performance may select the Clinical Trial Option. A description of the standard of care and justification of any control groups must be included in the application.Preliminary data are required: Applications to the FY24 ATRP CRA must include preliminary and/or published data to support the proposed research project. Applicants must demonstrate logical reasoning for the proposed work. To be competitive, the application must include a sound scientific rationale and a well-formulated, testable hypothesis established through a critical review and analysis of the literature.Advancing Women’s Health Research and Innovation: The CDMRP encourages research on health areas and conditions that affect women uniquely, disproportionately, or differently from men, including studies analyzing sex as a biological variable. Such research should relate anticipated project findings to improvements in women’s health outcomes and/or advancing knowledge for women's health. The ATRP therefore encourages research that addresses how arthritis and arthritis care may affect women uniquely, disproportionately, or differently from men.Rigor of Experimental Design: All projects should adhere to a core set of standards for rigorous study design and reporting to maximize the reproducibility and translational potential of clinical and preclinical research. The standards are described in SC Landis et al., 2012, A call for transparent reporting to optimize the predictive value of preclinical research, Nature 490:187-191 (https://www.nature.com/nature/journal/v490/n7419/full/nature11556.html). While these standards are written for preclinical studies, the basic principles of randomization, blinding, sample-size estimation, and data handling derive from well-established best practices in clinical studies. The FY24 ATRP CRA mechanism is intended to support clinical research or clinical trials and may not be used for preclinical or animal research. Applicants seeking funding for preclinical research or animal research should consider the FY24 ATRP Focused Research Award mechanism (Funding Opportunity Number: HT9425FY24ATRFRA).A clinical trial is defined in the Code of Federal Regulations, Title 45, Part 46.102 (45 CFR 46.102) as a research study in which one or more human subjects are prospectively assigned to one or more interventions (which may include a placebo or another control) to evaluate the effects of the interventions on biomedical or behavioral health-related outcomes.Studies that do not seek to measure safety, effectiveness, and/or efficacy outcome(s) of an intervention are not considered clinical trials.For the purposes of this funding opportunity, research that meets the definition of a clinical trial is distinct from clinical research. Clinical research encompasses research with human data, human specimens, and/or interaction with human subjects. Clinical research is observational in nature and includes:(1) Research conducted with human subjects and/or material of human origin such as data, specimens, and cognitive phenomena for which an investigator (or coinvestigator) does not seek to assess the safety, effectiveness, and/or efficacy outcomes of an intervention. Research meeting this definition may include but is not limited to: (a) mechanisms of human disease, (b) diagnostic or detection studies (e.g., biomarker or imaging), (c) health disparity studies, and (d) development of new technologies.(2) Epidemiologic and behavioral studies that do not seek to assess the safety, effectiveness, and/or efficacy outcomes of an intervention.(3) Outcomes research and health services research that do not fit under the definition of clinical trial.Excluded from the definition of clinical research are in vitro studies that utilize human data or specimens that cannot be linked to a living individual and meet the requirements for exemption under §46.104(d)(4) of the Common Rule.The funding instrument for awards made under the program announcement will be grants (31 USC 6304).The anticipated total costs budgeted for the entire period of performance for an FY24 ATRP CRA should not exceed $1.5M or $3.0M (Clinical Trial Option). Refer to Section II.D.5, Funding Restrictions, for detailed funding information.Awards supported with FY24 funds will be made no later than September 30, 2025.The CDMRP expects to allot approximately $6.0M to fund approximately two Clinical Research Award applications and one Clinical Research Award – Clinical Trial Option application. Funding of applications received is contingent upon the availability of federal funds for this program, the number of applications received, the quality and merit of the applications as evaluated by peer and programmatic review, and the requirements of the government. Funds to be obligated on any award resulting from this funding opportunity will be available for use for a limited time period based on the fiscal year of the funds. It is anticipated that awards made from this FY24 funding opportunity will be funded with FY24 funds, which will expire for use on September 30, 2030.","Unrestricted (i.e., open to any type of entity above), subject to any clarification in text field entitled ""Additional Information on Eligibility""","the fy24 atrp cra is intended to support clinical research that evaluates disease-specific factors and interventions. research supported by this mechanism is intended to generate clinically useful evidence with potential to optimize patient outcomes and inform clinical care or policy. research addressing all types of arthritis is encouraged including but not limited to osteoarthritis, post-traumatic arthritis, inflammatory arthritis, juvenile arthritis, or rheumatoid arthritis. the atrp encourages applications that address sex as a biological variable and understudied arthritis types. the atrp also encourages applicants to consider whether large data sets or existing studies/consortia can be leveraged to maximize the potential impact of the proposed research.applicants must address how the proposed research will impact patient care and reduce the burden of disease. it is expected that any research findings would benefit service members, veterans, their families, and the general public. to meet the intent of the award mechanism, applications must specifically address at least one fy24 atrp cra focus area, listed in section ii.a.1, above.important aspects of this award mechanism include:• impact: the application should explicitly state how outcomes of the proposed research will have a significant impact on arthritis disease management, patient care, and quality of life.• military relevance: the application should clearly describe how the research addresses the impact of arthritis in the military, which may include its effect on service member recruitment, retention, and recovery. applicants may also choose to include impacts to the military health system, which provides health care support to service members and their families (eligibility | tricare).• post-award transition plan: the application should include the plan by which knowledge gained after successful completion of the award will be implemented in guidelines, communicated to relevant stakeholders, or move to the next phase of development.• clinical trial (ct) option: the fy24 atrp cra offers a clinical trial option that provides support to accommodate the costs of a clinical trial. applications proposing only a clinical trial or proposing clinical research that includes a clinical trial within the period of performance may select the clinical trial option. a description of the standard of care and justification of any control groups must be included in the application.preliminary data are required: applications to the fy24 atrp cra must include preliminary and/or published data to support the proposed research project. applicants must demonstrate logical reasoning for the proposed work. to be competitive, the application must include a sound scientific rationale and a well-formulated, testable hypothesis established through a critical review and analysis of the literature.advancing women’s health research and innovation: the cdmrp encourages research on health areas and conditions that affect women uniquely, disproportionately, or differently from men, including studies analyzing sex as a biological variable. such research should relate anticipated project findings to improvements in women’s health outcomes and/or advancing knowledge for women's health. the atrp therefore encourages research that addresses how arthritis and arthritis care may affect women uniquely, disproportionately, or differently from men.rigor of experimental design: all projects should adhere to a core set of standards for rigorous study design and reporting to maximize the reproducibility and translational potential of clinical and preclinical research. the standards are described in sc landis et al., 2012, a call for transparent reporting to optimize the predictive value of preclinical research, nature 490:187-191 (https://www.nature.com/nature/journal/v490/n7419/full/nature11556.html). while these standards are written for preclinical studies, the basic principles of randomization, blinding, sample-size estimation, and data handling derive from well-established best practices in clinical studies. the fy24 atrp cra mechanism is intended to support clinical research or clinical trials and may not be used for preclinical or animal research. applicants seeking funding for preclinical research or animal research should consider the fy24 atrp focused research award mechanism (funding opportunity number: ht9425fy24atrfra).a clinical trial is defined in the code of federal regulations, title 45, part 46.102 (45 cfr 46.102) as a research study in which one or more human subjects are prospectively assigned to one or more interventions (which may include a placebo or another control) to evaluate the effects of the interventions on biomedical or behavioral health-related outcomes.studies that do not seek to measure safety, effectiveness, and/or efficacy outcome(s) of an intervention are not considered clinical trials.for the purposes of this funding opportunity, research that meets the definition of a clinical trial is distinct from clinical research. clinical research encompasses research with human data, human specimens, and/or interaction with human subjects. clinical research is observational in nature and includes:(1) research conducted with human subjects and/or material of human origin such as data, specimens, and cognitive phenomena for which an investigator (or coinvestigator) does not seek to assess the safety, effectiveness, and/or efficacy outcomes of an intervention. research meeting this definition may include but is not limited to: (a) mechanisms of human disease, (b) diagnostic or detection studies (e.g., biomarker or imaging), (c) health disparity studies, and (d) development of new technologies.(2) epidemiologic and behavioral studies that do not seek to assess the safety, effectiveness, and/or efficacy outcomes of an intervention.(3) outcomes research and health services research that do not fit under the definition of clinical trial.excluded from the definition of clinical research are in vitro studies that utilize human data or specimens that cannot be linked to a living individual and meet the requirements for exemption under §46.104(d)(4) of the common rule.the funding instrument for awards made under the program announcement will be grants (31 usc 6304).the anticipated total costs budgeted for the entire period of performance for an fy24 atrp cra should not exceed $1.5m or $3.0m (clinical trial option). refer to section ii.d.5, funding restrictions, for detailed funding information.awards supported with fy24 funds will be made no later than september 30, 2025.the cdmrp expects to allot approximately $6.0m to fund approximately two clinical research award applications and one clinical research award – clinical trial option application. funding of applications received is contingent upon the availability of federal funds for this program, the number of applications received, the quality and merit of the applications as evaluated by peer and programmatic review, and the requirements of the government. funds to be obligated on any award resulting from this funding opportunity will be available for use for a limited time period based on the fiscal year of the funds. it is anticipated that awards made from this fy24 funding opportunity will be funded with fy24 funds, which will expire for use on september 30, 2030.",True,False
"=HYPERLINK(""https://www.grants.gov/search-results-detail/356098"",""HT942524RTRPQRVIA"")","DoD Reconstructive Transplant, Qualitative Research Validation and Implementation Award",DOD-AMRAA,Dept. of the Army -- USAMRAA,Science and Technology and other Research and Development,,Grant,12.420 - Military Medical Research and Development,500000.0,1.0,none,none,No,,"CDMRP Help Desk
Phone: 301-682-5507
Email: help@eBRAP.org",,help@eBRAP.org,,,2024-08-16,10/23/2024,Aug-16-2024 08:58:40 AM EST,Synopsis 1,Archived,Yes,Yes,"The intent of the FY24 RTRP Qualitative Research Validation and Implementation Award mechanism is to support the continued investigation and further expansion of highly impactful resources for the VCA community that were developed through RTRP-funded qualitative research studies. These resources may benefit individuals throughout the VCA community, including those who are considering or who have already received reconstructive transplant surgery, as well as caregivers, potential donors and their families, and clinicians. The RTRP recognizes that these resources are not yet deployable products and require further research to ready them for clinical and community use. Proposed studies should expand previously funded qualitative research for the purposes of validating a VCA resource and/or investigating the most appropriate and effective methods and best practices for disseminating and/or implementing the resource. Important Note: This award mechanism is intended to support validation and implementation research, but not the costs of implementation itself.Qualitative research is a form of social inquiry that focuses on understanding how people interpret and make sense of their experiences and the world in which they live. Observations that drive a research idea may be derived from basic discovery, population-based studies, a clinician’s first-hand knowledge of patients, or anecdotal data. Qualitative research is intended to be exploratory, open-ended, and unbiased. The information gathered should be meaningful and culturally appropriate to the participant, unanticipated (not hypothesis-based) by the research team, and rich and explanatory in nature.Implementation science is defined as the scientific study of methods and strategies to adopt and integrate evidence-based health interventions, resources, etc., into clinical and community settings in order to improve patient outcomes and benefit population health. Implementation research may use a variety of qualitative and quantitative research methods to determine the most appropriate and effective way to transition interventions, resources, etc., into clinical practice, health policy, or everyday use. The research should be specific to the target population and environment and consider real-world factors and complexities, including an evolving landscape.Important aspects of this award mechanism include:• Qualitative Approach: The research approach should include primarily qualitative methods. Qualitative findings may lead the research in a more quantifiable direction, in which case a mixed methods approach is acceptable. The specific theoretical basis (e.g., interactionism, phenomenology, critical theory) for the study should be stated and should drive the framing of the research problem.• Preliminary data (required): Applications must include an Outcomes Statement (Attachment 9), which is a summary of the research previously funded, and a description of the research accomplishments, outcomes, and resource(s) developed from that award. Applications should provide an explanation of how these accomplishments, outcomes, and resource(s) provide the basis for the proposed research and how expansion of the original research ideas will address one or both of the FY24 RTRP Qualitative Research Focus Areas.• Study Design: The proposed study design, sampling technique, data collection, and recording method(s) should be appropriate to yield trustworthy, credible, robust, and confirmable results. The documentation of procedures, decisions, and rationale for decisions and conclusions should support consistency, dependability, and duplicability of results and prevent biases and preconceptions. The data analysis plan should be consistent with the research problem and theoretical basis for the study, and ongoing feedback from participants should be incorporated throughout the project, especially regarding interpretation of data and study conclusions. It should be clear how the proposed study design will position the resource(s) for the next phase of development or implementation as described in the post-award Implementation Plan (Attachment 10).• Impact: The short- and long-term impact of the proposed research should be clearly articulated. Projects must address one or both of the FY24 RTRP Qualitative Research Focus Areas.• Military Relevance: All projects must be responsive to the health care needs of military Service Members and/or Veterans recovering from traumatic injury, and/or their Family members, caregivers or clinicians, as well as the general public. Collaboration with military researchers and clinicians is encouraged, but not required.Advancing Women’s Health Research and Innovation: The CDMRP encourages research on health areas and conditions that affect women uniquely, disproportionately, or differently from men, including studies analyzing sex as a biological variable. Such research should relate anticipated project findings to improvements in women’s health outcomes and/or advancing knowledge for women’s health. The RTRP therefore encourages research that addresses how various aspects of reconstructive transplant affect women uniquely, disproportionately, or differently from men.Use of Department of Defense (DOD) or VA Resources: Applications from investigators within the military services and applications involving multidisciplinary collaborations among academia, industry, the military services, VA, and other federal government agencies are highly encouraged. These relationships can leverage knowledge, infrastructure, and access to unique clinical populations that the collaborators bring to the research effort, ultimately advancing research that is of significance to Service Members, Veterans, and/or their Families. If the proposed research relies on access to unique resources or databases, the application must describe the access at the time of submission and include a plan for maintaining access as needed throughout the proposed research.Clinical trials are not allowed under this funding opportunity. A clinical trial is defined in the Code of Federal Regulations, Title 45, Part 46.102 (45 CFR 46.102) as a research study in which one or more human subjects are prospectively assigned to one or more interventions (which may include a placebo or another control) to evaluate the effects of the interventions on biomedical or behavioral health-related outcomes.Studies that do not seek to measure safety, effectiveness, and/or efficacy outcome(s) of an intervention are not considered clinical trials.Clinical research is allowed under this funding opportunity. For the purposes of this funding opportunity, research that meets the definition of a clinical trial is distinct from clinical research. Clinical research encompasses research with human data, human specimens, and/or interaction with human subjects. Clinical research is observational in nature and includes:(1) Research conducted with human subjects and/or material of human origin such as data, specimens, and cognitive phenomena for which an investigator (or co-investigator) does not seek to assess the safety, effectiveness, and/or efficacy outcomes of an intervention. Research meeting this definition may include but is not limited to: (a) mechanisms of human disease, (b) diagnostic or detection studies (e.g., biomarker or imaging), (c) health disparity studies, and (d) development of new technologies.(2) Epidemiologic and behavioral studies that do not seek to assess the safety, effectiveness, and/or efficacy outcomes of an intervention.(3) Outcomes research and health services research that do not fit under the definition of clinical trial.Excluded from the definition of clinical research are in vitro studies that utilize human data or specimens that cannot be linked to a living individual and meet the requirements for exemption under §46.104(d)(4) of the Common Rule.The funding instrument for awards made under the program announcement will be grants (31 USC 6304).The anticipated total costs budgeted for the entire period of performance for an FY24 RTRP Qualitative Research Validation and Implementation Award should not exceed $500,000. Refer to Section II.D.5, Funding Restrictions, for detailed funding information.Awards supported with FY24 funds will be made no later than September 30, 2025.The CDMRP expects to allot approximately $500,000 to fund approximately one Qualitative Research Validation and Implementation Award application. Funding of applications received is contingent upon the availability of federal funds for this program, the number of applications received, the quality and merit of the applications as evaluated by peer and programmatic review, and the requirements of the government. Funds to be obligated on any award resulting from this funding opportunity will be available for use for a limited time period based on the fiscal year of the funds. It is anticipated that awards made from this FY24 funding opportunity will be funded with FY24 funds, which will expire for use on September 30, 2030.","Unrestricted (i.e., open to any type of entity above), subject to any clarification in text field entitled ""Additional Information on Eligibility""","the intent of the fy24 rtrp qualitative research validation and implementation award mechanism is to support the continued investigation and further expansion of highly impactful resources for the vca community that were developed through rtrp-funded qualitative research studies. these resources may benefit individuals throughout the vca community, including those who are considering or who have already received reconstructive transplant surgery, as well as caregivers, potential donors and their families, and clinicians. the rtrp recognizes that these resources are not yet deployable products and require further research to ready them for clinical and community use. proposed studies should expand previously funded qualitative research for the purposes of validating a vca resource and/or investigating the most appropriate and effective methods and best practices for disseminating and/or implementing the resource. important note: this award mechanism is intended to support validation and implementation research, but not the costs of implementation itself.qualitative research is a form of social inquiry that focuses on understanding how people interpret and make sense of their experiences and the world in which they live. observations that drive a research idea may be derived from basic discovery, population-based studies, a clinician’s first-hand knowledge of patients, or anecdotal data. qualitative research is intended to be exploratory, open-ended, and unbiased. the information gathered should be meaningful and culturally appropriate to the participant, unanticipated (not hypothesis-based) by the research team, and rich and explanatory in nature.implementation science is defined as the scientific study of methods and strategies to adopt and integrate evidence-based health interventions, resources, etc., into clinical and community settings in order to improve patient outcomes and benefit population health. implementation research may use a variety of qualitative and quantitative research methods to determine the most appropriate and effective way to transition interventions, resources, etc., into clinical practice, health policy, or everyday use. the research should be specific to the target population and environment and consider real-world factors and complexities, including an evolving landscape.important aspects of this award mechanism include:• qualitative approach: the research approach should include primarily qualitative methods. qualitative findings may lead the research in a more quantifiable direction, in which case a mixed methods approach is acceptable. the specific theoretical basis (e.g., interactionism, phenomenology, critical theory) for the study should be stated and should drive the framing of the research problem.• preliminary data (required): applications must include an outcomes statement (attachment 9), which is a summary of the research previously funded, and a description of the research accomplishments, outcomes, and resource(s) developed from that award. applications should provide an explanation of how these accomplishments, outcomes, and resource(s) provide the basis for the proposed research and how expansion of the original research ideas will address one or both of the fy24 rtrp qualitative research focus areas.• study design: the proposed study design, sampling technique, data collection, and recording method(s) should be appropriate to yield trustworthy, credible, robust, and confirmable results. the documentation of procedures, decisions, and rationale for decisions and conclusions should support consistency, dependability, and duplicability of results and prevent biases and preconceptions. the data analysis plan should be consistent with the research problem and theoretical basis for the study, and ongoing feedback from participants should be incorporated throughout the project, especially regarding interpretation of data and study conclusions. it should be clear how the proposed study design will position the resource(s) for the next phase of development or implementation as described in the post-award implementation plan (attachment 10).• impact: the short- and long-term impact of the proposed research should be clearly articulated. projects must address one or both of the fy24 rtrp qualitative research focus areas.• military relevance: all projects must be responsive to the health care needs of military service members and/or veterans recovering from traumatic injury, and/or their family members, caregivers or clinicians, as well as the general public. collaboration with military researchers and clinicians is encouraged, but not required.advancing women’s health research and innovation: the cdmrp encourages research on health areas and conditions that affect women uniquely, disproportionately, or differently from men, including studies analyzing sex as a biological variable. such research should relate anticipated project findings to improvements in women’s health outcomes and/or advancing knowledge for women’s health. the rtrp therefore encourages research that addresses how various aspects of reconstructive transplant affect women uniquely, disproportionately, or differently from men.use of department of defense (dod) or va resources: applications from investigators within the military services and applications involving multidisciplinary collaborations among academia, industry, the military services, va, and other federal government agencies are highly encouraged. these relationships can leverage knowledge, infrastructure, and access to unique clinical populations that the collaborators bring to the research effort, ultimately advancing research that is of significance to service members, veterans, and/or their families. if the proposed research relies on access to unique resources or databases, the application must describe the access at the time of submission and include a plan for maintaining access as needed throughout the proposed research.clinical trials are not allowed under this funding opportunity. a clinical trial is defined in the code of federal regulations, title 45, part 46.102 (45 cfr 46.102) as a research study in which one or more human subjects are prospectively assigned to one or more interventions (which may include a placebo or another control) to evaluate the effects of the interventions on biomedical or behavioral health-related outcomes.studies that do not seek to measure safety, effectiveness, and/or efficacy outcome(s) of an intervention are not considered clinical trials.clinical research is allowed under this funding opportunity. for the purposes of this funding opportunity, research that meets the definition of a clinical trial is distinct from clinical research. clinical research encompasses research with human data, human specimens, and/or interaction with human subjects. clinical research is observational in nature and includes:(1) research conducted with human subjects and/or material of human origin such as data, specimens, and cognitive phenomena for which an investigator (or co-investigator) does not seek to assess the safety, effectiveness, and/or efficacy outcomes of an intervention. research meeting this definition may include but is not limited to: (a) mechanisms of human disease, (b) diagnostic or detection studies (e.g., biomarker or imaging), (c) health disparity studies, and (d) development of new technologies.(2) epidemiologic and behavioral studies that do not seek to assess the safety, effectiveness, and/or efficacy outcomes of an intervention.(3) outcomes research and health services research that do not fit under the definition of clinical trial.excluded from the definition of clinical research are in vitro studies that utilize human data or specimens that cannot be linked to a living individual and meet the requirements for exemption under §46.104(d)(4) of the common rule.the funding instrument for awards made under the program announcement will be grants (31 usc 6304).the anticipated total costs budgeted for the entire period of performance for an fy24 rtrp qualitative research validation and implementation award should not exceed $500,000. refer to section ii.d.5, funding restrictions, for detailed funding information.awards supported with fy24 funds will be made no later than september 30, 2025.the cdmrp expects to allot approximately $500,000 to fund approximately one qualitative research validation and implementation award application. funding of applications received is contingent upon the availability of federal funds for this program, the number of applications received, the quality and merit of the applications as evaluated by peer and programmatic review, and the requirements of the government. funds to be obligated on any award resulting from this funding opportunity will be available for use for a limited time period based on the fiscal year of the funds. it is anticipated that awards made from this fy24 funding opportunity will be funded with fy24 funds, which will expire for use on september 30, 2030.",True,False
"=HYPERLINK(""https://www.grants.gov/search-results-detail/356100"",""HT942524ATRPFRA"")","DoD Arthritis, Focused Research Award",DOD-AMRAA,Dept. of the Army -- USAMRAA,Science and Technology and other Research and Development,,Grant,12.420 - Military Medical Research and Development,2500000.0,4.0,none,none,No,,"CDMRP Help Desk
Phone: 301-682-5507
Email: help@eBRAP.org",,help@eBRAP.org,,,2024-08-16,10/30/2024,Oct-21-2024 11:50:14 AM EST,Synopsis 2,Archived,Yes,Yes,"The FY24 ATRP FRA is intended to support conceptually innovative, high-risk/potentially high-reward research that could ultimately lead to critical discoveries and/or improvements in patient care or quality of life for people impacted by arthritis. Research addressing all types of arthritis is encouraged including but not limited to osteoarthritis, post-traumatic arthritis, inflammatory arthritis, juvenile arthritis, and rheumatoid arthritis. The ATRP encourages applications that address sex as a biological variable and understudied arthritis types. The ATRP also encourages applicants to consider whether large data sets or existing studies/consortia can be leveraged to maximize the potential impact of proposed studies.Applicants must address how the proposed research may eventually impact patient care and reduce the burden of disease. It is expected that any research findings would benefit Service Members, their Families, Veterans, and the general public. To meet the intent of the award mechanism, applications must specifically address at least one FY24 ATRP FRA focus area, listed in Section II.A.1, above.Important aspects of this award mechanism include:Impact: A key aspect of this award mechanism is impact. The application should explicitly state how outcomes of the proposed research will have a significant impact on the advancement of arthritis research, potential for exploration of novel ideas, and/or patient care practices. The application should clearly indicate how the research addresses the impact of arthritis in the military, which may include its effect on Service Member recruitment, retention, and recovery. Applicants may also choose to include impacts to the Military Health System, which provides health care support to Service Members and their Families (Eligibility | TRICARE).Research Levels: The FY24 ATRP FRA offers funding for two Research Levels (refer to Section II.D.5 Funding Restrictions). Only one Research Level category may be chosen per application. It is the responsibility of the applicant to select the level that aligns with the scope of the proposed research. The Research Level should be selected based on the research scope and not on the amount of the budget. The following are generalized descriptions of the scope of the research appropriate for each level:• Research Level 1: Supports exploratory, high-risk/high-reward research that is in the early stages of idea development. Research must have the potential to yield new avenues of investigation, such as new approaches, new research tools, or new paradigms. Early career investigators are particularly encouraged to apply to this research level.• Research Level 2: Supports the advancement of preclinical research toward clinical translation.Preliminary data are required: Applications must include preliminary and/or published data to support the proposed research project. The included data may originate from other researchers or research conducted by the applicant(s). Applicants must demonstrate logical reasoning for the proposed work. To be competitive, the application must include a sound scientific rationale and a well-formulated, testable hypothesis established through a critical review and analysis of the literature.Advancing Women’s Health Research and Innovation: The CDMRP encourages research on health areas and conditions that affect women uniquely, disproportionately, or differently from men, including studies analyzing sex as a biological variable. Such research should relate anticipated project findings to improvements in women’s health outcomes and/or advancing knowledge for women's health. The ATRP therefore encourages research that addresses how arthritis and arthritis care may affect women uniquely, disproportionately, or differently from men.Rigor of Experimental Design: All projects should adhere to a core set of standards for rigorous study design and reporting to maximize the reproducibility and translational potential of clinical and preclinical research. The standards are described in SC Landis et al., 2012, A call for transparent reporting to optimize the predictive value of preclinical research, Nature 490:187-191 (https://www.nature.com/nature/journal/v490/n7419/full/nature11556.html). While these standards are written for preclinical studies, the basic principles of randomization, blinding, sample-size estimation, and data handling derive from well-established best practices in clinical studies.The FY24 ATRP FRA mechanism is intended to support preclinical or animal research and may not be used for clinical research or clinical trials. Applicants seeking funding for a clinical trial or clinical research should consider the FY24 ATRP Clinical Research Award mechanism (Funding Opportunity Number: HT9425FY24ATRPCRA).A clinical trial is defined in the Code of Federal Regulations, Title 45, Part 46.102 (45 CFR 46.102) as a research study in which one or more human subjects are prospectively assigned to one or more interventions (which may include a placebo or another control) to evaluate the effects of the interventions on biomedical or behavioral health-related outcomes.Studies that do not seek to measure safety, effectiveness, and/or efficacy outcome(s) of an intervention are not considered clinical trials.For the purposes of this funding opportunity, research that meets the definition of a clinical trial is distinct from clinical research. Clinical research encompasses research with human data, human specimens, and/or interaction with human subjects. Clinical research is observational in nature and includes:(1) Research conducted with human subjects and/or material of human origin such as data, specimens, and cognitive phenomena for which an investigator (or coinvestigator) does not seek to assess the safety, effectiveness, and/or efficacy outcomes of an intervention. Research meeting this definition may include but is not limited to: (a) mechanisms of human disease, (b) diagnostic or detection studies (e.g., biomarker or imaging), (c) health disparity studies, and (d) development of new technologies.(2) Epidemiologic and behavioral studies that do not seek to assess the safety, effectiveness, and/or efficacy outcomes of an intervention.(3) Outcomes research and health services research that do not fit under the definition of clinical trial.Excluded from the definition of clinical research are in vitro studies that utilize human data or specimens that cannot be linked to a living individual and meet the requirements for exemption under §46.104(d)(4) of the Common Rule.The funding instrument for awards made under the program announcement will be grants (31 USC 6304).The anticipated total costs budgeted for the entire period of performance for an FY24 ATRP FRA should not exceed $500,000 (Research Level 1) or $750,000 (Research Level 2). Refer to Section II.D.5, Funding Restrictions, for detailed funding information.Awards supported with FY24 funds will be made no later than September 30, 2025.The CDMRP expects to allot approximately $2.5M to fund approximately two FRA – Research Level 1 applications and two FRA – Research Level 2 applications. Funding of applications received is contingent upon the availability of federal funds for this program, the number of applications received, the quality and merit of the applications as evaluated by peer and programmatic review, and the requirements of the government. Funds to be obligated on any award resulting from this funding opportunity will be available for use for a limited time period based on the fiscal year of the funds. It is anticipated that awards made from this FY24 funding opportunity will be funded with FY24 funds, which will expire for use on September 30, 2030.","Unrestricted (i.e., open to any type of entity above), subject to any clarification in text field entitled ""Additional Information on Eligibility""","the fy24 atrp fra is intended to support conceptually innovative, high-risk/potentially high-reward research that could ultimately lead to critical discoveries and/or improvements in patient care or quality of life for people impacted by arthritis. research addressing all types of arthritis is encouraged including but not limited to osteoarthritis, post-traumatic arthritis, inflammatory arthritis, juvenile arthritis, and rheumatoid arthritis. the atrp encourages applications that address sex as a biological variable and understudied arthritis types. the atrp also encourages applicants to consider whether large data sets or existing studies/consortia can be leveraged to maximize the potential impact of proposed studies.applicants must address how the proposed research may eventually impact patient care and reduce the burden of disease. it is expected that any research findings would benefit service members, their families, veterans, and the general public. to meet the intent of the award mechanism, applications must specifically address at least one fy24 atrp fra focus area, listed in section ii.a.1, above.important aspects of this award mechanism include:impact: a key aspect of this award mechanism is impact. the application should explicitly state how outcomes of the proposed research will have a significant impact on the advancement of arthritis research, potential for exploration of novel ideas, and/or patient care practices. the application should clearly indicate how the research addresses the impact of arthritis in the military, which may include its effect on service member recruitment, retention, and recovery. applicants may also choose to include impacts to the military health system, which provides health care support to service members and their families (eligibility | tricare).research levels: the fy24 atrp fra offers funding for two research levels (refer to section ii.d.5 funding restrictions). only one research level category may be chosen per application. it is the responsibility of the applicant to select the level that aligns with the scope of the proposed research. the research level should be selected based on the research scope and not on the amount of the budget. the following are generalized descriptions of the scope of the research appropriate for each level:• research level 1: supports exploratory, high-risk/high-reward research that is in the early stages of idea development. research must have the potential to yield new avenues of investigation, such as new approaches, new research tools, or new paradigms. early career investigators are particularly encouraged to apply to this research level.• research level 2: supports the advancement of preclinical research toward clinical translation.preliminary data are required: applications must include preliminary and/or published data to support the proposed research project. the included data may originate from other researchers or research conducted by the applicant(s). applicants must demonstrate logical reasoning for the proposed work. to be competitive, the application must include a sound scientific rationale and a well-formulated, testable hypothesis established through a critical review and analysis of the literature.advancing women’s health research and innovation: the cdmrp encourages research on health areas and conditions that affect women uniquely, disproportionately, or differently from men, including studies analyzing sex as a biological variable. such research should relate anticipated project findings to improvements in women’s health outcomes and/or advancing knowledge for women's health. the atrp therefore encourages research that addresses how arthritis and arthritis care may affect women uniquely, disproportionately, or differently from men.rigor of experimental design: all projects should adhere to a core set of standards for rigorous study design and reporting to maximize the reproducibility and translational potential of clinical and preclinical research. the standards are described in sc landis et al., 2012, a call for transparent reporting to optimize the predictive value of preclinical research, nature 490:187-191 (https://www.nature.com/nature/journal/v490/n7419/full/nature11556.html). while these standards are written for preclinical studies, the basic principles of randomization, blinding, sample-size estimation, and data handling derive from well-established best practices in clinical studies.the fy24 atrp fra mechanism is intended to support preclinical or animal research and may not be used for clinical research or clinical trials. applicants seeking funding for a clinical trial or clinical research should consider the fy24 atrp clinical research award mechanism (funding opportunity number: ht9425fy24atrpcra).a clinical trial is defined in the code of federal regulations, title 45, part 46.102 (45 cfr 46.102) as a research study in which one or more human subjects are prospectively assigned to one or more interventions (which may include a placebo or another control) to evaluate the effects of the interventions on biomedical or behavioral health-related outcomes.studies that do not seek to measure safety, effectiveness, and/or efficacy outcome(s) of an intervention are not considered clinical trials.for the purposes of this funding opportunity, research that meets the definition of a clinical trial is distinct from clinical research. clinical research encompasses research with human data, human specimens, and/or interaction with human subjects. clinical research is observational in nature and includes:(1) research conducted with human subjects and/or material of human origin such as data, specimens, and cognitive phenomena for which an investigator (or coinvestigator) does not seek to assess the safety, effectiveness, and/or efficacy outcomes of an intervention. research meeting this definition may include but is not limited to: (a) mechanisms of human disease, (b) diagnostic or detection studies (e.g., biomarker or imaging), (c) health disparity studies, and (d) development of new technologies.(2) epidemiologic and behavioral studies that do not seek to assess the safety, effectiveness, and/or efficacy outcomes of an intervention.(3) outcomes research and health services research that do not fit under the definition of clinical trial.excluded from the definition of clinical research are in vitro studies that utilize human data or specimens that cannot be linked to a living individual and meet the requirements for exemption under §46.104(d)(4) of the common rule.the funding instrument for awards made under the program announcement will be grants (31 usc 6304).the anticipated total costs budgeted for the entire period of performance for an fy24 atrp fra should not exceed $500,000 (research level 1) or $750,000 (research level 2). refer to section ii.d.5, funding restrictions, for detailed funding information.awards supported with fy24 funds will be made no later than september 30, 2025.the cdmrp expects to allot approximately $2.5m to fund approximately two fra – research level 1 applications and two fra – research level 2 applications. funding of applications received is contingent upon the availability of federal funds for this program, the number of applications received, the quality and merit of the applications as evaluated by peer and programmatic review, and the requirements of the government. funds to be obligated on any award resulting from this funding opportunity will be available for use for a limited time period based on the fiscal year of the funds. it is anticipated that awards made from this fy24 funding opportunity will be funded with fy24 funds, which will expire for use on september 30, 2030.",True,False
"=HYPERLINK(""https://www.grants.gov/search-results-detail/355236"",""PAS-TUNIS-FY2024"")",U.S. Embassy Tunis PAS Annual Program Statement,DOS-TUN,U.S. Mission to Tunisia,"Other (see text field entitled ""Explanation of Other Category of Funding Activity"" for clarification)",Public Diplomacy,Cooperative Agreement; Grant,19.040 - Public Diplomacy Programs,,,250000,10000,No,,"Kaouthar Ben Mohamed
Grantor
Phone 0021671107266",,benmohamedk@state.gov,,,2024-08-12,08/31/2024,Aug-19-2024 09:15:11 AM EST,Synopsis 7,Archived,No,Yes,"The Public Affairs Section (PAS) at U.S. Embassy Tunis of the U.S. Department of State (hereafter referred to as “PAS Tunis”) is pleased to announce this Notice of Funding Opportunity (NOFO) through its Public Diplomacy Small Grants Program. This an Annual Program Statement (APS) outlines our funding priorities, the strategic themes we focus on, and the procedures for submitting requests for funding. Based on availability of funding, PAS Tunis will award grants, fixed amount awards, or cooperative agreements between a minimum of $10,000 and up to $250,000 (U.S. dollars) each for projects that advance the priorities outlined in this APS.  Please carefully follow all instructions. 
 
Applications may be submitted at any time for consideration before the closing date of this annual program statement on August 31, 2024 at 11:59 p.m. U.S. EDT. Proposals will be reviewed, and awards made by no later than September 30, 2024, pending the availability of funds. 
 
Purpose of PAS Public Diplomacy Grants: PAS Tunis invites proposals for programs that strengthen cultural, educational, professional, and scientific ties between the United States and Tunisia through programming that highlights shared values, strengthens people-to-people ties and institutional linkages, and promotes bilateral cooperation. Competitive proposals should focus on at least one grant priority area outlined below. Proposals that do not address one of the grant priority areas outlined below will not be considered for funding. All proposed programs must include an American cultural element or connection with American expert(s), organization(s), or institutions in a specific field that will promote increased understanding of U.S. policies, values, and perspectives and incorporate cross-cutting approaches to diversity, equity, inclusion, and accessibility (DEIA). 
 Examples of PAS Tunis PD Small Grant proposals include, but are not limited to:
·      Subject-matter expert, academic, and professional lectures, seminars, and speaker programs that include U.S. speakers/experts.
·      Programs that strengthen relationships and linkages between U.S. colleges/universities and Tunisian higher education institutions.
·      Educational, artistic, and cultural programs, including programs that strengthen English language teaching and learning, musical and/or dance workshops, master classes, and performances, live theatre performances, art exhibitions, and culinary diplomacy initiatives.
·      Programs that promote economic empowerment, entrepreneurship, diversity, inclusion, and accessibility, and/or that address environmental and urban development challenges.
·      Cultural heritage conservation and preservation programming, including through the use new technologies, such as VR technology. 
(Note: PD funding cannot be used to support construction-related activities. End note.)
 
Grant Priority Areas: Grant proposals should address at least one of the four Public Affairs priority areas outlined below: 
 
1.    Strengthening civil society and fostering shared interests in democracy, good governance, rule of law, and civic participation. Projects targeting this priority area could focus on advocacy and inclusion efforts for disabled persons and other disadvantaged groups, promoting media freedom and literacy, countering disinformation, strengthening civil society organizations, promoting local cultural heritage, traditional and modern art forms, and other forms of creative expression, and projects that engage emerging leaders in any of these fields through linkages with U.S. counterparts.
 
2.    Advancing inclusive economic prosperity through programs aimed at helping Tunisian citizens, particularly youth, women, disabled persons, first generation Tunisian university students, and geographically marginalized populations fully benefit from economic development. Programs could focus on topics such as entrepreneurship, soft skills training, hospitality, ecotourism, environmental tourism, and creative economy industries, job creation, intellectual property rights and protection, corporate social responsibility, access to finance, and university linkage programs focused on such topics. 
 
3.    Fostering innovation together to address climate change and urban development challenges, conservation, science, and technology. Programs could focus on promoting STEM education and/or encouraging youth to pursue STEM careers, or on topics such as environmental conservation, climate change mitigation, technological innovations to tackle challenges related to climate change and urbanization (e.g., water management, waste management, urban planning, mitigating impact of built environment on cultural heritage preservation and green spaces, etc.) and involving communities in developing solutions to such challenges, and linkage programs with U.S. universities focused on such topics.
 
4.    Strengthening the capacity of U.S. government exchange program alumni through programming in the priority areas listed above and bolstering engagement between alumni and the Embassy. Programs could include tailored training for alumni in areas such as project management, grant writing, business plan development and pitching startup ideas, developing and executing community service projects, advocacy for civic projects and policies, leadership, public speaking, DEIA-related training, and other soft skills training, including English language training and/or community service projects or other projects benefitting PAS Tunis priority audiences implemented by exchange program alumni.
 
In addition to the specific requirements listed above, all proposals must: 
1.    Clearly indicate the primary grant priority area the program is focused on
2.    Clearly indicate the key public diplomacy audience(s) that will be targeted by the program and the key activities to be delivered through the program
3.    Identify the cities/districts in which activities will take place
4.    Identify specific outcomes to be achieved by the end of the grant period
5.    Clearly delineate how elements of the proposed program will have a multiplier effect and be sustainable beyond the life of the grant
6.    Provide a traditional and/or social media plan for marketing program activities and outcome, if applicable
7.    Identify any tools (surveys, beneficiary interviews, focus groups, etc.) that will be developed and used for Monitoring and Evaluation purposes

Participants and Audiences:
Proposals must focus on one of the priority areas specified above and target at least one of PAS Tunis’ key audiences, including: youth (14-35 years old), first-generation university/higher education students, alumni of U.S. government-funded exchange program, women, disabled persons, and other minority or geographically marginalized groups, including audiences outside of the Greater Tunis area, educators, media practitioners, policy makers, civil society organizations, and entrepreneurs and innovators. In addition, U.S. Embassy Tunis seeks creative proposals that build upon existing partnerships between U.S. organizations and Tunisian counterparts, as well as those that create new partnerships and expand operational capabilities of existing organizations.
 
The following types of programs are not eligible for funding:
• Programs relating to partisan political activity;
• Programs that do not contain people-to-people exchanges or interactions;
• Charitable or development activities;
• Construction programs;
• Programs that support specific religious activities;
• Fund-raising;
• Lobbying for specific legislation or programs;
• Scientific research;
• Programs intended primarily for the growth or institutional development of the organization; and
• Programs that duplicate existing programs.
 
Funding authority rests in the Smith-Mundt Act. The source of funding for this NOFO is Public Diplomacy Funding
 
","Nonprofits having a 501(c)(3) status with the IRS, other than institutions of higher education; Nonprofits that do not have a 501(c)(3) status with the IRS, other than institutions of higher education; Individuals","the public affairs section (pas) at u.s. embassy tunis of the u.s. department of state (hereafter referred to as “pas tunis”) is pleased to announce this notice of funding opportunity (nofo) through its public diplomacy small grants program. this an annual program statement (aps) outlines our funding priorities, the strategic themes we focus on, and the procedures for submitting requests for funding. based on availability of funding, pas tunis will award grants, fixed amount awards, or cooperative agreements between a minimum of $10,000 and up to $250,000 (u.s. dollars) each for projects that advance the priorities outlined in this aps.  please carefully follow all instructions. 
 
applications may be submitted at any time for consideration before the closing date of this annual program statement on august 31, 2024 at 11:59 p.m. u.s. edt. proposals will be reviewed, and awards made by no later than september 30, 2024, pending the availability of funds. 
 
purpose of pas public diplomacy grants: pas tunis invites proposals for programs that strengthen cultural, educational, professional, and scientific ties between the united states and tunisia through programming that highlights shared values, strengthens people-to-people ties and institutional linkages, and promotes bilateral cooperation. competitive proposals should focus on at least one grant priority area outlined below. proposals that do not address one of the grant priority areas outlined below will not be considered for funding. all proposed programs must include an american cultural element or connection with american expert(s), organization(s), or institutions in a specific field that will promote increased understanding of u.s. policies, values, and perspectives and incorporate cross-cutting approaches to diversity, equity, inclusion, and accessibility (deia). 
 examples of pas tunis pd small grant proposals include, but are not limited to:
·      subject-matter expert, academic, and professional lectures, seminars, and speaker programs that include u.s. speakers/experts.
·      programs that strengthen relationships and linkages between u.s. colleges/universities and tunisian higher education institutions.
·      educational, artistic, and cultural programs, including programs that strengthen english language teaching and learning, musical and/or dance workshops, master classes, and performances, live theatre performances, art exhibitions, and culinary diplomacy initiatives.
·      programs that promote economic empowerment, entrepreneurship, diversity, inclusion, and accessibility, and/or that address environmental and urban development challenges.
·      cultural heritage conservation and preservation programming, including through the use new technologies, such as vr technology. 
(note: pd funding cannot be used to support construction-related activities. end note.)
 
grant priority areas: grant proposals should address at least one of the four public affairs priority areas outlined below: 
 
1.    strengthening civil society and fostering shared interests in democracy, good governance, rule of law, and civic participation. projects targeting this priority area could focus on advocacy and inclusion efforts for disabled persons and other disadvantaged groups, promoting media freedom and literacy, countering disinformation, strengthening civil society organizations, promoting local cultural heritage, traditional and modern art forms, and other forms of creative expression, and projects that engage emerging leaders in any of these fields through linkages with u.s. counterparts.
 
2.    advancing inclusive economic prosperity through programs aimed at helping tunisian citizens, particularly youth, women, disabled persons, first generation tunisian university students, and geographically marginalized populations fully benefit from economic development. programs could focus on topics such as entrepreneurship, soft skills training, hospitality, ecotourism, environmental tourism, and creative economy industries, job creation, intellectual property rights and protection, corporate social responsibility, access to finance, and university linkage programs focused on such topics. 
 
3.    fostering innovation together to address climate change and urban development challenges, conservation, science, and technology. programs could focus on promoting stem education and/or encouraging youth to pursue stem careers, or on topics such as environmental conservation, climate change mitigation, technological innovations to tackle challenges related to climate change and urbanization (e.g., water management, waste management, urban planning, mitigating impact of built environment on cultural heritage preservation and green spaces, etc.) and involving communities in developing solutions to such challenges, and linkage programs with u.s. universities focused on such topics.
 
4.    strengthening the capacity of u.s. government exchange program alumni through programming in the priority areas listed above and bolstering engagement between alumni and the embassy. programs could include tailored training for alumni in areas such as project management, grant writing, business plan development and pitching startup ideas, developing and executing community service projects, advocacy for civic projects and policies, leadership, public speaking, deia-related training, and other soft skills training, including english language training and/or community service projects or other projects benefitting pas tunis priority audiences implemented by exchange program alumni.
 
in addition to the specific requirements listed above, all proposals must: 
1.    clearly indicate the primary grant priority area the program is focused on
2.    clearly indicate the key public diplomacy audience(s) that will be targeted by the program and the key activities to be delivered through the program
3.    identify the cities/districts in which activities will take place
4.    identify specific outcomes to be achieved by the end of the grant period
5.    clearly delineate how elements of the proposed program will have a multiplier effect and be sustainable beyond the life of the grant
6.    provide a traditional and/or social media plan for marketing program activities and outcome, if applicable
7.    identify any tools (surveys, beneficiary interviews, focus groups, etc.) that will be developed and used for monitoring and evaluation purposes

participants and audiences:
proposals must focus on one of the priority areas specified above and target at least one of pas tunis’ key audiences, including: youth (14-35 years old), first-generation university/higher education students, alumni of u.s. government-funded exchange program, women, disabled persons, and other minority or geographically marginalized groups, including audiences outside of the greater tunis area, educators, media practitioners, policy makers, civil society organizations, and entrepreneurs and innovators. in addition, u.s. embassy tunis seeks creative proposals that build upon existing partnerships between u.s. organizations and tunisian counterparts, as well as those that create new partnerships and expand operational capabilities of existing organizations.
 
the following types of programs are not eligible for funding:
• programs relating to partisan political activity;
• programs that do not contain people-to-people exchanges or interactions;
• charitable or development activities;
• construction programs;
• programs that support specific religious activities;
• fund-raising;
• lobbying for specific legislation or programs;
• scientific research;
• programs intended primarily for the growth or institutional development of the organization; and
• programs that duplicate existing programs.
 
funding authority rests in the smith-mundt act. the source of funding for this nofo is public diplomacy funding
 
",True,False
"=HYPERLINK(""https://www.grants.gov/search-results-detail/355854"",""DE-FOA-0003417"")",FY 2025 Phase I Release 1,PAMS-SC,Office of Science,Science and Technology and other Research and Development,,Grant,81.049 - Office of Science Financial Assistance Program,24000000.0,110.0,250000,100000,No,https://science.osti.gov/sbir,"Carl Hebron
301-903-5707",,sbir-sttr@sceince.doe.gov,,,2024-08-05,10/28/2024,Oct-24-2024 07:20:28 AM EST,Synopsis 2,Archived,Yes,Yes,"This FOA describes two distinct funding opportunities for DOE: the Small Business Innovation Research (SBIR) and the Small Business Technology Transfer (STTR) programs for Fiscal Year (FY) 2025. 

Phase I grants resulting from this competition will be made during FY 2025 to small businesses with maximum award sizes of $200,000 or $250,000. Refer to the individual topic for its respective maximum award size (a proposal submitted that exceeds the maximum award size for the respective topic will be declined without review). The period of performance will depend on the scope of the effort but will not exceed 12 months. Please note that the Phase II grant application will be due approximately 9.5 months after the grant start date. This will be the only opportunity to submit a Phase II application for a Phase I award made under this FOA. Grantees that select a Phase I period of performance of 9 months or less will be able to complete their Phase I project prior to submission of their Phase II grant application. Grantees that select a Phase I longer than 9 months will be able to continue research and development (R&D) after their Phase II application is submitted but will not be able to utilize these results in the preparation of their Phase II application.

Phase I is to evaluate, insofar as possible, the scientific or technical merit and feasibility of ideas that appear to have commercial potential and/or substantial application in support of DOE mission research. The grant application should concentrate on research that will contribute to proving scientific or technical feasibility of the approach or concept. Success in a DOE Phase I is a prerequisite to further DOE support in Phase II.

Only awardees issued Phase I grants under this FOA are eligible to submit a Phase II application under the corresponding FY 2026 Phase II FOA, i.e., FY 2026 Phase II Release 1. 

Approximately 40% of Phase I awardees submitting a Phase II application will receive a Phase II award. Instructions and eligibility requirements for submitting Phase II grant applications will be posted at a later date on the internet at https://www.grants.gov/. 

The objectives of the SBIR/STTR programs include increasing private sector commercialization of technology developed through DOE-supported research and development (R&D), stimulating technological innovation in the private sector, encouraging participation by women-owned and minority-owned small businesses, and improving the return on investment from Federally funded research for economic and social benefits to the nation. DOE will support high-quality research or R&D on innovative concepts concerning important mission-related scientific or engineering problems and opportunities that have high potential for commercialization. The DOE SBIR/STTR Programs do not support either basic science or demonstration projects. ",Small businesses,"this foa describes two distinct funding opportunities for doe: the small business innovation research (sbir) and the small business technology transfer (sttr) programs for fiscal year (fy) 2025. 

phase i grants resulting from this competition will be made during fy 2025 to small businesses with maximum award sizes of $200,000 or $250,000. refer to the individual topic for its respective maximum award size (a proposal submitted that exceeds the maximum award size for the respective topic will be declined without review). the period of performance will depend on the scope of the effort but will not exceed 12 months. please note that the phase ii grant application will be due approximately 9.5 months after the grant start date. this will be the only opportunity to submit a phase ii application for a phase i award made under this foa. grantees that select a phase i period of performance of 9 months or less will be able to complete their phase i project prior to submission of their phase ii grant application. grantees that select a phase i longer than 9 months will be able to continue research and development (r&d) after their phase ii application is submitted but will not be able to utilize these results in the preparation of their phase ii application.

phase i is to evaluate, insofar as possible, the scientific or technical merit and feasibility of ideas that appear to have commercial potential and/or substantial application in support of doe mission research. the grant application should concentrate on research that will contribute to proving scientific or technical feasibility of the approach or concept. success in a doe phase i is a prerequisite to further doe support in phase ii.

only awardees issued phase i grants under this foa are eligible to submit a phase ii application under the corresponding fy 2026 phase ii foa, i.e., fy 2026 phase ii release 1. 

approximately 40% of phase i awardees submitting a phase ii application will receive a phase ii award. instructions and eligibility requirements for submitting phase ii grant applications will be posted at a later date on the internet at https://www.grants.gov/. 

the objectives of the sbir/sttr programs include increasing private sector commercialization of technology developed through doe-supported research and development (r&d), stimulating technological innovation in the private sector, encouraging participation by women-owned and minority-owned small businesses, and improving the return on investment from federally funded research for economic and social benefits to the nation. doe will support high-quality research or r&d on innovative concepts concerning important mission-related scientific or engineering problems and opportunities that have high potential for commercialization. the doe sbir/sttr programs do not support either basic science or demonstration projects. ",True,False
"=HYPERLINK(""https://www.grants.gov/search-results-detail/355872"",""72066024RFI00005"")","USAID’s Health Financing, Governance, and Information Systems Strengthening Activity",USAID-DEM,Democratic Republic of the Congo USAID-Kinshasa,Health,This is a Request for Information,Other,98.001 - USAID Foreign Assistance for Programs Overseas,,1.0,1,1,No,,"Malu Boyenge
Grantor
Phone 243817074693",,mboyenge@usaid.gov,,,2024-08-03,08/19/2024,Aug-03-2024 11:54:07 AM EST,Synopsis 1,Archived,No,Yes,"The United States Agency for International Development Mission in the Democratic Republic of the Congo (USAID/DRC) is gathering information to develop health financing, governance, and information systems activities in support of the DRC’s strategic plan for 2021-2030 towards universal health coverage (UHC). The purpose of the Health Financing, Governance and Information Systems (HFG/IS) activity is to strengthen national and select provincial governments’ capacity to identify and act upon key levers for resource mobilization and for reductions in household catastrophic health expenditures, to identify and respond to gaps in equity, quality, and coverage of health services, to strengthen citizens’ capacity to hold government accountable for health services, and to foster collaborative learning. Targeted systems strengthening include efforts to improve the resilience and capacity of the public health system to prevent, detect, and respond to emerging infectious disease threats with a “one health approach.” USAID envisions that this activity will strengthen the role of citizens, women, and marginalized groups in the design, delivery, monitoring, and accountability of health services, which in turn fosters trust in the health system and sustainability. 

Recognizing the interdependence of governance, financing, and information, this activity supports a targeted, synergistic approach to complement the USAID Integrated Health Services Delivery Accelerator and USAID Santé Gouvernance Activities. Provincial-level interventions will focus on the 8 provinces of implementation for these Activities (Kasai Central, Kasai Oriental, Haut-Katanga, Haut- Lomami, Lomani, Lualaba, Tanganyika, and Sud-Kivu), be coordinated to promote synergies and avoid duplication of efforts, and contribute to a broader learning agenda to foster adoption of best practices and national scale-up. USAID envisions a well-planned collaborative learning agenda for this Activity and commitment to gender and social inclusion principles. ","Unrestricted (i.e., open to any type of entity above), subject to any clarification in text field entitled ""Additional Information on Eligibility""","the united states agency for international development mission in the democratic republic of the congo (usaid/drc) is gathering information to develop health financing, governance, and information systems activities in support of the drc’s strategic plan for 2021-2030 towards universal health coverage (uhc). the purpose of the health financing, governance and information systems (hfg/is) activity is to strengthen national and select provincial governments’ capacity to identify and act upon key levers for resource mobilization and for reductions in household catastrophic health expenditures, to identify and respond to gaps in equity, quality, and coverage of health services, to strengthen citizens’ capacity to hold government accountable for health services, and to foster collaborative learning. targeted systems strengthening include efforts to improve the resilience and capacity of the public health system to prevent, detect, and respond to emerging infectious disease threats with a “one health approach.” usaid envisions that this activity will strengthen the role of citizens, women, and marginalized groups in the design, delivery, monitoring, and accountability of health services, which in turn fosters trust in the health system and sustainability. 

recognizing the interdependence of governance, financing, and information, this activity supports a targeted, synergistic approach to complement the usaid integrated health services delivery accelerator and usaid santé gouvernance activities. provincial-level interventions will focus on the 8 provinces of implementation for these activities (kasai central, kasai oriental, haut-katanga, haut- lomami, lomani, lualaba, tanganyika, and sud-kivu), be coordinated to promote synergies and avoid duplication of efforts, and contribute to a broader learning agenda to foster adoption of best practices and national scale-up. usaid envisions a well-planned collaborative learning agenda for this activity and commitment to gender and social inclusion principles. ",True,False
"=HYPERLINK(""https://www.grants.gov/search-results-detail/355852"",""O-OVW-2024-172103"")",OVW Fiscal Year 2024 Violence Against Women Tribal Special Assistant U.S. Attorney Initiative,USDOJ-OJP-OVW,Office on Violence Against Women,"Law, Justice and Legal Services",,Grant,16.055 - Tribal Special Assistant United States Attorneys,3400000.0,4.0,850000,850000,No,https://www.justice.gov/ovw/media/1361791/dl?inline,"For assistance with the requirements of this invitation to apply, email OVW at OVW.TribalSAUSA@usdoj.gov. Applicants also may call OVW at 202-307-6026.
OVW.TribalSAUSA@usdoj.gov",,OVW.TribalSAUSA@usdoj.gov,,,2024-08-02,08/13/2024,Aug-02-2024 10:06:18 AM EST,Synopsis 1,Closed,Yes,No,"The OVW Violence Against Women Tribal Special Assistant United States Attorney (Tribal SAUSA) Initiative (Assistance Listing # 16.055) is authorized by the Consolidated Appropriations Act, 2024, Pub. L. No. 118-42, 138 Stat. 25, 143. This initiative supports Tribes and United States Attorney’s Offices (USAOs) in their investigation and prosecution of domestic violence, sexual assault, dating violence, sex trafficking, and stalking cases in Indian country. Grant funds support salary, fringe benefits, training, travel, and supplies for dedicated tribal prosecutors who are cross-designated as Tribal SAUSAs to work directly with their USAOs. The goals of the initiative are to fill gaps in jurisdictional coverage; increase communication and coordination with Tribal, federal, and state law enforcement agencies; establish consistent relationships between federal prosecutors and the Tribal community(ies); and improve the quality of investigation and prosecution of domestic violence, dating violence, sexual assault, sex trafficking, and stalking cases through training and best practices, such as DOJ’s recently released framework for prosecutors on strengthening responses to these crimes.","Others (see text field entitled ""Additional Information on Eligibility"" for clarification)","the ovw violence against women tribal special assistant united states attorney (tribal sausa) initiative (assistance listing # 16.055) is authorized by the consolidated appropriations act, 2024, pub. l. no. 118-42, 138 stat. 25, 143. this initiative supports tribes and united states attorney’s offices (usaos) in their investigation and prosecution of domestic violence, sexual assault, dating violence, sex trafficking, and stalking cases in indian country. grant funds support salary, fringe benefits, training, travel, and supplies for dedicated tribal prosecutors who are cross-designated as tribal sausas to work directly with their usaos. the goals of the initiative are to fill gaps in jurisdictional coverage; increase communication and coordination with tribal, federal, and state law enforcement agencies; establish consistent relationships between federal prosecutors and the tribal community(ies); and improve the quality of investigation and prosecution of domestic violence, dating violence, sexual assault, sex trafficking, and stalking cases through training and best practices, such as doj’s recently released framework for prosecutors on strengthening responses to these crimes.",True,False
"=HYPERLINK(""https://www.grants.gov/search-results-detail/355831"",""WH-AST-25-001"")",Pregnancy and Postpartum Hypertension Control Initiative,HHS-OPHS,Office of the Assistant Secretary for Health,Health,,Grant,93.088 - Advancing System Improvements for Key Issues in Women's Health,10000000.0,18.0,550000,300000,No,,Hodan Eyow,202-690-7650,owhgrants@hhs.gov,04/30/2025,07/16/2025,2024-08-01,,Mar-13-2025 05:44:21 PM EST,Forecast 3,Forecasted,No,,"The Office on Women's Health (OWH) anticipates the availability of funding for an implementation and scaling project to build upon foundational work in managing hypertension by the HHS Hypertension Innovator Award (OWH), the Hypertension in Pregnancy Change Package (CDC), the National Hypertension Control Initiative (OMH, HRSA), the SMBP Forum and SMBP QI work (CDC), the CDC-supported National Hypertension Control Roundtable, and the HHS Federal Hypertension Control Leadership Council. The lessons generated from these endeavors will be deployed to achieve the current initiative’s primary aim to accelerate nation-wide implementation of SMBP (self-measured blood pressure) during pregnancy and postpartum. SMBP is a best practice defined as the regular measurement of blood pressure by the patient at home or other setting with clinical support. Based on a large body of evidence, SMBP is recommended in both national and international guidelines for the detection and control of HTN in adults and its use postpartum by AHRQ’s Systematic Review and Meta-Analysis on the Management of Postpartum Hypertensive Disorders of Pregnancy.This initiative is intended to serve as the catalyst to drive towards making SMBP a common and routine practice during pregnancy and postpartum.  With a special focus on underserved and rural communities, including maternity care deserts, the initiative seeks equitable detection and control of HTN, improved maternal and fetal outcomes, and reductions in admissions and morbidity from HTN-related complications.Applicants will need to demonstrate that they will be able to fully implement their projects within the first six months of the award. Recipients will be expected to evaluate processes and outcomes throughout the project to assess project effectiveness and impact over the period of performance.Over the course of the project, recipients will be expected to document and share project findings and results (e.g., data, best practices, lessons learned) with HHS and others interested in SMBP utilization during pregnancy and postpartum.We expect to fund awards in 12-month budget periods for a total period of performance up to 24 months. Recipients must submit a non-competing continuation (NCC) application for each budget period after the first. Continuation funding is contingent upon the availability of funds, satisfactory progress of the project, appropriate stewardship of federal funds, and the best interests of the government. Funding for all approved budget periods after the first is generally the same as the initial award amount subject to any offset with funds unused in the previous budget period. These projects are time-limited for the purpose of assessing the effectiveness of an approach or intervention toward reaching a desired outcome. We expect award recipients under this opportunity to consider approaches to sustainability beyond the end of the support provided by OWH. Any private (either profit or nonprofit) or public entity located in a State is eligible to apply for an award under this opportunity.  “State” includes, in addition to the several States, only the District of Columbia, Guam, the Commonwealth of Puerto Rico, the Northern Mariana Islands, the Virgin Islands, American Samoa, the Trust Territory of the Pacific Islands, and any agency or instrumentality thereof exclusive of local governments. (42 U.S.C. § 201(f) (PHS Act, Section 2(f)), 45 C.F.R. § 75.2). Eligible entities include private (either profit or nonprofit) or public faith-based organizations, community-based organizations, and American Indian/Alaska Native/Native American (AI/AN/NA) organizations.","State governments; County governments; City or township governments; Special district governments; Independent school districts; Public and State controlled institutions of higher education; Native American tribal governments (Federally recognized); Public housing authorities/Indian housing authorities; Native American tribal organizations (other than Federally recognized tribal governments); Nonprofits having a 501(c)(3) status with the IRS, other than institutions of higher education; Nonprofits that do not have a 501(c)(3) status with the IRS, other than institutions of higher education; Private institutions of higher education; For profit organizations other than small businesses; Small businesses","the office on women's health (owh) anticipates the availability of funding for an implementation and scaling project to build upon foundational work in managing hypertension by the hhs hypertension innovator award (owh), the hypertension in pregnancy change package (cdc), the national hypertension control initiative (omh, hrsa), the smbp forum and smbp qi work (cdc), the cdc-supported national hypertension control roundtable, and the hhs federal hypertension control leadership council. the lessons generated from these endeavors will be deployed to achieve the current initiative’s primary aim to accelerate nation-wide implementation of smbp (self-measured blood pressure) during pregnancy and postpartum. smbp is a best practice defined as the regular measurement of blood pressure by the patient at home or other setting with clinical support. based on a large body of evidence, smbp is recommended in both national and international guidelines for the detection and control of htn in adults and its use postpartum by ahrq’s systematic review and meta-analysis on the management of postpartum hypertensive disorders of pregnancy.this initiative is intended to serve as the catalyst to drive towards making smbp a common and routine practice during pregnancy and postpartum.  with a special focus on underserved and rural communities, including maternity care deserts, the initiative seeks equitable detection and control of htn, improved maternal and fetal outcomes, and reductions in admissions and morbidity from htn-related complications.applicants will need to demonstrate that they will be able to fully implement their projects within the first six months of the award. recipients will be expected to evaluate processes and outcomes throughout the project to assess project effectiveness and impact over the period of performance.over the course of the project, recipients will be expected to document and share project findings and results (e.g., data, best practices, lessons learned) with hhs and others interested in smbp utilization during pregnancy and postpartum.we expect to fund awards in 12-month budget periods for a total period of performance up to 24 months. recipients must submit a non-competing continuation (ncc) application for each budget period after the first. continuation funding is contingent upon the availability of funds, satisfactory progress of the project, appropriate stewardship of federal funds, and the best interests of the government. funding for all approved budget periods after the first is generally the same as the initial award amount subject to any offset with funds unused in the previous budget period. these projects are time-limited for the purpose of assessing the effectiveness of an approach or intervention toward reaching a desired outcome. we expect award recipients under this opportunity to consider approaches to sustainability beyond the end of the support provided by owh. any private (either profit or nonprofit) or public entity located in a state is eligible to apply for an award under this opportunity.  “state” includes, in addition to the several states, only the district of columbia, guam, the commonwealth of puerto rico, the northern mariana islands, the virgin islands, american samoa, the trust territory of the pacific islands, and any agency or instrumentality thereof exclusive of local governments. (42 u.s.c. § 201(f) (phs act, section 2(f)), 45 c.f.r. § 75.2). eligible entities include private (either profit or nonprofit) or public faith-based organizations, community-based organizations, and american indian/alaska native/native american (ai/an/na) organizations.",True,False
"=HYPERLINK(""https://www.grants.gov/search-results-detail/355421"",""CDC-RFA-PS-24-00470101SUPP24"")",High-Impact HIV Prevention and Surveillance Programs for Health Departments: Accelerating Pre-Exposure Prophylaxis (PrEP) Uptake for Ending the HIV Epidemic in the United States,HHS-CDC-NCHHSTP,Centers for Disease Control - NCHHSTP,Health,,Cooperative Agreement,93.940 - HIV Prevention Activities Health Department Based,1750000.0,4.0,0,0,No,,"Erica K. Dunbar
NOFOINFO@cdc.gov",,NOFOINFO@cdc.gov,,,2024-08-01,08/31/2024,Aug-01-2024 11:42:40 AM EST,Synopsis 1,Archived,Yes,Yes,"CDC announces the availability of approximately $7 million in competitive supplemental funding for the 32 health department jurisdictions currently receiving Ending the HIV Epidemic in the US (EHE) initiative funding resources under notice of funding opportunity (NOFO) PS24-0047: High-Impact HIV Prevention and Surveillance Programs for Health Departments. Fully aligned with PS24-0047, the supplemental NOFO prioritizes acceleration of progress toward achieving the national HIV prevention goal of 50% pre-exposure prophylaxis (PrEP) coverage by the end of 2025. Jurisdictions with greater need for PrEP and lower uptake among priority populations disproportionately affected by HIV and low PrEP prescriptions (i.e., Black and Latino gay, bisexual, and other men who have sex with men (MSM), and Black cisgender and transgender women) need these additional resources and flexibility to accelerate PrEP uptake through patient navigation/case management services and improve access to and utilization of existing PrEP services not covered by other financial resources. Recipients will implement enhanced and expanded programmatic activities to increase access to and uptake of PrEP for priority populations and to help further eliminate structural and social barriers that prevent equitable access to PrEP within EHE jurisdictions. Additionally, these enhanced and expanded PrEP programs will incorporate elements to increase HIV non-occupational post-exposure prophylaxis (PEP) and doxycycline post-exposure prophylaxis (doxy PEP) awareness and access, including activities with clinicians, non-clinical community-based organizations (CBOs), and persons at risk for HIV acquisition.The supplemental NOFO's period of performance is September 30, 2024 - May 31, 2025 (8 months). Recipients may request to continue implementation of supplemental programmatic activities during PS24-0047 Budget Year 2 (June 1, 2025 - May 31, 2026).  Recipients will implement concurrently all required programmatic activities as described in both PS24-0047 and the forthcoming supplemental NOFO.",State governments; County governments; City or township governments; Special district governments,"cdc announces the availability of approximately $7 million in competitive supplemental funding for the 32 health department jurisdictions currently receiving ending the hiv epidemic in the us (ehe) initiative funding resources under notice of funding opportunity (nofo) ps24-0047: high-impact hiv prevention and surveillance programs for health departments. fully aligned with ps24-0047, the supplemental nofo prioritizes acceleration of progress toward achieving the national hiv prevention goal of 50% pre-exposure prophylaxis (prep) coverage by the end of 2025. jurisdictions with greater need for prep and lower uptake among priority populations disproportionately affected by hiv and low prep prescriptions (i.e., black and latino gay, bisexual, and other men who have sex with men (msm), and black cisgender and transgender women) need these additional resources and flexibility to accelerate prep uptake through patient navigation/case management services and improve access to and utilization of existing prep services not covered by other financial resources. recipients will implement enhanced and expanded programmatic activities to increase access to and uptake of prep for priority populations and to help further eliminate structural and social barriers that prevent equitable access to prep within ehe jurisdictions. additionally, these enhanced and expanded prep programs will incorporate elements to increase hiv non-occupational post-exposure prophylaxis (pep) and doxycycline post-exposure prophylaxis (doxy pep) awareness and access, including activities with clinicians, non-clinical community-based organizations (cbos), and persons at risk for hiv acquisition.the supplemental nofo's period of performance is september 30, 2024 - may 31, 2025 (8 months). recipients may request to continue implementation of supplemental programmatic activities during ps24-0047 budget year 2 (june 1, 2025 - may 31, 2026).  recipients will implement concurrently all required programmatic activities as described in both ps24-0047 and the forthcoming supplemental nofo.",True,True
"=HYPERLINK(""https://www.grants.gov/search-results-detail/354901"",""FOA-ILAB-24-31"")",Strengthening Workers' Rights in Malaysia's Electronic Supply Chain,DOL-ILAB,Bureau of International Labor Affairs,"Other (see text field entitled ""Explanation of Other Category of Funding Activity"" for clarification)",Other,Cooperative Agreement,17.401 - International Labor Programs,3000000.0,1.0,3000000,3000000,No,http://www.dol.gov/ilab,"Carlie Ortiz
ortiz.carlie@dol.gov",,ortiz.carlie@dol.gov,,,2024-08-01,09/30/2024,Aug-01-2024 12:27:04 PM EST,Synopsis 3,Closed,Yes,No,"The Bureau of International Labor Affairs (ILAB), U.S. Department of Labor (DOL, or the Department), announces the availability of approximately $3,000,000 total costs (subject to the availability of Federal funds) for one cooperative agreement to fund a technical assistance project in Malaysia to support workers and worker organizations as they advocate for improved occupational safety and health standards, including gender-responsive standards, and integration of effective programs to prevent and address gender-based violence and harassment in the electronics sector through worker organizing and collective bargaining. We encourage prospective applicants and interested parties to use the Grants.gov subscription option to register for future updates provided for this particular FOA. In order to achieve the project objective, applicants must propose strategies to achieve the following outcomes:Outcome(s)• 1. Increased union participation/integration of new union members, in particular women members, as a result of new worker organizing campaigns.• 2. Improved skills of worker organizations to advocate for improvements in occupational safety and health standards, including gender-responsive occupational safety and health standards, and eradication of gender-based violence and harassment in target workplaces and communities.• 3. Increased engagement by workers and worker organizations with government officials and employers to negotiate, address, resolve, and prevent occupational safety and health and gender-based violence and harassment abuses in the workplace through collective bargaining.Questions regarding this Funding Opportunity Announcement (FOA) Forecast may be emailed to ortiz.carlie@dol.gov; however, please note there is limited information that may be shared with the public, as this FOA is currently under development. We encourage prospective applicants and interested parties to use the Grants.gov subscription option to register for future updates provided for this particular FOA.","Others (see text field entitled ""Additional Information on Eligibility"" for clarification)","the bureau of international labor affairs (ilab), u.s. department of labor (dol, or the department), announces the availability of approximately $3,000,000 total costs (subject to the availability of federal funds) for one cooperative agreement to fund a technical assistance project in malaysia to support workers and worker organizations as they advocate for improved occupational safety and health standards, including gender-responsive standards, and integration of effective programs to prevent and address gender-based violence and harassment in the electronics sector through worker organizing and collective bargaining. we encourage prospective applicants and interested parties to use the grants.gov subscription option to register for future updates provided for this particular foa. in order to achieve the project objective, applicants must propose strategies to achieve the following outcomes:outcome(s)• 1. increased union participation/integration of new union members, in particular women members, as a result of new worker organizing campaigns.• 2. improved skills of worker organizations to advocate for improvements in occupational safety and health standards, including gender-responsive occupational safety and health standards, and eradication of gender-based violence and harassment in target workplaces and communities.• 3. increased engagement by workers and worker organizations with government officials and employers to negotiate, address, resolve, and prevent occupational safety and health and gender-based violence and harassment abuses in the workplace through collective bargaining.questions regarding this funding opportunity announcement (foa) forecast may be emailed to ortiz.carlie@dol.gov; however, please note there is limited information that may be shared with the public, as this foa is currently under development. we encourage prospective applicants and interested parties to use the grants.gov subscription option to register for future updates provided for this particular foa.",True,False
"=HYPERLINK(""https://www.grants.gov/search-results-detail/355718"",""AF-GAB-REO-GEEA-FY23"")","From Trash to Treasure (TT) – Empowering Women to Reduce, Reuse and Recycle Waste",DOS-BWA,U.S. Mission to Botswana,Environment,,Grant,19.801 - Office of Global Women's Issues,,1.0,100000,100000,No,,"Jennifer R Marburg
Grantor
Phone 26774545033
marburgjr1@state.gov",,marburgjr1@state.gov,,,2024-07-30,08/30/2024,Aug-01-2024 02:54:34 AM EST,Synopsis 3,Archived,No,Yes,"The U.S. Embassy Gaborone of the U.S. Department of State announces an open competition for organizations to submit applications to carry out a Trash to Treasure program. The project will enable women waste collectors to access valuable business and life skills through a unique set of training and mentorship through a joint business and empowerment model, providing these women with skills and resources to make lasting change in their lives. 

Women in Botswana have a vital role in the waste value chain ranging from informal waste collectors and street sweepers to community recycling leaders. They have great potential to increase the amount of waste collected and recycled and to reduce the amount waste in the environment, especially plastic pollution However, due to gendered structural barriers, women usually lack opportunities and resources to realize their full potential in the waste sector and commonly face gender discrimination and even violence.
 
The From Trash to Treasure project recognizes the critical role Botswana women play in the informal sector, filling gaps in service delivery, particularly in waste management. The project will help advance gender equality and economic security through the creation of green jobs in the waste sector. A comprehensive approach will enable women waste collectors to access business knowledge and valuable life skills that they wouldn’t otherwise receive. The program combines a unique set of training, mentorship, as well as a joint business and empowerment model that provides women with skills and resources to make meaningful and lasting change in their lives.
 
The proposed project includes the following activities:

Enhance the capabilities and leadership of women waste collectors by providing specialized training in leadership, solid waste management, health and safety protocols, and entrepreneurial skills. This strategic empowerment will enable them to confidently engage with local government entities and the tourism sector, fostering formal partnerships that can lead to the growth and formalization of their waste management enterprises.
Train women waste collectors to recycle waste materials and incorporate recycled materials into their production processes. This initiative will not only mitigate environmental impacts, but also promote resource conservation and demonstrate the potential for a circular economy in Botswana.
The project aims to train at least 50 women waste collectors from Botswana on leadership, gender equality, solid waste management, health and safety, and business / entrepreneurial skills. The project will also cover waste management and recycling practices. It will also build capacity of women by training local women on business entrepreneurial and financial skills, allowing them to create quality products to be sold to tourists domestically, creating sustainable livelihoods.
","Nonprofits that do not have a 501(c)(3) status with the IRS, other than institutions of higher education","the u.s. embassy gaborone of the u.s. department of state announces an open competition for organizations to submit applications to carry out a trash to treasure program. the project will enable women waste collectors to access valuable business and life skills through a unique set of training and mentorship through a joint business and empowerment model, providing these women with skills and resources to make lasting change in their lives. 

women in botswana have a vital role in the waste value chain ranging from informal waste collectors and street sweepers to community recycling leaders. they have great potential to increase the amount of waste collected and recycled and to reduce the amount waste in the environment, especially plastic pollution however, due to gendered structural barriers, women usually lack opportunities and resources to realize their full potential in the waste sector and commonly face gender discrimination and even violence.
 
the from trash to treasure project recognizes the critical role botswana women play in the informal sector, filling gaps in service delivery, particularly in waste management. the project will help advance gender equality and economic security through the creation of green jobs in the waste sector. a comprehensive approach will enable women waste collectors to access business knowledge and valuable life skills that they wouldn’t otherwise receive. the program combines a unique set of training, mentorship, as well as a joint business and empowerment model that provides women with skills and resources to make meaningful and lasting change in their lives.
 
the proposed project includes the following activities:

enhance the capabilities and leadership of women waste collectors by providing specialized training in leadership, solid waste management, health and safety protocols, and entrepreneurial skills. this strategic empowerment will enable them to confidently engage with local government entities and the tourism sector, fostering formal partnerships that can lead to the growth and formalization of their waste management enterprises.
train women waste collectors to recycle waste materials and incorporate recycled materials into their production processes. this initiative will not only mitigate environmental impacts, but also promote resource conservation and demonstrate the potential for a circular economy in botswana.
the project aims to train at least 50 women waste collectors from botswana on leadership, gender equality, solid waste management, health and safety, and business / entrepreneurial skills. the project will also cover waste management and recycling practices. it will also build capacity of women by training local women on business entrepreneurial and financial skills, allowing them to create quality products to be sold to tourists domestically, creating sustainable livelihoods.
",True,False
"=HYPERLINK(""https://www.grants.gov/search-results-detail/355717"",""OFOP0001543"")",U.S. Embassy in Qatar - 2024 Notice of Funding Opportunity,DOS-QAT,U.S. Mission to Qatar,"Other (see text field entitled ""Explanation of Other Category of Funding Activity"" for clarification)","1. Increase political and economic opportunities for women in Qatar.
2. Promote higher education and emerging technology linkages between the United States and Qatar.
3. Support environmental stewardship, mitigate climate change, and promote green technology.",Other,19.040 - Public Diplomacy Programs,200000.0,0.0,100000,10000,No,https://mygrants.servicenowservices.com/mygrants?id=mygrants_form&table=x_g_usd4_o_grant_funding_opportunity&sys_id=fae7cb0c47ff0a104f681864336d4393&view=Default,DohaGrants@state.gov,,,,,2024-07-30,08/29/2024,Jul-30-2024 01:03:31 AM EST,Synopsis 1,Closed,No,No,"The Public Affairs Section (PAS) of U.S. Embassy Doha announces the opening of a new Notice of Funding Opportunity (NOFO) for non-profit organizations and individuals to submit projects that strengthen ties between the United States and Qatar.  Proposals should advance shared U.S.-Qatar values and bilateral cooperation, in alignment with strategic themes and priorities as detailed below.  Please follow all instructions carefully. 

All application materials must be submitted by email to DohaGrants@state.gov.  This notice is subject to availability of funding.

Priority Region: Doha and neighboring municipalities.

Program Objectives:  

All program proposals must:
•	strengthen U.S.-Qatar cooperation on global issues of shared interest;
•	aim to increase understanding of U.S. values and perspectives;
•	build relationships between Americans and Qataris; and 
•	include an American element or connection with American organization, institutions, or expert (separate and beyond any involvement with the U.S. Mission, its American Corners, or its USG exchange program alumni).

Priority consideration will be given to proposals focused on at least one of these priority program areas:
1.	Increase political and economic opportunities for women in Qatar.
2.	Promote higher education and emerging technology linkages between the United States and Qatar.
3.	Support environmental stewardship, mitigate climate change, and promote green technology.

Applicants should have considerable, practical, and relevant experience in the implementation of the proposed activities to be seriously considered for this project.  Previous experience working with Qatari audiences is preferable.

Please follow all instructions detailed here and in the attached Full Notice of Funding Opportunity titled ""Full Notice of Funding Opportunity - OFOP0001543.""  Proposals that do not meet or fail to comply with the requirements of this announcement will be deemed ineligible.","Others (see text field entitled ""Additional Information on Eligibility"" for clarification)","the public affairs section (pas) of u.s. embassy doha announces the opening of a new notice of funding opportunity (nofo) for non-profit organizations and individuals to submit projects that strengthen ties between the united states and qatar.  proposals should advance shared u.s.-qatar values and bilateral cooperation, in alignment with strategic themes and priorities as detailed below.  please follow all instructions carefully. 

all application materials must be submitted by email to dohagrants@state.gov.  this notice is subject to availability of funding.

priority region: doha and neighboring municipalities.

program objectives:  

all program proposals must:
•	strengthen u.s.-qatar cooperation on global issues of shared interest;
•	aim to increase understanding of u.s. values and perspectives;
•	build relationships between americans and qataris; and 
•	include an american element or connection with american organization, institutions, or expert (separate and beyond any involvement with the u.s. mission, its american corners, or its usg exchange program alumni).

priority consideration will be given to proposals focused on at least one of these priority program areas:
1.	increase political and economic opportunities for women in qatar.
2.	promote higher education and emerging technology linkages between the united states and qatar.
3.	support environmental stewardship, mitigate climate change, and promote green technology.

applicants should have considerable, practical, and relevant experience in the implementation of the proposed activities to be seriously considered for this project.  previous experience working with qatari audiences is preferable.

please follow all instructions detailed here and in the attached full notice of funding opportunity titled ""full notice of funding opportunity - ofop0001543.""  proposals that do not meet or fail to comply with the requirements of this announcement will be deemed ineligible.",True,False
"=HYPERLINK(""https://www.grants.gov/search-results-detail/355725"",""HT942524DMRDPPTRCTA"")",DoD Psychedelic Treatment Research Clinical Trial Award,DOD-AMRAA,Dept. of the Army -- USAMRAA,Science and Technology and other Research and Development,,Grant,12.420 - Military Medical Research and Development,9800000.0,2.0,none,none,No,,"CDMRP Help Desk
Phone: 301-682-5507
Email: help@eBRAP.org",,help@eBRAP.org,,,2024-07-30,10/04/2024,Jul-30-2024 12:25:42 PM EST,Synopsis 4,Archived,Yes,Yes,"The intent of the DMRDP PTRCTA is to support clinical trials with eligible U.S. Service Members to evaluate treatments for post-traumatic stress disorder (PTSD) and/or traumatic brain injury (TBI) involving the use of covered psychedelic substances. Applicants must select at least one of the two covered conditions (PTSD, TBI, or both) and one or more of the covered psychedelic substances listed below. Treatment may involve the use of covered psychedelic substances alone or in conjunction with other evidence-based treatments. Proposed projects may range from small proof-of-concept trials (e.g., pilot, first-in-human, phase 0) to demonstrate the feasibility or inform the design of more advanced trials, through large-scale trials to determine efficacy in relevant patient populations.Covered psychedelic substances include:• 3,4-Methylenedioxy-methamphetamine (commonly known as “MDMA”)• psilocybin• ibogaine• 5-Methoxy-N,N-dimethyltryptamine (commonly known as “5-MeO-DMT”)• plant-based alternative therapiesPer Section 723 of the National Defense Authorization Act for Fiscal Year 2024, the “Secretary of Defense may authorize any member of the Armed Forces serving on active duty who is diagnosed with a covered condition (PTSD or TBI) to participate in a clinical trial that is conducted using funding awarded under this section and is authorized pursuant to section 505 of the Federal Food, Drug, and Cosmetic Act (21 U.S.C. 355), without regard to— (1) whether the clinical trial involves a substance included in the schedule under section 202 of the Controlled Substances Act (21 U.S.C. 812); or (2) section 912a of title 10, United States Code (article 112a of the Uniform Code of Military Justice).”Military Relevance and Military Service Collaboration: Applications from investigators within the military services and applications involving multidisciplinary collaborations among academia, industry, the military services, the U.S. Department of Veterans Affairs (VA), and other federal government agencies are highly encouraged. These relationships can leverage knowledge, infrastructure, and access to unique clinical populations that the collaborators bring to the research effort, ultimately advancing research that is of significance to Service Members, Veterans, and/or their Families. If the proposed research relies on access to unique resources or databases, the application must describe the access at the time of submission and include a plan for maintaining access as needed throughout the proposed research. A list of websites that may be useful in identifying potential opportunities for collaboration can be found in Appendix II.Conducting DOD-Funded Human Research with Military Populations: There are unique requirements and prohibitions for compensating DOD-affiliated personnel for study participation and for conducting research with military families/children and U.S. Army Special Operations Command populations. Additional information about conducting DOD-funded human research with military populations can be found at https://cdmrp.health.mil/pubs/pdf/Conducting%20Research%20Military%20Pop%20DoD_funded_7NOV2022.pdfCommon Data Elements and Data Sharing: The CDMRP intends that information, data, and research resources generated under this funding opportunity will be made available to the research community (including both the scientific and consumer advocacy communities) and the public at large. Applicants are encouraged to incorporate Common Data Elements (CDEs) appropriate to each field of study, such as the PhenX Core and Specialty collections and National Institute of Neurological Disorders and Stroke (NINDS) TBI CDEs. Note that the CDMRP will not serve as the government sponsor or signatory on any data-sharing agreements.• PTSD Researcho Applicants are encouraged to consider the National Institute of Mental Health (NIMH) Data Archive (NDA) as a data-sharing repository for psychological health human subjects data. The NDA provides an infrastructure for sharing research data, tools, methods, and analyses enabling collaborative science and discovery. The NDA’s mission is to accelerate scientific research and discovery through data sharing, data harmonization, and the reporting of research results. Consult the NDA website at https://nda.nih.gov for additional information.o While there is no direct charge to users of the NDA, a project estimation tool is available to help estimate costs and manpower needs that may be associated with data submission.• TBI Researcho Applicants are required to share all TBI-related clinical research data with at least 50 subjects funded by this program through the jointly supported DOD-National Institutes of Health (NIH) Federal Interagency TBI Research Information System (FITBIR). Recipients will be required to upload study data annually and in accordance with the FITBIR data submission policies. There is no fee to use FITBIR, and detailed guidance and policies, including a cost estimator tool for budgeting considerations, can be found athttps://fitbir.nih.gov.o While there is no direct charge to users of the FITBIR Informatics System, a project estimation tool is available to help estimate costs and manpower needs that may be associated with data submission.Women’s Health: The CDMRP encourages research on health areas and conditions that affect women uniquely, disproportionately, or differently from men, including studies analyzing sex as a biological variable. Such research should relate anticipated project findings to improvements in women's health outcomes and/or advancing knowledge for women's health.Funding from this award mechanism must support a clinical trial and may not be used for animal or preclinical studies. A clinical trial is defined in the Code of Federal Regulations, Title 45, Part 46.102 (45 CFR 46.102) as a research study in which one or more human subjects are prospectively assigned to one or more interventions (which may include a placebo or another control) to evaluate the effects of the interventions on biomedical or behavioral health-related outcomes.Studies that do not seek to measure safety, effectiveness, and/or efficacy outcome(s) of an intervention are not considered clinical trials.For more information, a Human Subject Resource Document is provided at https://cdmrp.health.mil/pubs/pdf/Human%20Subjects%20Resource%20Document_DEC2022.pdf.Key aspects of the DMRDP PTRCTA Mechanism:• Applicability to Section 723 of the FY24 NDAA: The application must propose to address at least one of the two covered conditions (PTSD and/or TBI) and evaluate at least one of the covered psychedelic substances listed in Section II.B.• Clinical Trial Start Date: The proposed clinical trial is expected to begin no later than 6 months after the award date.• Preliminary Data Are Required: Inclusion of preliminary data relevant to the proposed clinical trial is required.• Study Population: Inclusion of active-duty Service Members, which may include members of the reserve components, is required. Study populations other than Service Members will not be supported. While Veterans are an important population, they are not the focus of this funding opportunity. The outcomes of the study are expected to benefit Service Members, Veterans, and the general public. The application should demonstrate the availability of and access to a suitable population of U.S. Service Members that will support a meaningful outcome for the study. The application should include a discussion of how accrual goals will be achieved, as well as the strategy for inclusion of women and minorities in the clinical trial appropriate to the objectives of the study. • Intervention Availability: The application should demonstrate the documented availability of and access to the proposed psychedelic substance and other materials needed, as appropriate, for the proposed duration of the study.• Personnel and Environment: The application should demonstrate the study team’s expertise and experience in all aspects of conducting clinical trials and working with controlled substances, including appropriate statistical analysis, knowledge of U.S. Food and Drug Administration (FDA) processes (if applicable), enrolling military populations, and data management. The application should include a study coordinator(s) who will guide the clinical protocol through the local Institutional Review Board (IRB) of record and other federal agency regulatory approval processes, coordinate activities from all sites participating in the trial, and coordinate participant accrual. The application should show strong institutional support and, if applicable, a commitment to serve as the FDA regulatory sponsor, ensuring all sponsor responsibilities described in 21 CFR 312, Subpart D, are fulfilled.• Statistical Analysis and Data Management Plans: The application should include a clearly articulated statistical analysis plan, a power analysis reflecting sample size projections that will answer the objectives of the study, and a data management plan that includes use of an appropriate database to safeguard and maintain the integrity of the data. If required by a Regulatory Agency, the trial must use a 21 CFR 11-compliant database and appropriate data standards.• Drug Enforcement Agency (DEA) Scheduled Substance Application and Licensure: Applications must be made with the United States Department of Justice DEA for work with controlled substances. The application should document the status of the DEA application and licensure in Attachment 9. Additional information can be found at https://www.deadiversion.usdoj.gov/online_forms_apps.html.For the purposes of this funding opportunity, “Regulatory Agency” refers to the FDA or any relevant international regulatory agency unless otherwise noted.If the proposed clinical trial involves the use of a drug that has not been approved by the relevant Regulatory Agency for the country where the research will be conducted, then submission of an Investigational New Drug (IND) application, or equivalent, that meets all requirements under 21 CFR 312 may be required. It is the responsibility of the applicant to provide evidence from the IRB of record or the relevant Regulatory Agency if an IND application, or equivalent, is not required. If an IND application, or equivalent, is required, the regulatory application must be submitted to the relevant Regulatory Agency by the period of performance start date for applications recommended for funding. The IND application, or equivalent, should be specific for the product and indication to be tested in the proposed clinical trial. For more information on IND applications specifically, the FDA has provided guidance at https://www.fda.gov/drugs/types-applications/investigational-new-drug-ind-application.The funding instrument for awards made under the program announcement will be grants (31 USC 6304).The anticipated total costs budgeted for the entire period of performance for an FY24 DMRDP PTRCTA should not exceed $4.9M. Refer to Section II.D.5, Funding Restrictions, for detailed funding information.Awards supported with FY24 funds will be made no later than September 30, 2025.DHA R&E expects to allot approximately $9.8M to fund approximately two PTRCTA applications. The government reserves the right to fund additional applications submitted to this funding opportunity if FY25 funding is appropriated for this topic area. Funding of applications received is contingent upon the availability of federal funds for this program, the number of applications received, the quality and merit of the applications as evaluated by peer and programmatic review, and the requirements of the government. Funds to be obligated on any award resulting from this funding opportunity will be available for use for a limited time period based on the fiscal year of the funds. It is anticipated that awards made from this FY24 funding opportunity will be funded with FY24 funds, which will expire for use on September 30, 2030.","State governments; Public and State controlled institutions of higher education; Private institutions of higher education; Others (see text field entitled ""Additional Information on Eligibility"" for clarification)","the intent of the dmrdp ptrcta is to support clinical trials with eligible u.s. service members to evaluate treatments for post-traumatic stress disorder (ptsd) and/or traumatic brain injury (tbi) involving the use of covered psychedelic substances. applicants must select at least one of the two covered conditions (ptsd, tbi, or both) and one or more of the covered psychedelic substances listed below. treatment may involve the use of covered psychedelic substances alone or in conjunction with other evidence-based treatments. proposed projects may range from small proof-of-concept trials (e.g., pilot, first-in-human, phase 0) to demonstrate the feasibility or inform the design of more advanced trials, through large-scale trials to determine efficacy in relevant patient populations.covered psychedelic substances include:• 3,4-methylenedioxy-methamphetamine (commonly known as “mdma”)• psilocybin• ibogaine• 5-methoxy-n,n-dimethyltryptamine (commonly known as “5-meo-dmt”)• plant-based alternative therapiesper section 723 of the national defense authorization act for fiscal year 2024, the “secretary of defense may authorize any member of the armed forces serving on active duty who is diagnosed with a covered condition (ptsd or tbi) to participate in a clinical trial that is conducted using funding awarded under this section and is authorized pursuant to section 505 of the federal food, drug, and cosmetic act (21 u.s.c. 355), without regard to— (1) whether the clinical trial involves a substance included in the schedule under section 202 of the controlled substances act (21 u.s.c. 812); or (2) section 912a of title 10, united states code (article 112a of the uniform code of military justice).”military relevance and military service collaboration: applications from investigators within the military services and applications involving multidisciplinary collaborations among academia, industry, the military services, the u.s. department of veterans affairs (va), and other federal government agencies are highly encouraged. these relationships can leverage knowledge, infrastructure, and access to unique clinical populations that the collaborators bring to the research effort, ultimately advancing research that is of significance to service members, veterans, and/or their families. if the proposed research relies on access to unique resources or databases, the application must describe the access at the time of submission and include a plan for maintaining access as needed throughout the proposed research. a list of websites that may be useful in identifying potential opportunities for collaboration can be found in appendix ii.conducting dod-funded human research with military populations: there are unique requirements and prohibitions for compensating dod-affiliated personnel for study participation and for conducting research with military families/children and u.s. army special operations command populations. additional information about conducting dod-funded human research with military populations can be found at https://cdmrp.health.mil/pubs/pdf/conducting%20research%20military%20pop%20dod_funded_7nov2022.pdfcommon data elements and data sharing: the cdmrp intends that information, data, and research resources generated under this funding opportunity will be made available to the research community (including both the scientific and consumer advocacy communities) and the public at large. applicants are encouraged to incorporate common data elements (cdes) appropriate to each field of study, such as the phenx core and specialty collections and national institute of neurological disorders and stroke (ninds) tbi cdes. note that the cdmrp will not serve as the government sponsor or signatory on any data-sharing agreements.• ptsd researcho applicants are encouraged to consider the national institute of mental health (nimh) data archive (nda) as a data-sharing repository for psychological health human subjects data. the nda provides an infrastructure for sharing research data, tools, methods, and analyses enabling collaborative science and discovery. the nda’s mission is to accelerate scientific research and discovery through data sharing, data harmonization, and the reporting of research results. consult the nda website at https://nda.nih.gov for additional information.o while there is no direct charge to users of the nda, a project estimation tool is available to help estimate costs and manpower needs that may be associated with data submission.• tbi researcho applicants are required to share all tbi-related clinical research data with at least 50 subjects funded by this program through the jointly supported dod-national institutes of health (nih) federal interagency tbi research information system (fitbir). recipients will be required to upload study data annually and in accordance with the fitbir data submission policies. there is no fee to use fitbir, and detailed guidance and policies, including a cost estimator tool for budgeting considerations, can be found athttps://fitbir.nih.gov.o while there is no direct charge to users of the fitbir informatics system, a project estimation tool is available to help estimate costs and manpower needs that may be associated with data submission.women’s health: the cdmrp encourages research on health areas and conditions that affect women uniquely, disproportionately, or differently from men, including studies analyzing sex as a biological variable. such research should relate anticipated project findings to improvements in women's health outcomes and/or advancing knowledge for women's health.funding from this award mechanism must support a clinical trial and may not be used for animal or preclinical studies. a clinical trial is defined in the code of federal regulations, title 45, part 46.102 (45 cfr 46.102) as a research study in which one or more human subjects are prospectively assigned to one or more interventions (which may include a placebo or another control) to evaluate the effects of the interventions on biomedical or behavioral health-related outcomes.studies that do not seek to measure safety, effectiveness, and/or efficacy outcome(s) of an intervention are not considered clinical trials.for more information, a human subject resource document is provided at https://cdmrp.health.mil/pubs/pdf/human%20subjects%20resource%20document_dec2022.pdf.key aspects of the dmrdp ptrcta mechanism:• applicability to section 723 of the fy24 ndaa: the application must propose to address at least one of the two covered conditions (ptsd and/or tbi) and evaluate at least one of the covered psychedelic substances listed in section ii.b.• clinical trial start date: the proposed clinical trial is expected to begin no later than 6 months after the award date.• preliminary data are required: inclusion of preliminary data relevant to the proposed clinical trial is required.• study population: inclusion of active-duty service members, which may include members of the reserve components, is required. study populations other than service members will not be supported. while veterans are an important population, they are not the focus of this funding opportunity. the outcomes of the study are expected to benefit service members, veterans, and the general public. the application should demonstrate the availability of and access to a suitable population of u.s. service members that will support a meaningful outcome for the study. the application should include a discussion of how accrual goals will be achieved, as well as the strategy for inclusion of women and minorities in the clinical trial appropriate to the objectives of the study. • intervention availability: the application should demonstrate the documented availability of and access to the proposed psychedelic substance and other materials needed, as appropriate, for the proposed duration of the study.• personnel and environment: the application should demonstrate the study team’s expertise and experience in all aspects of conducting clinical trials and working with controlled substances, including appropriate statistical analysis, knowledge of u.s. food and drug administration (fda) processes (if applicable), enrolling military populations, and data management. the application should include a study coordinator(s) who will guide the clinical protocol through the local institutional review board (irb) of record and other federal agency regulatory approval processes, coordinate activities from all sites participating in the trial, and coordinate participant accrual. the application should show strong institutional support and, if applicable, a commitment to serve as the fda regulatory sponsor, ensuring all sponsor responsibilities described in 21 cfr 312, subpart d, are fulfilled.• statistical analysis and data management plans: the application should include a clearly articulated statistical analysis plan, a power analysis reflecting sample size projections that will answer the objectives of the study, and a data management plan that includes use of an appropriate database to safeguard and maintain the integrity of the data. if required by a regulatory agency, the trial must use a 21 cfr 11-compliant database and appropriate data standards.• drug enforcement agency (dea) scheduled substance application and licensure: applications must be made with the united states department of justice dea for work with controlled substances. the application should document the status of the dea application and licensure in attachment 9. additional information can be found at https://www.deadiversion.usdoj.gov/online_forms_apps.html.for the purposes of this funding opportunity, “regulatory agency” refers to the fda or any relevant international regulatory agency unless otherwise noted.if the proposed clinical trial involves the use of a drug that has not been approved by the relevant regulatory agency for the country where the research will be conducted, then submission of an investigational new drug (ind) application, or equivalent, that meets all requirements under 21 cfr 312 may be required. it is the responsibility of the applicant to provide evidence from the irb of record or the relevant regulatory agency if an ind application, or equivalent, is not required. if an ind application, or equivalent, is required, the regulatory application must be submitted to the relevant regulatory agency by the period of performance start date for applications recommended for funding. the ind application, or equivalent, should be specific for the product and indication to be tested in the proposed clinical trial. for more information on ind applications specifically, the fda has provided guidance at https://www.fda.gov/drugs/types-applications/investigational-new-drug-ind-application.the funding instrument for awards made under the program announcement will be grants (31 usc 6304).the anticipated total costs budgeted for the entire period of performance for an fy24 dmrdp ptrcta should not exceed $4.9m. refer to section ii.d.5, funding restrictions, for detailed funding information.awards supported with fy24 funds will be made no later than september 30, 2025.dha r&e expects to allot approximately $9.8m to fund approximately two ptrcta applications. the government reserves the right to fund additional applications submitted to this funding opportunity if fy25 funding is appropriated for this topic area. funding of applications received is contingent upon the availability of federal funds for this program, the number of applications received, the quality and merit of the applications as evaluated by peer and programmatic review, and the requirements of the government. funds to be obligated on any award resulting from this funding opportunity will be available for use for a limited time period based on the fiscal year of the funds. it is anticipated that awards made from this fy24 funding opportunity will be funded with fy24 funds, which will expire for use on september 30, 2030.",True,False
"=HYPERLINK(""https://www.grants.gov/search-results-detail/355708"",""LOME-ARDF-FY2023-0001"")",Africa Regional Democracy Fund,DOS-TGO,U.S. Mission to Togo,"Other (see text field entitled ""Explanation of Other Category of Funding Activity"" for clarification)",Civic Education,Grant,19.225 - Africa Regional Democracy Fund,500000.0,10.0,250000,50000,No,https://tg.usembassy.gov/wp-content/uploads/sites/220/2024-07-ARDF-Notice-of-Funding-Opportunity_Togo_DC-rev.pdf,U.S. Embassy Lome,,sshlome@state.gov,,,2024-07-29,08/28/2024,Jul-29-2024 01:10:45 PM EST,Synopsis 1,Archived,Yes,Yes,"The U.S. Embassy Lome through this Notice of Funding Opportunity, is pleased to announce an open competition for organizations to submit applications to carry out a program to promote inclusive civic engagement and bolster strong and independent democratic institutions. This program seeks to support broader inclusion, better transparency, increase accountability, empower vulnerable groups, and develop stronger institutions. Successful applicants mustpropose creative, ambitious solutions to improve Togo’s democracy. Proposals must focus on at least one of the following objectives. It is not necessary for a proposal to seek to address all of the below objectives.  Objective One: The policies, programs, and leadership of newly formed local councils are inclusive of marginalized groups.  Objective Two: Tools illuminating government records and financial information are widely available, easily usable, free of cost, and widely known so that citizens understand how Togo’s national and local governments raise and distribute public resources.Objective Three: Political misinformation and disinformation has been investigated and countered, and a cadre of investigators are empowered to continue promoting truth. Objective Four: Youth, women, and/or other marginalized groups lead civic organizing and political coalition building and train others in the same. ","Nonprofits having a 501(c)(3) status with the IRS, other than institutions of higher education; Nonprofits that do not have a 501(c)(3) status with the IRS, other than institutions of higher education","the u.s. embassy lome through this notice of funding opportunity, is pleased to announce an open competition for organizations to submit applications to carry out a program to promote inclusive civic engagement and bolster strong and independent democratic institutions. this program seeks to support broader inclusion, better transparency, increase accountability, empower vulnerable groups, and develop stronger institutions. successful applicants mustpropose creative, ambitious solutions to improve togo’s democracy. proposals must focus on at least one of the following objectives. it is not necessary for a proposal to seek to address all of the below objectives.  objective one: the policies, programs, and leadership of newly formed local councils are inclusive of marginalized groups.  objective two: tools illuminating government records and financial information are widely available, easily usable, free of cost, and widely known so that citizens understand how togo’s national and local governments raise and distribute public resources.objective three: political misinformation and disinformation has been investigated and countered, and a cadre of investigators are empowered to continue promoting truth. objective four: youth, women, and/or other marginalized groups lead civic organizing and political coalition building and train others in the same. ",True,False
"=HYPERLINK(""https://www.grants.gov/search-results-detail/355509"",""NIGER-STATE-WPS-2024-002-V2"")",Strengthening Women-Mediated Peace Processes in Tillaberi Region,DOS-NER,U.S. Mission to Niger,"Other (see text field entitled ""Explanation of Other Category of Funding Activity"" for clarification)",FY23 Economic Support Funds under the Foreign Assistance Act,Cooperative Agreement,19.222 - Trans-Sahara Counterterrorism Partnership (TSCTP),100000.0,1.0,100000,100000,No,https://ne.usembassy.gov/business/,Program Grants Unit,,niameygrants@state.gov,,,2024-07-19,08/05/2024,Jul-19-2024 07:47:37 AM EST,Synopsis 1,Archived,No,Yes,"PROGRAM DESCRIPTION
 The U.S. Embassy Niamey of the U.S. Department of State announces an open competition for organizations to submit applications to carry out a program to increase women’s participation as mediators in community peace processes in Tillaberi Region. Please follow all instructions below.
 
Priority Region: Tillaberi Region
 
Program Description and Objectives: 
In January 2023, community leaders in northern Tillaberi Region’s Bani Bangou Department signed a landmark peace agreement between the Fulani and Zarma ethnic groups. The peace agreement ended three years of cyclical intercommunal massacres exacerbated by the Islamic State of the Greater Sahara (IS-GS)’s vicious attacks and recruitment schemes in these localities. Six months later, Tuareg and Fulani leaders in neighboring Ouallam Department signed their own community peace accord to end similar intercommunal violence strategically spurred by IS-GS. Neither Bani Bangou nor Ouallam Department has experienced cyclical intercommunal massacres since the accords’ signature. The National Council for Safeguarding the Homeland (CNSP) has continued sponsoring the mediation of additional peace agreements in localities across northern Tillaberi Region since the coup d’etat in July 2023, targeting areas like Gourol Commune that have been devastated by intercommunal massacres, IS-GS warfare, and mass population displacement. 
 
Nigerien women did not serve as mediators in the negotiation of the Tillaberi Region peace accords. Instead, the men mediators held focus group discussions with women community members to incorporate their perspectives into their conflict analysis prior to the start of negotiations. This reflects a common trend in Nigerien peacebuilding and mediation: men lead and facilitate peace processes, involving women as passive informants and participants in the peace accord ceremonies. Peacebuilding interventions have had a transformative impact on the ability of women leaders in Tillaberi Region to mediate disputes and promote peace in their communities. Yet older men continue to dominate the mediation of community peace processes, ultimately leaving local patriarchal power structures untouched.
 
Prospective projects should respond to the following goal:
 
Women leaders will increase their participation in northern Tillaberi Region peace processes as mediators and institutionalize their leadership in partnership with national and local authorities by 2026.
 
Prospective projects should reflect a strong strategic vision with clearly defined procedures for overcoming gender inclusion barriers in northern Tillaberi peace processes. Prospective projects should build on previous women peacebuilding interventions in northern Tillaberi and work with local women leaders who have been already trained on mediation skills and conflict resolution. Applicants are strongly encouraged against holding new trainings for local women leaders and are instead advised to work with local women leaders who have previously received mediation training. Applicants are advised to focus on strategic activities that advance women’s integration into local peace process mediation. 
 
Possible project activities include:
-       Rapid gender inclusion assessment of northern Tillaberi Region peace processes
-       Gender inclusion strategy development for northern Tillaberi Region peace processes
-       Advocacy meetings to implement a peace process gender inclusion strategy
-       Gender-inclusive peace monitoring 
-       Public gender inclusion sensitization activities
 
Close collaboration with Nigerien authorities like the Ministry of Interior’s Stabilization Unit and the High Authority for the Consolidation of Peace (HACP) as well as other partners implementing peace process support activities in northern Tillaberi Region is essential for successful project implementation. The successful applicant will demonstrate a successful track record of gender inclusion in local peacebuilding and will have collaborated previously with national or local Nigerien authorities. Applicants should budget for quarterly meetings of a project advisory group that will ensure coordination with Nigerien authorities and other women, peace, and security implementing partners. 
 
Participants and Audiences:
The successful applicant will work with women leaders in northern Tillaberi Region who have been trained by previous peacebuilding and gender inclusion programs to co-design and implement gender inclusion activities. The successful applicant will build on pre-existing relationships with local and national Nigerien authorities, community leaders, and women’s leaders in northern Tillaberi Region to manage a broad coalition of partners critical to successful gender inclusion. ","Others (see text field entitled ""Additional Information on Eligibility"" for clarification)","program description
 the u.s. embassy niamey of the u.s. department of state announces an open competition for organizations to submit applications to carry out a program to increase women’s participation as mediators in community peace processes in tillaberi region. please follow all instructions below.
 
priority region: tillaberi region
 
program description and objectives: 
in january 2023, community leaders in northern tillaberi region’s bani bangou department signed a landmark peace agreement between the fulani and zarma ethnic groups. the peace agreement ended three years of cyclical intercommunal massacres exacerbated by the islamic state of the greater sahara (is-gs)’s vicious attacks and recruitment schemes in these localities. six months later, tuareg and fulani leaders in neighboring ouallam department signed their own community peace accord to end similar intercommunal violence strategically spurred by is-gs. neither bani bangou nor ouallam department has experienced cyclical intercommunal massacres since the accords’ signature. the national council for safeguarding the homeland (cnsp) has continued sponsoring the mediation of additional peace agreements in localities across northern tillaberi region since the coup d’etat in july 2023, targeting areas like gourol commune that have been devastated by intercommunal massacres, is-gs warfare, and mass population displacement. 
 
nigerien women did not serve as mediators in the negotiation of the tillaberi region peace accords. instead, the men mediators held focus group discussions with women community members to incorporate their perspectives into their conflict analysis prior to the start of negotiations. this reflects a common trend in nigerien peacebuilding and mediation: men lead and facilitate peace processes, involving women as passive informants and participants in the peace accord ceremonies. peacebuilding interventions have had a transformative impact on the ability of women leaders in tillaberi region to mediate disputes and promote peace in their communities. yet older men continue to dominate the mediation of community peace processes, ultimately leaving local patriarchal power structures untouched.
 
prospective projects should respond to the following goal:
 
women leaders will increase their participation in northern tillaberi region peace processes as mediators and institutionalize their leadership in partnership with national and local authorities by 2026.
 
prospective projects should reflect a strong strategic vision with clearly defined procedures for overcoming gender inclusion barriers in northern tillaberi peace processes. prospective projects should build on previous women peacebuilding interventions in northern tillaberi and work with local women leaders who have been already trained on mediation skills and conflict resolution. applicants are strongly encouraged against holding new trainings for local women leaders and are instead advised to work with local women leaders who have previously received mediation training. applicants are advised to focus on strategic activities that advance women’s integration into local peace process mediation. 
 
possible project activities include:
-       rapid gender inclusion assessment of northern tillaberi region peace processes
-       gender inclusion strategy development for northern tillaberi region peace processes
-       advocacy meetings to implement a peace process gender inclusion strategy
-       gender-inclusive peace monitoring 
-       public gender inclusion sensitization activities
 
close collaboration with nigerien authorities like the ministry of interior’s stabilization unit and the high authority for the consolidation of peace (hacp) as well as other partners implementing peace process support activities in northern tillaberi region is essential for successful project implementation. the successful applicant will demonstrate a successful track record of gender inclusion in local peacebuilding and will have collaborated previously with national or local nigerien authorities. applicants should budget for quarterly meetings of a project advisory group that will ensure coordination with nigerien authorities and other women, peace, and security implementing partners. 
 
participants and audiences:
the successful applicant will work with women leaders in northern tillaberi region who have been trained by previous peacebuilding and gender inclusion programs to co-design and implement gender inclusion activities. the successful applicant will build on pre-existing relationships with local and national nigerien authorities, community leaders, and women’s leaders in northern tillaberi region to manage a broad coalition of partners critical to successful gender inclusion. ",True,False
"=HYPERLINK(""https://www.grants.gov/search-results-detail/355508"",""NIGER-STATE-WPS-2024-001-V2"")",Civil-Military Collaboration in Diffa Region,DOS-NER,U.S. Mission to Niger,"Other (see text field entitled ""Explanation of Other Category of Funding Activity"" for clarification)",FY23 Economic Support Funds under the Foreign Assistance Act,Cooperative Agreement,19.222 - Trans-Sahara Counterterrorism Partnership (TSCTP),75000.0,1.0,75000,75000,No,https://ne.usembassy.gov/business/,Program Grants Unit,,niameygrants@state.gov,,,2024-07-19,08/05/2024,Jul-19-2024 07:34:31 AM EST,Synopsis 1,Archived,No,Yes,"PROGRAM DESCRIPTION
 The U.S. Embassy Niamey of the U.S. Department of State announces an open competition for organizations to submit applications to carry out a program to fortify relations between communities, women civil society leaders, and civilian security forces in Diffa Region. Please follow all instructions below.
 
Priority Region: Diffa Region
 
Program Description and Objectives: 
In 2021, the Trans-Saharan Counterterrorism Partnership-funded Nallewaro Project created both women-only and mixed-gender civilian-law enforcement networks that successfully integrated women into local conflict management processes. Following the Nallewaro Project closure in 2021, these networks continued to apply rapid-response mediation to intercommunal conflicts that threatened to destabilize violent extremist organization (VEO)-impacted localities in Diffa. As VEO attacks escalate in Diffa Region following the coup d’etat in July 2023, the Nallewaro women and mixed-gender security networks have continued to facilitate strong collaboration between communities and security forces. The post-coup d’etat change in regional government leadership, however, has stalled women’s integration into government security decision-making structures that would further institutionalize the Nallewaro women and mixed-gender security networks. 
 
Prospective projects should respond to the following goal:
 
Women leaders in Diffa Region will increase their participation and institutionalize their leadership in regional and departmental peace and security decision-making by 2026.
 
Prospective projects should reflect a strong strategic vision tailored to new security and political challenges in Diffa Region following the coup d’etat in July 2023. Prospective projects should build on previous Nallewaro Network activities and work to establish the network’s sustainability. Applicants are strongly encouraged against holding new trainings or duplicate activities from previous projects unless there is a newly identified need. Applicants are advised to focus on strategic activities that institutionalize the women’s and mixed gender Nallewaro Networks. Possible project activities include:
-       Rapid assessment of community-civilian security force collaboration and gender inclusion in Diffa Region post-July 2023
-       Women-led community security monitoring
-       Community-civilian security stakeholder dialogues
-       Public gender inclusion sensitization activities
 
Close collaboration with Nigerien authorities like the Ministry of Interior’s Stabilization Unit and the High Authority for the Consolidation of Peace (HACP) as well as other community policing partners in Diffa Region is essential for successful project implementation. The successful applicant will demonstrate a successful track record of gender inclusion in local peacebuilding and will have collaborated previously with national or local Nigerien authorities. Applicants should budget for quarterly meetings of a project advisory group that will ensure coordination with Nigerien authorities and other women, peace, and security implementing partners. 
 
Participants and Audiences:
The successful applicant will work with the Nallewaro Network in Diffa Region, which has been trained by previous peacebuilding and gender inclusion programs to co-design and implement gender inclusion activities. The successful applicant will build on pre-existing relationships with local and national Nigerien authorities, community leaders, and women’s leaders in Diffa Region to manage a broad coalition of partners critical to successful gender inclusion. 
 ","Others (see text field entitled ""Additional Information on Eligibility"" for clarification)","program description
 the u.s. embassy niamey of the u.s. department of state announces an open competition for organizations to submit applications to carry out a program to fortify relations between communities, women civil society leaders, and civilian security forces in diffa region. please follow all instructions below.
 
priority region: diffa region
 
program description and objectives: 
in 2021, the trans-saharan counterterrorism partnership-funded nallewaro project created both women-only and mixed-gender civilian-law enforcement networks that successfully integrated women into local conflict management processes. following the nallewaro project closure in 2021, these networks continued to apply rapid-response mediation to intercommunal conflicts that threatened to destabilize violent extremist organization (veo)-impacted localities in diffa. as veo attacks escalate in diffa region following the coup d’etat in july 2023, the nallewaro women and mixed-gender security networks have continued to facilitate strong collaboration between communities and security forces. the post-coup d’etat change in regional government leadership, however, has stalled women’s integration into government security decision-making structures that would further institutionalize the nallewaro women and mixed-gender security networks. 
 
prospective projects should respond to the following goal:
 
women leaders in diffa region will increase their participation and institutionalize their leadership in regional and departmental peace and security decision-making by 2026.
 
prospective projects should reflect a strong strategic vision tailored to new security and political challenges in diffa region following the coup d’etat in july 2023. prospective projects should build on previous nallewaro network activities and work to establish the network’s sustainability. applicants are strongly encouraged against holding new trainings or duplicate activities from previous projects unless there is a newly identified need. applicants are advised to focus on strategic activities that institutionalize the women’s and mixed gender nallewaro networks. possible project activities include:
-       rapid assessment of community-civilian security force collaboration and gender inclusion in diffa region post-july 2023
-       women-led community security monitoring
-       community-civilian security stakeholder dialogues
-       public gender inclusion sensitization activities
 
close collaboration with nigerien authorities like the ministry of interior’s stabilization unit and the high authority for the consolidation of peace (hacp) as well as other community policing partners in diffa region is essential for successful project implementation. the successful applicant will demonstrate a successful track record of gender inclusion in local peacebuilding and will have collaborated previously with national or local nigerien authorities. applicants should budget for quarterly meetings of a project advisory group that will ensure coordination with nigerien authorities and other women, peace, and security implementing partners. 
 
participants and audiences:
the successful applicant will work with the nallewaro network in diffa region, which has been trained by previous peacebuilding and gender inclusion programs to co-design and implement gender inclusion activities. the successful applicant will build on pre-existing relationships with local and national nigerien authorities, community leaders, and women’s leaders in diffa region to manage a broad coalition of partners critical to successful gender inclusion. 
 ",True,False
"=HYPERLINK(""https://www.grants.gov/search-results-detail/355528"",""RFA-HD-25-005"")",Women's Reproductive Health Research (WRHR) Career Development Program (K12 Clinical Trial Optional),HHS-NIH11,National Institutes of Health,Health; Income Security and Social Services,,Grant,93.313 - NIH Office of Research on Women's Health; 93.865 - Child Health and Human Development Extramural Research,,,none,none,No,http://grants.nih.gov/grants/guide/rfa-files/RFA-HD-25-005.html,"NIH Grants Information
grantsinfo@nih.gov",,grantsinfo@nih.gov,,,2024-07-19,11/15/2024,Jul-19-2024 02:29:21 PM EST,Synopsis 1,Archived,Yes,Yes,The purpose of this Notice of Funding Opportunity announcement (NOFO) issued by the Eunice Kennedy Shriver National Institute of Child Health and Human Development (NICHD) is to announce the re-competition of the Womens Reproductive Health Research (WRHR) Career Development Program. This national group of mentored institutional career development programs trains junior faculty who have recently completed postgraduate clinical training in obstetrics and gynecology and are committed to an independent research career in women's reproductive health. The goal of this program is to continue to build the national capacity of outstanding junior clinician-investigators who will strengthen the field of obstetrics and gynecology and contribute to the improvement of womens health.,"State governments; County governments; City or township governments; Special district governments; Independent school districts; Public and State controlled institutions of higher education; Native American tribal governments (Federally recognized); Public housing authorities/Indian housing authorities; Native American tribal organizations (other than Federally recognized tribal governments); Nonprofits having a 501(c)(3) status with the IRS, other than institutions of higher education; Nonprofits that do not have a 501(c)(3) status with the IRS, other than institutions of higher education; Private institutions of higher education; For profit organizations other than small businesses; Small businesses; Others (see text field entitled ""Additional Information on Eligibility"" for clarification)",the purpose of this notice of funding opportunity announcement (nofo) issued by the eunice kennedy shriver national institute of child health and human development (nichd) is to announce the re-competition of the womens reproductive health research (wrhr) career development program. this national group of mentored institutional career development programs trains junior faculty who have recently completed postgraduate clinical training in obstetrics and gynecology and are committed to an independent research career in women's reproductive health. the goal of this program is to continue to build the national capacity of outstanding junior clinician-investigators who will strengthen the field of obstetrics and gynecology and contribute to the improvement of womens health.,True,False
"=HYPERLINK(""https://www.grants.gov/search-results-detail/355510"",""NIGER-STATE-WPS-2024-003-V2"")",Strengthening Women-Led Community Policing in Maradi Region,DOS-NER,U.S. Mission to Niger,"Other (see text field entitled ""Explanation of Other Category of Funding Activity"" for clarification)",FY23 Economic Support Funds under the Foreign Assistance Act,Cooperative Agreement,19.222 - Trans-Sahara Counterterrorism Partnership (TSCTP),75000.0,1.0,75000,75000,No,https://ne.usembassy.gov/business/,Program Grants Unit,,niameygrants@state.gov,,,2024-07-19,08/05/2024,Jul-19-2024 07:53:59 AM EST,Synopsis 1,Archived,No,Yes,"PROGRAM DESCRIPTION
The U.S. Embassy Niamey of the U.S. Department of State announces an open competition for organizations to submit applications to carry out a program to increase women’s participation in security decision-making in Maradi Region. Please follow all instructions below.

Priority Region: Maradi Region

Program Description and Objectives: 
Armed banditry and transnational organized crime have surged along the Niger-Nigeria border in Maradi Region since the coup d’etat in July 2023. Armed banditry and transnational organized crime thrive on the criminal groups’ close relational ties to individuals in targeted communities. Women in criminally targeted communities have both extensive information and unique influence over these relational ties, which facilitate the selection of banditry targets as well as the planning and implementation of illicit trafficking and other transnational criminal activity that sustains violent extremist organizations (VEOs) like the Islamic State West Africa Province (ISWAP).
 
Prior to the coup d’etat, women civil society leaders in Maradi Region gained a hard-fought representative seat on the Maradi Regional Security Council due to the advocacy and training provided by the Trans-Sahara Counterterrorism Partnership- funded “Women Preventing Violent Extremism” Project. Unfortunately, the coup d’etat cost the women leaders their seat on the Council when the National Council for Safeguarding the Homeland (CNSP) replaced key advocates like the former Governor of Maradi Region and various local officials with new appointees who have not received gender mainstreaming training. 
 
The surge in armed banditry and transnational organized crime in Maradi Region necessitates renewed efforts to ensure that women civil society leaders secure formal representation in regional and departmental security councils and other deliberative bodies. The U.S. Embassy Niamey thus seeks applications to formalize women’s representation in regional and departmental security councils in Maradi Region. 
 
Prospective projects should respond to the following objective:
 
Women leaders in Maradi Region will increase and institutionalize their leadership in community policing and security decision-making by 2026.
 
Prospective projects should reflect a strong strategic vision with clearly defined procedures for institutionalizing women’s leadership in community policing and peace and security decision-making. Prospective projects should build on previous women-led peacebuilding interventions in Maradi Region—particularly those led by the Martaba Network—and work with local women leaders who have been already trained on mediation skills and countering violent extremism (CVE). Applicants are strongly encouraged against holding new trainings for local women leaders and are instead advised to work with local women leaders who have previously received mediation and CVE training. Applicants are advised to focus on strategic activities that advance women’s integration into local peace process mediation. 
 
Possible project activities include:
-       Rapid gender inclusion assessment of Maradi Region community policing and security decision-making
-       Gender inclusion strategy development for Maradi Region community policing and security decision-making
-       Advocacy meetings to implement a security decision-making gender inclusion strategy
-       Gender-inclusive peace monitoring 
-       Public gender inclusion sensitization activities
 
Close collaboration with Nigerien authorities like the Ministry of Interior’s Stabilization Unit and the High Authority for the Consolidation of Peace (HACP) as well as other partners implementing community policing activities in Maradi Region is essential for successful project implementation. The successful applicant will demonstrate a successful track record of gender inclusion in local peacebuilding and will have collaborated previously with national or local Nigerien authorities. Applicants should budget for quarterly meetings of a project advisory group that will ensure coordination with Nigerien authorities and other women, peace, and security implementing partners. 
 
Participants and Audiences:
The successful applicant will work with the Martaba Network of women community leaders in Maradi Region. The successful applicant will build on pre-existing relationships with local and national Nigerien authorities, community leaders, and women’s leaders in Maradi Region to manage a broad coalition of partners critical to successful gender inclusion. ","Others (see text field entitled ""Additional Information on Eligibility"" for clarification)","program description
the u.s. embassy niamey of the u.s. department of state announces an open competition for organizations to submit applications to carry out a program to increase women’s participation in security decision-making in maradi region. please follow all instructions below.

priority region: maradi region

program description and objectives: 
armed banditry and transnational organized crime have surged along the niger-nigeria border in maradi region since the coup d’etat in july 2023. armed banditry and transnational organized crime thrive on the criminal groups’ close relational ties to individuals in targeted communities. women in criminally targeted communities have both extensive information and unique influence over these relational ties, which facilitate the selection of banditry targets as well as the planning and implementation of illicit trafficking and other transnational criminal activity that sustains violent extremist organizations (veos) like the islamic state west africa province (iswap).
 
prior to the coup d’etat, women civil society leaders in maradi region gained a hard-fought representative seat on the maradi regional security council due to the advocacy and training provided by the trans-sahara counterterrorism partnership- funded “women preventing violent extremism” project. unfortunately, the coup d’etat cost the women leaders their seat on the council when the national council for safeguarding the homeland (cnsp) replaced key advocates like the former governor of maradi region and various local officials with new appointees who have not received gender mainstreaming training. 
 
the surge in armed banditry and transnational organized crime in maradi region necessitates renewed efforts to ensure that women civil society leaders secure formal representation in regional and departmental security councils and other deliberative bodies. the u.s. embassy niamey thus seeks applications to formalize women’s representation in regional and departmental security councils in maradi region. 
 
prospective projects should respond to the following objective:
 
women leaders in maradi region will increase and institutionalize their leadership in community policing and security decision-making by 2026.
 
prospective projects should reflect a strong strategic vision with clearly defined procedures for institutionalizing women’s leadership in community policing and peace and security decision-making. prospective projects should build on previous women-led peacebuilding interventions in maradi region—particularly those led by the martaba network—and work with local women leaders who have been already trained on mediation skills and countering violent extremism (cve). applicants are strongly encouraged against holding new trainings for local women leaders and are instead advised to work with local women leaders who have previously received mediation and cve training. applicants are advised to focus on strategic activities that advance women’s integration into local peace process mediation. 
 
possible project activities include:
-       rapid gender inclusion assessment of maradi region community policing and security decision-making
-       gender inclusion strategy development for maradi region community policing and security decision-making
-       advocacy meetings to implement a security decision-making gender inclusion strategy
-       gender-inclusive peace monitoring 
-       public gender inclusion sensitization activities
 
close collaboration with nigerien authorities like the ministry of interior’s stabilization unit and the high authority for the consolidation of peace (hacp) as well as other partners implementing community policing activities in maradi region is essential for successful project implementation. the successful applicant will demonstrate a successful track record of gender inclusion in local peacebuilding and will have collaborated previously with national or local nigerien authorities. applicants should budget for quarterly meetings of a project advisory group that will ensure coordination with nigerien authorities and other women, peace, and security implementing partners. 
 
participants and audiences:
the successful applicant will work with the martaba network of women community leaders in maradi region. the successful applicant will build on pre-existing relationships with local and national nigerien authorities, community leaders, and women’s leaders in maradi region to manage a broad coalition of partners critical to successful gender inclusion. ",True,False
"=HYPERLINK(""https://www.grants.gov/search-results-detail/355487"",""HT9425S24CRRPTRA"")","DoD Combat Readiness - Medical, Translational Research Award",DOD-AMRAA,Dept. of the Army -- USAMRAA,Science and Technology and other Research and Development,,Cooperative Agreement; Grant; Procurement Contract,12.420 - Military Medical Research and Development,3300000.0,3.0,none,none,No,,"CDMRP Help Desk
Phone:      301-682-5507
Email:       help@eBRAP.org",,help@eBRAP.org,,,2024-07-18,12/05/2024,Jul-18-2024 11:27:42 AM EST,Synopsis 1,Archived,Yes,Yes,"The intent of the FY24 CRRP TRA is to support high-impact translational research that will accelerate innovative ideas into clinical applications, including health care products, technologies, and/or practice guidelines. Research funded under this award mechanism will be hypothesis-driven, high-impact applied research that is relevant to Service Members, Veterans, their Families, and the American public.Applicants may leverage existing resources in translational research to address essential research ideas or unmet needs to enable the delivery of life-saving care to the Warfighter during prolonged and en route care in austere and combat environments. For this award mechanism, the definition of “leveraging” is as follows: an investigator basing a research project on existing resources in order to amplify potential gains in knowledge or accelerate technical maturity. Research of interest may include knowledge products, “knowledge resulting from research with the potential to improve individual or public health,”1 and solutions that can accelerate the introduction of military-relevant health products or technologies into clinical and/or operational use. Projects should take into consideration the varied expertise levels of targeted medical providers, available resources, and the possible diverse environmental conditions in combat situations. Proposal/application submissions are encouraged to include characteristics relevant to military use in the pre-hospital, combat operational setting. Submissions that propose solutions to advance civilian trauma care are not precluded, since civilian trauma and trauma care in the military are mutually influential and may be co-occurring in certain situations.Impact is a key component of this award mechanism. The potential impact of the research, both short term and long term, in addressing the FY24 CRRP Focus Area(s) should be clearly described. Successful high-impact research should lead to the accelerated translation of applicable advances for improving medical readiness, mitigating fatalities, optimally treating life-threatening injuries, and promoting positive long-term outcomes for military health and medicine, as well as the general public.Key aspects of the CRRP TRA Mechanism:•This BAA may be used to support applied, preclinical, clinical research, and/or small-scale clinical trials (e.g., first in human, phase 1/1b).•Preliminary data are required: Inclusion of preliminary data relevant to the proposed study is required.Applications in response to this BAA may not be used to support fundamental basic research. For this BAA, basic research is defined as research directed toward greater knowledge or understanding of the fundamental aspects of phenomena and of observable facts without specific applications toward process or products in mind. Applied and preclinical research, including animal studies, that is already supported by substantial preliminary or published data, and is designed to validate clinical translation, is appropriate for this award mechanism.Funding from this BAA may not be used to support studies requiring an exception from informed consent (EFIC).Funding from this BAA may not be used to support larger or advanced clinical trials (e.g., phase 2/3, pivotal).A clinical trial is defined in the Code of Federal Regulations, Title 45, Part 46.102 (45 CFR 46.102) as a research study in which one or more human subjects are prospectively assigned to one or more interventions (which may include a placebo or another control) to evaluate the effects of the interventions on biomedical or behavioral health-related outcomes.Studies that do not seek to measure safety, effectiveness, and/or efficacy outcome(s) of an intervention are not considered clinical trials.For the purposes of this funding opportunity, research that meets the definition of a clinical trial is distinct from clinical research. Clinical research encompasses research with human data, human specimens, and/or interaction with human subjects. Clinical research is observational in nature and includes:(1) Research conducted with human subjects and/or material of human origin such as data, specimens, and cognitive phenomena for which an investigator (or co-investigator) does not seek to assess the safety, effectiveness, and/or efficacy outcomes of an intervention. Research meeting this definition may include but is not limited to: (a) mechanisms of human disease, (b) diagnostic or detection studies (e.g., biomarker or imaging), (c) health disparity studies, and (d) development of new technologies.(2) Epidemiologic and behavioral studies that do not seek to assess the safety, effectiveness, and/or efficacy outcomes of an intervention.(3) Outcomes research and health services research that do not fit under the definition of clinical trial.Excluded from the definition of clinical research are in vitro studies that utilize human data or specimens that cannot be linked to a living individual and meet the requirements for exemption under §46.104(d)(4) of the Common Rule. Rigor of Experimental Design: All projects should adhere to a core set of standards for rigorous study design and reporting to maximize the reproducibility and translational potential of clinical and preclinical research. The standards are described in SC Landis, et al., 2012, A call for transparent reporting to optimize the predictive value of preclinical research, Nature 490:187-191 (https://www.nature.com/nature/journal/v490/n7419/full/nature11556.html). While these standards are written for preclinical studies, the basic principles of randomization, blinding, sample-size estimation, and data handling derive from well-established best practices in clinical studies.Women’s Health: The CDMRP encourages research on health areas and conditions that affect women uniquely, disproportionately, or differently from men, including studies analyzing sex as a biological variable. Such research should relate anticipated project findings to improvements in women's health outcomes and/or advancing knowledge for women’s health.Relevance to Military Health: Relevance to the health care needs the Warfighter ahead of deployment and in operational environments is a key feature of this award. Use of DOD or Department of VA Resources: Applications engaging investigators within the military Services and applications involving multidisciplinary collaborations among academia, industry, the military Services, the U.S. Department of Veterans Affairs (VA), and other federal government agencies are highly encouraged. These relationships can leverage knowledge, infrastructure, and access to unique clinical populations that the collaborators bring to the research effort, ultimately advancing research that is of significance to Service Members, Veterans, and/or their Families. If the proposed research relies on access to unique resources or databases, the application must describe the access at the time of submission and include a plan for maintaining access as needed throughout the proposed research.Innovative research involving nuclear medicine and related techniques to support early diagnosis, more effective treatment, and improved health outcomes of active-duty Service Members and their Families is encouraged. Such research could improve diagnostic and targeted treatment capabilities through noninvasive techniques and may drive the development of precision imaging and advanced targeted therapies.The CDMRP intends that information, data, and research resources generated under awards funded by this program announcement be made available to the research community (which includes both scientific and consumer advocacy communities) and to the public at large.The funding instrument for awards made under this BAA will be assistance agreements, contracts, or Other Transactions. The type of instrument used to reflect the business relationship between the organization and the government is at the discretion of the government, in accordance with the Federal Grant and Cooperative Agreement Act of 1977, as amended, 31 USC 6301-6308, which provides the legal criteria to select a procurement contract or an assistance agreement. The USAMRDC will also consider the use of Other Transactions (OTs) as a vehicle for award, in accordance with the conditions in 10 USC 4021 and 10 USC 4022.An assistance agreement can take the form of a grant or cooperative agreement. The level of involvement on the part of the CDMRP during the project’s period of performance is the key factor in determining whether to award a grant or cooperative agreement. If “no substantial involvement” on the part of the CDMRP is anticipated, a grant will be made (31 USC 6304). Conversely, if “substantial involvement” on the part of the CDMRP is anticipated, a cooperative agreement will be made (31 USC 6305). Substantial involvement means that, after award, CDMRP staff will assist, guide, coordinate, or participate in project activities.A contract is required when the principal purpose of the instrument is to acquire property or services for the direct benefit or use of the U.S. government (31 USC 6303).An “Other Transaction” is appropriate to carry out certain prototypes, research, and production projects (10 USC 4021 and 10 USC 4022). Other Transaction authorities were created to provide the flexibility necessary to adopt and incorporate business practices that reflect commercial industry standards and best practices into its award instruments.The award type, along with the start date, will be determined during the negotiation process.The anticipated total costs budgeted for the entire period of performance for an FY24 CRRP TRA Award should not exceed $1.1M. Refer to Section II.D.5, Funding Restrictions, for detailed funding information.Awards supported with FY24 funds will be made no later than September 30, 2025.The CDMRP expects to allot approximately $3.3M to fund approximately three CRRP TRA Awards. Funding of applications/proposals received is contingent upon the availability of federal funds for this program, the number of applications/proposals received, the quality and merit of the applications/proposals as evaluated by peer and programmatic review, and the requirements of the government. Funds to be obligated on any award resulting from this funding opportunity will be available for use for a limited time period based on the fiscal year of the funds. It is anticipated that awards made from this FY24 funding opportunity will be funded with FY24 funds, which will expire for use on September 30, 2030.","Unrestricted (i.e., open to any type of entity above), subject to any clarification in text field entitled ""Additional Information on Eligibility""","the intent of the fy24 crrp tra is to support high-impact translational research that will accelerate innovative ideas into clinical applications, including health care products, technologies, and/or practice guidelines. research funded under this award mechanism will be hypothesis-driven, high-impact applied research that is relevant to service members, veterans, their families, and the american public.applicants may leverage existing resources in translational research to address essential research ideas or unmet needs to enable the delivery of life-saving care to the warfighter during prolonged and en route care in austere and combat environments. for this award mechanism, the definition of “leveraging” is as follows: an investigator basing a research project on existing resources in order to amplify potential gains in knowledge or accelerate technical maturity. research of interest may include knowledge products, “knowledge resulting from research with the potential to improve individual or public health,”1 and solutions that can accelerate the introduction of military-relevant health products or technologies into clinical and/or operational use. projects should take into consideration the varied expertise levels of targeted medical providers, available resources, and the possible diverse environmental conditions in combat situations. proposal/application submissions are encouraged to include characteristics relevant to military use in the pre-hospital, combat operational setting. submissions that propose solutions to advance civilian trauma care are not precluded, since civilian trauma and trauma care in the military are mutually influential and may be co-occurring in certain situations.impact is a key component of this award mechanism. the potential impact of the research, both short term and long term, in addressing the fy24 crrp focus area(s) should be clearly described. successful high-impact research should lead to the accelerated translation of applicable advances for improving medical readiness, mitigating fatalities, optimally treating life-threatening injuries, and promoting positive long-term outcomes for military health and medicine, as well as the general public.key aspects of the crrp tra mechanism:•this baa may be used to support applied, preclinical, clinical research, and/or small-scale clinical trials (e.g., first in human, phase 1/1b).•preliminary data are required: inclusion of preliminary data relevant to the proposed study is required.applications in response to this baa may not be used to support fundamental basic research. for this baa, basic research is defined as research directed toward greater knowledge or understanding of the fundamental aspects of phenomena and of observable facts without specific applications toward process or products in mind. applied and preclinical research, including animal studies, that is already supported by substantial preliminary or published data, and is designed to validate clinical translation, is appropriate for this award mechanism.funding from this baa may not be used to support studies requiring an exception from informed consent (efic).funding from this baa may not be used to support larger or advanced clinical trials (e.g., phase 2/3, pivotal).a clinical trial is defined in the code of federal regulations, title 45, part 46.102 (45 cfr 46.102) as a research study in which one or more human subjects are prospectively assigned to one or more interventions (which may include a placebo or another control) to evaluate the effects of the interventions on biomedical or behavioral health-related outcomes.studies that do not seek to measure safety, effectiveness, and/or efficacy outcome(s) of an intervention are not considered clinical trials.for the purposes of this funding opportunity, research that meets the definition of a clinical trial is distinct from clinical research. clinical research encompasses research with human data, human specimens, and/or interaction with human subjects. clinical research is observational in nature and includes:(1) research conducted with human subjects and/or material of human origin such as data, specimens, and cognitive phenomena for which an investigator (or co-investigator) does not seek to assess the safety, effectiveness, and/or efficacy outcomes of an intervention. research meeting this definition may include but is not limited to: (a) mechanisms of human disease, (b) diagnostic or detection studies (e.g., biomarker or imaging), (c) health disparity studies, and (d) development of new technologies.(2) epidemiologic and behavioral studies that do not seek to assess the safety, effectiveness, and/or efficacy outcomes of an intervention.(3) outcomes research and health services research that do not fit under the definition of clinical trial.excluded from the definition of clinical research are in vitro studies that utilize human data or specimens that cannot be linked to a living individual and meet the requirements for exemption under §46.104(d)(4) of the common rule. rigor of experimental design: all projects should adhere to a core set of standards for rigorous study design and reporting to maximize the reproducibility and translational potential of clinical and preclinical research. the standards are described in sc landis, et al., 2012, a call for transparent reporting to optimize the predictive value of preclinical research, nature 490:187-191 (https://www.nature.com/nature/journal/v490/n7419/full/nature11556.html). while these standards are written for preclinical studies, the basic principles of randomization, blinding, sample-size estimation, and data handling derive from well-established best practices in clinical studies.women’s health: the cdmrp encourages research on health areas and conditions that affect women uniquely, disproportionately, or differently from men, including studies analyzing sex as a biological variable. such research should relate anticipated project findings to improvements in women's health outcomes and/or advancing knowledge for women’s health.relevance to military health: relevance to the health care needs the warfighter ahead of deployment and in operational environments is a key feature of this award. use of dod or department of va resources: applications engaging investigators within the military services and applications involving multidisciplinary collaborations among academia, industry, the military services, the u.s. department of veterans affairs (va), and other federal government agencies are highly encouraged. these relationships can leverage knowledge, infrastructure, and access to unique clinical populations that the collaborators bring to the research effort, ultimately advancing research that is of significance to service members, veterans, and/or their families. if the proposed research relies on access to unique resources or databases, the application must describe the access at the time of submission and include a plan for maintaining access as needed throughout the proposed research.innovative research involving nuclear medicine and related techniques to support early diagnosis, more effective treatment, and improved health outcomes of active-duty service members and their families is encouraged. such research could improve diagnostic and targeted treatment capabilities through noninvasive techniques and may drive the development of precision imaging and advanced targeted therapies.the cdmrp intends that information, data, and research resources generated under awards funded by this program announcement be made available to the research community (which includes both scientific and consumer advocacy communities) and to the public at large.the funding instrument for awards made under this baa will be assistance agreements, contracts, or other transactions. the type of instrument used to reflect the business relationship between the organization and the government is at the discretion of the government, in accordance with the federal grant and cooperative agreement act of 1977, as amended, 31 usc 6301-6308, which provides the legal criteria to select a procurement contract or an assistance agreement. the usamrdc will also consider the use of other transactions (ots) as a vehicle for award, in accordance with the conditions in 10 usc 4021 and 10 usc 4022.an assistance agreement can take the form of a grant or cooperative agreement. the level of involvement on the part of the cdmrp during the project’s period of performance is the key factor in determining whether to award a grant or cooperative agreement. if “no substantial involvement” on the part of the cdmrp is anticipated, a grant will be made (31 usc 6304). conversely, if “substantial involvement” on the part of the cdmrp is anticipated, a cooperative agreement will be made (31 usc 6305). substantial involvement means that, after award, cdmrp staff will assist, guide, coordinate, or participate in project activities.a contract is required when the principal purpose of the instrument is to acquire property or services for the direct benefit or use of the u.s. government (31 usc 6303).an “other transaction” is appropriate to carry out certain prototypes, research, and production projects (10 usc 4021 and 10 usc 4022). other transaction authorities were created to provide the flexibility necessary to adopt and incorporate business practices that reflect commercial industry standards and best practices into its award instruments.the award type, along with the start date, will be determined during the negotiation process.the anticipated total costs budgeted for the entire period of performance for an fy24 crrp tra award should not exceed $1.1m. refer to section ii.d.5, funding restrictions, for detailed funding information.awards supported with fy24 funds will be made no later than september 30, 2025.the cdmrp expects to allot approximately $3.3m to fund approximately three crrp tra awards. funding of applications/proposals received is contingent upon the availability of federal funds for this program, the number of applications/proposals received, the quality and merit of the applications/proposals as evaluated by peer and programmatic review, and the requirements of the government. funds to be obligated on any award resulting from this funding opportunity will be available for use for a limited time period based on the fiscal year of the funds. it is anticipated that awards made from this fy24 funding opportunity will be funded with fy24 funds, which will expire for use on september 30, 2030.",True,False
"=HYPERLINK(""https://www.grants.gov/search-results-detail/355420"",""72067424RFI00003"")",HIV Prevention among Adolescent Girls and Young Women and Other Vulnerable Youth Populations (North and South),USAID-SAF,South Africa USAID-Pretoria,Health,Request for Information (RFI),Other,98.001 - USAID Foreign Assistance for Programs Overseas,,,,,No,,pretoriaaplications@usaid.gov,+27124522000,pretoriaaplications@usaid.gov,,08/22/2024,2024-07-16,,Jul-16-2024 12:39:48 PM EST,Forecast 1,Archived,No,,"The United States Government, represented by the United States Agency for International Development (USAID) at its Mission in Southern Africa through the Bilateral Health Office (BHO) is publishing this Request for Information to obtain information and input from all interested entities, US and non-US organizations, on a potential future HIV Prevention among Adolescent Girls and Young Women and Other Vulnerable Youth Populations (North) Activity (also referred to as DREAMS North) and or HIV Prevention among Adolescent Girls and Young Women and Other Vulnerable Youth Populations (South) Activity (also referred to as DREAMS South). The information will be used to help make planning decisions and may inform activity design to improve future development outcomes. 
This Request for Information (RFI) is issued solely for information gathering purposes and is published inaccordance with FAR Part 10 and FAR 15.201(e).","Others (see text field entitled ""Additional Information on Eligibility"" for clarification)","the united states government, represented by the united states agency for international development (usaid) at its mission in southern africa through the bilateral health office (bho) is publishing this request for information to obtain information and input from all interested entities, us and non-us organizations, on a potential future hiv prevention among adolescent girls and young women and other vulnerable youth populations (north) activity (also referred to as dreams north) and or hiv prevention among adolescent girls and young women and other vulnerable youth populations (south) activity (also referred to as dreams south). the information will be used to help make planning decisions and may inform activity design to improve future development outcomes. 
this request for information (rfi) is issued solely for information gathering purposes and is published inaccordance with far part 10 and far 15.201(e).",True,False
"=HYPERLINK(""https://www.grants.gov/search-results-detail/355428"",""OFOP0001447"")",2025 AWE Alumnae Regional Summit,DOS-WHA,Bureau of Western Hemisphere Affairs,"Other (see text field entitled ""Explanation of Other Category of Funding Activity"" for clarification)",Entrepreneurship,Cooperative Agreement,19.022 - Educational and Cultural Exchange Programs Appropriation Overseas Grants,26000.0,1.0,26000,20000,Yes,https://mygrants.servicenowservices.com/mygrants?id=mygrants_form&table=x_g_usd4_o_grant_funding_opportunity&sys_id=af247cc54726c2104f681864336d43af&view=Default,nasausmallgrants@state.gov,,,,,2024-07-16,07/22/2024,Jul-16-2024 05:38:34 PM EST,Synopsis 1,Closed,No,No,"The U.S. Embassy Nassau’s Public Diplomacy (PD) section announces an open competition for organizations to submit applications to develop and organize a Regional Alumnae Summit for the Academy for Women Entrepreneurs (AWE) network throughout the Caribbean.  The PD section invites proposals from non-profit organizations, civil society organizations, and U.S. government alumni organizations to design and organize a summit to connect small and medium businesses of AWE Alumnae from across the Caribbean during a 2-day Summit in Nassau, The Bahamas in Spring 2025. This Summit will also provide a forum for AWE Alumnae to expand their professional network, share best practices and gain broader market access. In consultation with the U.S. Embassy Public Diplomacy team, the awardee is expected to organize all logistics for the Summit to include, but not limited to several deliverables.  Therefore, the proposal should clearly describe how each item below will be addressed:
•	Structure and Overall plan for the event.
•	The estimated Cost for the proposed Venue for the Summit.
•	Equipment (Equipment cannot account for more than 10% of the total project cost.)
•	Marketing plan 
•	Proposed 6 Conference Speakers and associated costs (this should include Bahamian, Caribbean and American Entrepreneurs as well as a Keynote Speaker.)
•	Travel Costs for participants from Family Islands.
•	A Business Expo opportunity for participants.
•	Opportunities for participants to scale up their businesses (ex. export, product development and scaling.)  
•	Cost Share (not required but looked upon favorably)
•	Public Private Partnerships
•	Pre and Post Surveys for participants (ex. To garner input for topics for summit)","Others (see text field entitled ""Additional Information on Eligibility"" for clarification)","the u.s. embassy nassau’s public diplomacy (pd) section announces an open competition for organizations to submit applications to develop and organize a regional alumnae summit for the academy for women entrepreneurs (awe) network throughout the caribbean.  the pd section invites proposals from non-profit organizations, civil society organizations, and u.s. government alumni organizations to design and organize a summit to connect small and medium businesses of awe alumnae from across the caribbean during a 2-day summit in nassau, the bahamas in spring 2025. this summit will also provide a forum for awe alumnae to expand their professional network, share best practices and gain broader market access. in consultation with the u.s. embassy public diplomacy team, the awardee is expected to organize all logistics for the summit to include, but not limited to several deliverables.  therefore, the proposal should clearly describe how each item below will be addressed:
•	structure and overall plan for the event.
•	the estimated cost for the proposed venue for the summit.
•	equipment (equipment cannot account for more than 10% of the total project cost.)
•	marketing plan 
•	proposed 6 conference speakers and associated costs (this should include bahamian, caribbean and american entrepreneurs as well as a keynote speaker.)
•	travel costs for participants from family islands.
•	a business expo opportunity for participants.
•	opportunities for participants to scale up their businesses (ex. export, product development and scaling.)  
•	cost share (not required but looked upon favorably)
•	public private partnerships
•	pre and post surveys for participants (ex. to garner input for topics for summit)",True,False
"=HYPERLINK(""https://www.grants.gov/search-results-detail/355384"",""PDS-ASHGABAT-AW-FY24-009"")",Alumni Small Grants (ASG),DOS-TKM,U.S. Mission to Turkmenistan,"Other (see text field entitled ""Explanation of Other Category of Funding Activity"" for clarification)",Public Diplomacy,Other,19.900 - AEECA/ESF PD Programs,,10.0,15000,5000,No,,"Public Diplomacy Section 
pdsashgabatgrants@state.gov",,pdsashgabatgrants@state.gov,,,2024-07-15,08/20/2024,Jul-15-2024 04:30:57 AM EST,Synopsis 3,Archived,Yes,Yes,"The U.S. Embassy in Ashgabat’s Public Diplomacy Section (PDS) of the U.S. Department of State is pleased to announce the availability of funding through the Alumni Small Grants Program. This opportunity is tailored to alumni of U.S. government-funded and U.S. government-sponsored (USG) exchanged programs and seeks projects aimed at enhancing the connections between the United States and Turkmenistan through innovative cultural and professional initiatives that emphasize shared values and promote bilateral cooperation. 
 
Projects are expected to:
-         Take place in Turkmenistan including in the American Corners in Dashoguz, Mary and Turkmenabat and American Center in Ashgabat.
-         Incorporate cultural elements or draw from the applicant’s U.S. exchange experience in a specific field.
-         Foster increased understanding of U.S. policy and perspectives.
 
Project Goal:  Strengthen the capacity of USG alumni, particularly youth from underserved communities in Turkmenistan to participate in economic, educational, and community service activities that emphasize shared values and bilateral cooperation by leveraging USG exchange alumni experience. 
 
Project Audience(s): Audiences may include students (at secondary and university levels), women and girls, journalists, media professionals, entrepreneurs, artists, musicians, and various underserved or vulnerable populations.
 
Grantees are also encouraged to host programming and take advantage of existing resources at American Center in Ashgabat and American Corners in Dashoguz, Mary and Turkmenabat.

Project Objectives: (Project proposals may address one or more of these objectives, or other objectives within the above policy priorities. NOTE: These are example objectives – PDS will also consider projects with different objectives targets that support the above project expectations.)
Objective 1: Increase alumni engagement through tailored capacity building trainings to support and strengthen the U.S.-Turkmenistan Alumni Association (USTAA).
 
Objective 2: Equip youth from rural and underserved communities with knowledge and skills related to Science, Technology, Engineering, Art, and Mathematics (STEAM).
 
Objective 3: Increase English language proficiency skills of youth and young adults from (at secondary and university levels) from Ahal, Balkan, Dashoguz, Mary and Lebap regions or young professionals of specific fields (for example tourism, sports, medicine, STEM) through training and interactive activities (grammar lessons, conversation practice, etc.).
 
Sub-objective 3.1. Increase English language instruction capacity (professional development for English language teachers through teacher trainings activities.
 
Objective 4. Build organizational capacity of civil society organizations to improve institutional accountability, transparency, and support for local communities across Turkmenistan.
 
Objective 5: Equip young adults with media literacy skills to recognize, analyze, and counteract mis/disinformation across various digital media platforms.
 
Objective 6: Increase awareness and willingness of participants to adopt sustainable practices in their daily lives through community dialogues or workshops on climate change and environmental sustainability.
 
Objective 7: Equip women, youth and/or residents of remote regions with business and entrepreneurship skills, such as financial literacy, risk management, marketing, and sales, through practical and hands-on training, mentorship, and internship opportunities. 

Objective 8: Increase the number of advocacy initiatives aimed at advancing the rights for people with disabilities by raising awareness, promoting inclusive policies, and engaging government stakeholders.
 
Objective 9: Increase participation of women and youth from vulnerable and marginalized groups, including persons with disabilities, in economic empowerment and civic engagement activities.

Applicants are encouraged to choose one or more project objectives listed above, or suggest their own project objectives, identify indicators that track success towards progress made towards objectives, and develop their own Monitoring and Evaluation (M&E) plans. 
Alumni grant proposals must support projects that address a tangible need in a community and have measurable outcomes. Applicants should be encouraged to develop partnerships with the public/private sector as well as local organizations, where applicable.
Below are examples of past Alumni Small grants funded projects: 
 
·        Summer and winter EnglishPalooza activities 
·        “Launch Life: Coding Bootcamp” for girls and women. 
·        “Technovation Girls Turkmenistan” for girls aged 8 to 18 
·        Annual Alumni Gala 
·        “Professional Navigator” for people with disabilities 
·        “From Disability to Chess-Ability”
·        Academic and professional lectures, seminars, training, and/or speaker programs. ","Others (see text field entitled ""Additional Information on Eligibility"" for clarification)","the u.s. embassy in ashgabat’s public diplomacy section (pds) of the u.s. department of state is pleased to announce the availability of funding through the alumni small grants program. this opportunity is tailored to alumni of u.s. government-funded and u.s. government-sponsored (usg) exchanged programs and seeks projects aimed at enhancing the connections between the united states and turkmenistan through innovative cultural and professional initiatives that emphasize shared values and promote bilateral cooperation. 
 
projects are expected to:
-         take place in turkmenistan including in the american corners in dashoguz, mary and turkmenabat and american center in ashgabat.
-         incorporate cultural elements or draw from the applicant’s u.s. exchange experience in a specific field.
-         foster increased understanding of u.s. policy and perspectives.
 
project goal:  strengthen the capacity of usg alumni, particularly youth from underserved communities in turkmenistan to participate in economic, educational, and community service activities that emphasize shared values and bilateral cooperation by leveraging usg exchange alumni experience. 
 
project audience(s): audiences may include students (at secondary and university levels), women and girls, journalists, media professionals, entrepreneurs, artists, musicians, and various underserved or vulnerable populations.
 
grantees are also encouraged to host programming and take advantage of existing resources at american center in ashgabat and american corners in dashoguz, mary and turkmenabat.

project objectives: (project proposals may address one or more of these objectives, or other objectives within the above policy priorities. note: these are example objectives – pds will also consider projects with different objectives targets that support the above project expectations.)
objective 1: increase alumni engagement through tailored capacity building trainings to support and strengthen the u.s.-turkmenistan alumni association (ustaa).
 
objective 2: equip youth from rural and underserved communities with knowledge and skills related to science, technology, engineering, art, and mathematics (steam).
 
objective 3: increase english language proficiency skills of youth and young adults from (at secondary and university levels) from ahal, balkan, dashoguz, mary and lebap regions or young professionals of specific fields (for example tourism, sports, medicine, stem) through training and interactive activities (grammar lessons, conversation practice, etc.).
 
sub-objective 3.1. increase english language instruction capacity (professional development for english language teachers through teacher trainings activities.
 
objective 4. build organizational capacity of civil society organizations to improve institutional accountability, transparency, and support for local communities across turkmenistan.
 
objective 5: equip young adults with media literacy skills to recognize, analyze, and counteract mis/disinformation across various digital media platforms.
 
objective 6: increase awareness and willingness of participants to adopt sustainable practices in their daily lives through community dialogues or workshops on climate change and environmental sustainability.
 
objective 7: equip women, youth and/or residents of remote regions with business and entrepreneurship skills, such as financial literacy, risk management, marketing, and sales, through practical and hands-on training, mentorship, and internship opportunities. 

objective 8: increase the number of advocacy initiatives aimed at advancing the rights for people with disabilities by raising awareness, promoting inclusive policies, and engaging government stakeholders.
 
objective 9: increase participation of women and youth from vulnerable and marginalized groups, including persons with disabilities, in economic empowerment and civic engagement activities.

applicants are encouraged to choose one or more project objectives listed above, or suggest their own project objectives, identify indicators that track success towards progress made towards objectives, and develop their own monitoring and evaluation (m&e) plans. 
alumni grant proposals must support projects that address a tangible need in a community and have measurable outcomes. applicants should be encouraged to develop partnerships with the public/private sector as well as local organizations, where applicable.
below are examples of past alumni small grants funded projects: 
 
·        summer and winter englishpalooza activities 
·        “launch life: coding bootcamp” for girls and women. 
·        “technovation girls turkmenistan” for girls aged 8 to 18 
·        annual alumni gala 
·        “professional navigator” for people with disabilities 
·        “from disability to chess-ability”
·        academic and professional lectures, seminars, training, and/or speaker programs. ",True,False
"=HYPERLINK(""https://www.grants.gov/search-results-detail/355392"",""DOS-CD-ARDF-FY23-001"")",Africa Regional Democracy Fund,DOS-COD,U.S. Mission to the Democratic Republic of Congo,"Other (see text field entitled ""Explanation of Other Category of Funding Activity"" for clarification)",Democracy and Governance,Grant,19.225 - Africa Regional Democracy Fund,500000.0,2.0,225000,100000,No,,"May Obolensky
Political Assistant
Grants Officer 
Phone: +243972-616-119",,PolGrantsKinshasa@state.gov,,,2024-07-15,08/11/2024,Jul-15-2024 10:40:16 AM EST,Synopsis 1,Archived,Yes,Yes,"A. PROJECT DESCRIPTION 
The U.S. Department of State, U.S. Embassy Kinshasa announces an Open Competition for organizations interested in submitting applications for projects that promote accountable, transparent, and democratic governance and promote and protect human rights and fundamental freedoms for all individuals. In this vein, selected projects will target youth and women interested in becoming political leaders in their communities and country. Projects will focus on education and empowerment, and will develop curricula, that cover civic engagement, peaceful participation in political processes, ethics in politics, community leadership and advocacy.
 
Goals
Projects should demonstrate systemic change and be designed to achieve the following objectives:
·        Objective 1: Inspire youth and women’s desire to participate in democratic processes by enlisting experienced youth and women in politics to develop a mentorship program. 
·        Objective 2: Develop entrepreneurial capacities of youth and women that contribute towards access to educational programs, creating sustainable income-generating activities, and paying for involvement in electoral processes. 
·        Objective 3: Inspire youth and women’s desire to participate in democratic processes by enlisting experienced youth and women in politics to develop a mentorship program. 
·        Objective 4: Develop entrepreneurial capacities of youth and women that contribute towards access to educational programs, creating sustainable income-generating activities, and paying for involvement in electoral processes. 
·        Objective 5: Establish centers of learning and capacity-building for open dialogue among youth and women, civil society, governments, and the communities they serve.
·        Objective 6: Empower key reformers and actors to promote access to justice, strengthen checks on executive power, and incorporate citizen-responsive governance to reduce corruption and improve the delivery of public services.
·        Objective 7: Provide technical support and integrate program with or leverage existing programs, local resources, and/or the activities of other donors.
","Public and State controlled institutions of higher education; Nonprofits having a 501(c)(3) status with the IRS, other than institutions of higher education; Nonprofits that do not have a 501(c)(3) status with the IRS, other than institutions of higher education; Private institutions of higher education","a. project description 
the u.s. department of state, u.s. embassy kinshasa announces an open competition for organizations interested in submitting applications for projects that promote accountable, transparent, and democratic governance and promote and protect human rights and fundamental freedoms for all individuals. in this vein, selected projects will target youth and women interested in becoming political leaders in their communities and country. projects will focus on education and empowerment, and will develop curricula, that cover civic engagement, peaceful participation in political processes, ethics in politics, community leadership and advocacy.
 
goals
projects should demonstrate systemic change and be designed to achieve the following objectives:
·        objective 1: inspire youth and women’s desire to participate in democratic processes by enlisting experienced youth and women in politics to develop a mentorship program. 
·        objective 2: develop entrepreneurial capacities of youth and women that contribute towards access to educational programs, creating sustainable income-generating activities, and paying for involvement in electoral processes. 
·        objective 3: inspire youth and women’s desire to participate in democratic processes by enlisting experienced youth and women in politics to develop a mentorship program. 
·        objective 4: develop entrepreneurial capacities of youth and women that contribute towards access to educational programs, creating sustainable income-generating activities, and paying for involvement in electoral processes. 
·        objective 5: establish centers of learning and capacity-building for open dialogue among youth and women, civil society, governments, and the communities they serve.
·        objective 6: empower key reformers and actors to promote access to justice, strengthen checks on executive power, and incorporate citizen-responsive governance to reduce corruption and improve the delivery of public services.
·        objective 7: provide technical support and integrate program with or leverage existing programs, local resources, and/or the activities of other donors.
",True,False
"=HYPERLINK(""https://www.grants.gov/search-results-detail/355373"",""OFOP0001514"")",Copy of 2025 AWE Alumnae Regional Summit,DOS-WHA,Bureau of Western Hemisphere Affairs,"Other (see text field entitled ""Explanation of Other Category of Funding Activity"" for clarification)",Entrepreneurship,Cooperative Agreement,19.022 - Educational and Cultural Exchange Programs Appropriation Overseas Grants,22400.0,1.0,22400,20000,Yes,https://mygrants.servicenowservices.com/mygrants?id=mygrants_form&table=x_g_usd4_o_grant_funding_opportunity&sys_id=dc6df86a1b9b8ad0e02962cae54bcbc8&view=Default,nasausmallgrants@state.gov,,,,,2024-07-12,07/22/2024,Jul-12-2024 12:46:35 PM EST,Synopsis 1,Closed,No,No,"The U.S. Embassy Nassau’s Public Diplomacy (PD) section announces an open competition for organizations to submit applications to develop and organize a Regional Alumnae Summit for the Academy for Women Entrepreneurs (AWE) network throughout the Caribbean.  The PD section invites proposals from non-profit organizations, civil society organizations, and U.S. government alumni organizations to design and organize a summit to connect small and medium businesses of AWE Alumnae from across the Caribbean during a 2-day Summit in Nassau, The Bahamas in Spring 2025. This Summit will also provide a forum for AWE Alumnae to expand their professional network, share best practices and gain broader market access. In consultation with the U.S. Embassy Public Diplomacy team, the awardee is expected to organize all logistics for the Summit to include, but not limited to several deliverables.  Therefore, the proposal should clearly describe how each item below will be addressed:
•	Structure and Overall plan for the event.
•	The estimated Cost for the proposed Venue for the Summit.
•	Equipment (Equipment cannot account for more than 10% of the total project cost.)
•	Marketing plan 
•	Proposed 6 Conference Speakers and associated costs (this should include Bahamian, Caribbean and American Entrepreneurs as well as a Keynote Speaker.)
•	Travel Costs for participants from Family Islands.
•	A Business Expo opportunity for participants.
•	Opportunities for participants to scale up their businesses (ex. export, product development and scaling.)  
•	Cost Share (not required but looked upon favorably)
•	Public Private Partnerships
•	Pre and Post Surveys for participants (ex. To garner input for topics for summit)","Others (see text field entitled ""Additional Information on Eligibility"" for clarification)","the u.s. embassy nassau’s public diplomacy (pd) section announces an open competition for organizations to submit applications to develop and organize a regional alumnae summit for the academy for women entrepreneurs (awe) network throughout the caribbean.  the pd section invites proposals from non-profit organizations, civil society organizations, and u.s. government alumni organizations to design and organize a summit to connect small and medium businesses of awe alumnae from across the caribbean during a 2-day summit in nassau, the bahamas in spring 2025. this summit will also provide a forum for awe alumnae to expand their professional network, share best practices and gain broader market access. in consultation with the u.s. embassy public diplomacy team, the awardee is expected to organize all logistics for the summit to include, but not limited to several deliverables.  therefore, the proposal should clearly describe how each item below will be addressed:
•	structure and overall plan for the event.
•	the estimated cost for the proposed venue for the summit.
•	equipment (equipment cannot account for more than 10% of the total project cost.)
•	marketing plan 
•	proposed 6 conference speakers and associated costs (this should include bahamian, caribbean and american entrepreneurs as well as a keynote speaker.)
•	travel costs for participants from family islands.
•	a business expo opportunity for participants.
•	opportunities for participants to scale up their businesses (ex. export, product development and scaling.)  
•	cost share (not required but looked upon favorably)
•	public private partnerships
•	pre and post surveys for participants (ex. to garner input for topics for summit)",True,False
"=HYPERLINK(""https://www.grants.gov/search-results-detail/355340"",""HT942524KCRPCTA"")","DoD Kidney Cancer, Clinical Trial Award",DOD-AMRAA,Dept. of the Army -- USAMRAA,Science and Technology and other Research and Development,,Grant,12.420 - Military Medical Research and Development,6400000.0,2.0,none,none,No,,"CDMRP Help Desk
Phone:      301-682-5507
Email:       help@eBRAP.org",,help@eBRAP.org,,,2024-07-11,10/15/2024,Jul-11-2024 12:44:02 PM EST,Synopsis 1,Archived,Yes,Yes,"The KCRP Clinical Trial Award supports the rapid implementation of clinical trials with the potential to have a significant impact on the treatment or management of kidney cancer. Clinical trials may be designed to evaluate promising new products, pharmacologic agents (drugs or biologics), devices, clinical guidance, and/or emerging approaches and technologies. Proposed projects may range from small proof-of-concept trials (e.g., pilot, first-in-human, phase 0) to demonstrate the feasibility or inform the design of more advanced trials through large-scale trials to determine efficacy in relevant patient populations.Key aspects of the KCRP Clinical Trial Award Mechanism:• Clinical Trial Start Date: The proposed clinical trial is expected to begin no later than 12 months after the award date or 18 months after the award date for studies regulated by the Regulatory Agency.• Preliminary Data Are Required: Inclusion of preliminary data relevant to the proposed clinical trial is required.• Study Population: The application should demonstrate the availability of and access to a suitable patient population that will support a meaningful outcome for the study. The application should include a discussion of how accrual goals will be achieved, as well as the strategy for inclusion of women and minorities in the clinical trial appropriate to the objectives of the study. Studies utilizing human biospecimens or datasets that cannot be linked to a specific individual, gender, ethnicity, or race (typically classified as exempt from Institutional Review Board [IRB] review) are exempt from this requirement.• Intervention Availability: The application should demonstrate the documented availability of and access to the drug/compound, device, and/or other materials needed, as appropriate, for the proposed duration of the study.• Personnel and Environment: The application should demonstrate the study team’s expertise and experience in all aspects of conducting clinical trials, including appropriate statistical analysis, knowledge of U.S. Food and Drug Administration (FDA) processes (if applicable), and data management. The application should include a study coordinator(s) who will guide the clinical protocol through the local IRB of record and other federal agency regulatory approval processes, coordinate activities from all sites participating in the trial, and coordinate participant accrual. The application should show strong institutional support and, if applicable, a commitment to serve as the FDA regulatory sponsor, ensuring all sponsor responsibilities described in Code of Federal Regulations, Title 21, Part 312, Subpart D (21 CFR 312.D), are fulfilled.• Statistical Analysis and Data Management Plans: The application should include a clearly articulated statistical analysis plan, a power analysis reflecting sample size projections that will answer the objectives of the study, and a data management plan that includes use of an appropriate database to safeguard and maintain the integrity of the data. If required by a Regulatory Agency, the trial must use a 21 CFR 11-compliant database and appropriate data standards.Organizational-Level Emphasis:The following areas of emphasis are broadly applicable to many CDMRP programs, not just the KCRP. Investigators are encouraged to consider addressing these areas in their applications if doing so is appropriate for their line of research and addresses the FY24 KCRP strategic priorities and/focus areas described in Section II.A.1 and Section II.A.2.Nuclear Medicine: Innovative research involving nuclear medicine and related techniques to support early diagnosis, more effective treatment, and improved health outcomes of active-duty Service Members and their Families is encouraged. Such research could improve diagnostic and targeted treatment capabilities through noninvasive techniques and may drive the development of precision imaging and advanced targeted therapies.Women’s Health: CDMRP encourages research on health areas and conditions that affect women uniquely, disproportionately, or differently from men, including studies analyzing sex as a biological variable. Such research should relate anticipated project findings to improvements in women’s health outcomes and/or advancing knowledge for women’s health.Metastatic Cancer Task Force: A congressionally mandated Metastatic Cancer Task Force was formed with the purpose of identifying ways to help accelerate clinical and translational research aimed at extending the lives of advanced state and recurrent patients. As a member of the Metastatic Cancer Task Force, CDMRP encourages applicants to review the recommendations (https://health.mil/Reference-Center/Congressional-Testimonies/2018/05/03/Metastatic-Cancer-Research) and submit research ideas to address these recommendations provided they are within the limitations of this funding opportunity and fit within the FY24 KCRP priorities.Rigorous Study Design: All projects should adhere to a core set of standards for rigorous study design and reporting to maximize the reproducibility and translational potential of clinical and preclinical research. The standards are described in SC Landis et al., 2012, A call for transparent reporting to optimize the predictive value of preclinical research, Nature 490:187-191 (https://www.nature.com/nature/journal/v490/n7419/full/nature11556.html). While these standards are written for preclinical studies, the basic principles of randomization, blinding, sample-size estimation, and data handling derive from well-established best practices in clinical studies.Military Service Involvement: Applications from investigators within the military services and applications involving multidisciplinary collaborations among academia, industry, the military services, the U.S. Department of Veterans Affairs (VA), and other federal government agencies are highly encouraged. These relationships can leverage knowledge, infrastructure, and access to unique clinical populations that the collaborators bring to the research effort, ultimately advancing research that is of significance to Service Members, Veterans, and/or their Families. If the proposed research relies on access to unique resources or databases, the application must describe the access at the time of submission and include a plan for maintaining access as needed throughout the proposed research. Funding from this award mechanism must support a clinical trial. A clinical trial is defined in 45 CFR 46.102 as a research study in which one or more human subjects are prospectively assigned to one or more interventions (which may include a placebo or another control) to evaluate the effects of the interventions on biomedical or behavioral health-related outcomes.Studies that do not seek to measure safety, effectiveness, and/or efficacy outcome(s) of an intervention are not considered clinical trials.Applicants seeking funding for research that does not meet this definition should consider one of the other FY24 KCRP program announcements being offered.For more information, a Human Subject Resource Document is provided at https://cdmrp.health.mil/pubs/pdf/Human%20Subjects%20Resource%20Document_DEC2022.pdf.For the purposes of this funding opportunity, Regulatory Agency refers to the FDA or any relevant international regulatory agency unless otherwise noted.If the proposed clinical trial involves the use of a drug that has not been approved by the relevant Regulatory Agency for the country where the research will be conducted, then submission of an Investigational New Drug (IND) application, or equivalent, that meets all requirements under 21 CFR 312 may be required. It is the responsibility of the applicant to provide evidence from the IRB of record or the relevant Regulatory Agency if an IND, or equivalent, is not required. If an IND, or equivalent, is required, the regulatory application must be submitted to the relevant regulatory agency by the Clinical Trial Award application submission deadline. The IND, or equivalent, should be specific for the product and indication to be tested in the proposed clinical trial. For more information on IND applications specifically, the FDA has provided guidance at https://www.fda.gov/drugs/types-applications/investigational-new-drug-ind-application.If the investigational product is a device, then submission of an Investigational Device Exemption (IDE), or equivalent, application that meets all requirements under 21 CFR 812 may be required. It is the responsibility of the applicant to provide evidence if an IDE, or equivalent, is not required. If an IDE, or equivalent, is required, the IDE application, or equivalent, must be submitted to the relevant Regulatory Agency by the Clinical Trial Award application submission deadline. The IDE, or equivalent, should be specific for the device and indication to be tested in the proposed clinical trial.The funding instrument for awards made under the program announcement will be grants (31 USC 6304).The anticipated direct costs budgeted for the entire period of performance for an FY24 KCRP CTA should not exceed $2,000,000. Refer to Section II.D.5, Funding Restrictions, for detailed funding information.Awards supported with FY24 funds will be made no later than September 30, 2025.The CDMRP expects to allot approximately $6.4M to fund approximately two Clinical Trial Award applications. Funding of applications received is contingent upon the availability of federal funds for this program, the number of applications received, the quality and merit of the applications as evaluated by peer and programmatic review, and the requirements of the government. Funds to be obligated on any award resulting from this funding opportunity will be available for use for a limited time period based on the fiscal year of the funds. It is anticipated that awards made from this FY24 funding opportunity will be funded with FY24 funds, which will expire for use on September 30, 2030.","Unrestricted (i.e., open to any type of entity above), subject to any clarification in text field entitled ""Additional Information on Eligibility""","the kcrp clinical trial award supports the rapid implementation of clinical trials with the potential to have a significant impact on the treatment or management of kidney cancer. clinical trials may be designed to evaluate promising new products, pharmacologic agents (drugs or biologics), devices, clinical guidance, and/or emerging approaches and technologies. proposed projects may range from small proof-of-concept trials (e.g., pilot, first-in-human, phase 0) to demonstrate the feasibility or inform the design of more advanced trials through large-scale trials to determine efficacy in relevant patient populations.key aspects of the kcrp clinical trial award mechanism:• clinical trial start date: the proposed clinical trial is expected to begin no later than 12 months after the award date or 18 months after the award date for studies regulated by the regulatory agency.• preliminary data are required: inclusion of preliminary data relevant to the proposed clinical trial is required.• study population: the application should demonstrate the availability of and access to a suitable patient population that will support a meaningful outcome for the study. the application should include a discussion of how accrual goals will be achieved, as well as the strategy for inclusion of women and minorities in the clinical trial appropriate to the objectives of the study. studies utilizing human biospecimens or datasets that cannot be linked to a specific individual, gender, ethnicity, or race (typically classified as exempt from institutional review board [irb] review) are exempt from this requirement.• intervention availability: the application should demonstrate the documented availability of and access to the drug/compound, device, and/or other materials needed, as appropriate, for the proposed duration of the study.• personnel and environment: the application should demonstrate the study team’s expertise and experience in all aspects of conducting clinical trials, including appropriate statistical analysis, knowledge of u.s. food and drug administration (fda) processes (if applicable), and data management. the application should include a study coordinator(s) who will guide the clinical protocol through the local irb of record and other federal agency regulatory approval processes, coordinate activities from all sites participating in the trial, and coordinate participant accrual. the application should show strong institutional support and, if applicable, a commitment to serve as the fda regulatory sponsor, ensuring all sponsor responsibilities described in code of federal regulations, title 21, part 312, subpart d (21 cfr 312.d), are fulfilled.• statistical analysis and data management plans: the application should include a clearly articulated statistical analysis plan, a power analysis reflecting sample size projections that will answer the objectives of the study, and a data management plan that includes use of an appropriate database to safeguard and maintain the integrity of the data. if required by a regulatory agency, the trial must use a 21 cfr 11-compliant database and appropriate data standards.organizational-level emphasis:the following areas of emphasis are broadly applicable to many cdmrp programs, not just the kcrp. investigators are encouraged to consider addressing these areas in their applications if doing so is appropriate for their line of research and addresses the fy24 kcrp strategic priorities and/focus areas described in section ii.a.1 and section ii.a.2.nuclear medicine: innovative research involving nuclear medicine and related techniques to support early diagnosis, more effective treatment, and improved health outcomes of active-duty service members and their families is encouraged. such research could improve diagnostic and targeted treatment capabilities through noninvasive techniques and may drive the development of precision imaging and advanced targeted therapies.women’s health: cdmrp encourages research on health areas and conditions that affect women uniquely, disproportionately, or differently from men, including studies analyzing sex as a biological variable. such research should relate anticipated project findings to improvements in women’s health outcomes and/or advancing knowledge for women’s health.metastatic cancer task force: a congressionally mandated metastatic cancer task force was formed with the purpose of identifying ways to help accelerate clinical and translational research aimed at extending the lives of advanced state and recurrent patients. as a member of the metastatic cancer task force, cdmrp encourages applicants to review the recommendations (https://health.mil/reference-center/congressional-testimonies/2018/05/03/metastatic-cancer-research) and submit research ideas to address these recommendations provided they are within the limitations of this funding opportunity and fit within the fy24 kcrp priorities.rigorous study design: all projects should adhere to a core set of standards for rigorous study design and reporting to maximize the reproducibility and translational potential of clinical and preclinical research. the standards are described in sc landis et al., 2012, a call for transparent reporting to optimize the predictive value of preclinical research, nature 490:187-191 (https://www.nature.com/nature/journal/v490/n7419/full/nature11556.html). while these standards are written for preclinical studies, the basic principles of randomization, blinding, sample-size estimation, and data handling derive from well-established best practices in clinical studies.military service involvement: applications from investigators within the military services and applications involving multidisciplinary collaborations among academia, industry, the military services, the u.s. department of veterans affairs (va), and other federal government agencies are highly encouraged. these relationships can leverage knowledge, infrastructure, and access to unique clinical populations that the collaborators bring to the research effort, ultimately advancing research that is of significance to service members, veterans, and/or their families. if the proposed research relies on access to unique resources or databases, the application must describe the access at the time of submission and include a plan for maintaining access as needed throughout the proposed research. funding from this award mechanism must support a clinical trial. a clinical trial is defined in 45 cfr 46.102 as a research study in which one or more human subjects are prospectively assigned to one or more interventions (which may include a placebo or another control) to evaluate the effects of the interventions on biomedical or behavioral health-related outcomes.studies that do not seek to measure safety, effectiveness, and/or efficacy outcome(s) of an intervention are not considered clinical trials.applicants seeking funding for research that does not meet this definition should consider one of the other fy24 kcrp program announcements being offered.for more information, a human subject resource document is provided at https://cdmrp.health.mil/pubs/pdf/human%20subjects%20resource%20document_dec2022.pdf.for the purposes of this funding opportunity, regulatory agency refers to the fda or any relevant international regulatory agency unless otherwise noted.if the proposed clinical trial involves the use of a drug that has not been approved by the relevant regulatory agency for the country where the research will be conducted, then submission of an investigational new drug (ind) application, or equivalent, that meets all requirements under 21 cfr 312 may be required. it is the responsibility of the applicant to provide evidence from the irb of record or the relevant regulatory agency if an ind, or equivalent, is not required. if an ind, or equivalent, is required, the regulatory application must be submitted to the relevant regulatory agency by the clinical trial award application submission deadline. the ind, or equivalent, should be specific for the product and indication to be tested in the proposed clinical trial. for more information on ind applications specifically, the fda has provided guidance at https://www.fda.gov/drugs/types-applications/investigational-new-drug-ind-application.if the investigational product is a device, then submission of an investigational device exemption (ide), or equivalent, application that meets all requirements under 21 cfr 812 may be required. it is the responsibility of the applicant to provide evidence if an ide, or equivalent, is not required. if an ide, or equivalent, is required, the ide application, or equivalent, must be submitted to the relevant regulatory agency by the clinical trial award application submission deadline. the ide, or equivalent, should be specific for the device and indication to be tested in the proposed clinical trial.the funding instrument for awards made under the program announcement will be grants (31 usc 6304).the anticipated direct costs budgeted for the entire period of performance for an fy24 kcrp cta should not exceed $2,000,000. refer to section ii.d.5, funding restrictions, for detailed funding information.awards supported with fy24 funds will be made no later than september 30, 2025.the cdmrp expects to allot approximately $6.4m to fund approximately two clinical trial award applications. funding of applications received is contingent upon the availability of federal funds for this program, the number of applications received, the quality and merit of the applications as evaluated by peer and programmatic review, and the requirements of the government. funds to be obligated on any award resulting from this funding opportunity will be available for use for a limited time period based on the fiscal year of the funds. it is anticipated that awards made from this fy24 funding opportunity will be funded with fy24 funds, which will expire for use on september 30, 2030.",True,False
"=HYPERLINK(""https://www.grants.gov/search-results-detail/355337"",""HT942524KCRPAKCIECSA"")","DoD Kidney Cancer, Academy of Kidney Cancer Investigators - Early-Career Scholar Award",DOD-AMRAA,Dept. of the Army -- USAMRAA,Science and Technology and other Research and Development,,Grant,12.420 - Military Medical Research and Development,2320000.0,2.0,none,none,No,,"CDMRP Help Desk
Phone:      301-682-5507
Email:       help@eBRAP.org",,help@eBRAP.org,,,2024-07-11,10/15/2024,Jul-11-2024 11:44:19 AM EST,Synopsis 1,Archived,Yes,Yes,"The Academy of Kidney Cancer Investigators (AKCI) is a virtual research capacity building and research mentoring platform that consists of Early-Career Scholar (ECS)/Designated Mentor pairs from different institutions and an Academy Leadership Team. The KCRP AKCIECSA is not a traditional career development award; the ECS is expected to conduct research, participate in monthly webinars, and annual workshops, and communicate and collaborate with other members of the Academy (other Early-Career Scholars, mentors, Academy Leadership Team) as well as with the kidney cancer advocacy community.The KCRP Academy of Kidney Cancer Investigators – Early-Career Scholar Award supports a unique, interactive virtual academy providing intensive mentoring, national networking, collaborations, and a peer group for junior faculty emerging as potential leaders of kidney cancer research. The overarching goal of the AKCI is to advance kidney cancer research through development of highly productive kidney cancer researchers in a collaborative research and career development environment.The Academy Leadership Team, consisting of Academy Director and Deputy Director, serves as a resource for the ECS and mentors, assessing the progress of the ECS and facilitating communication and collaboration among all of the Early-Career Scholars and Designated Mentors, as well as with research and advocacy communities. In addition to fostering ECS scientific development, the AKCI, through its leadership by the Academy Leadership Team, provides professional and leadership development of the ECS to include skills and competencies needed to fund and manage a productive laboratory or research team.This FY24 program announcement is soliciting Early-Career Scholars and Designated Mentors to join the existing Academy of Kidney Cancer Investigators. This award mechanism enables the ECS (the Scholar named as the Principal Investigator [PI] on the application) to pursue a kidney cancer project that may be basic, translational, and/or clinical research. The Designated Mentor is not required to be at the same institution as the ECS.The KCRP encourages applications from Early-Career Scholars whose ability to commit to conducting kidney cancer research is limited by minimal resources or a lack of resources, such as a qualified Designated Mentor at their institution, access to kidney cancer research tools, opportunities for establishing collaborations, or other obstacles, which should be identified in the application.Preliminary data to support the feasibility of the research applications and approaches are required; however, this data does not necessarily need to be derived from the kidney cancer research field.The ECS must be in the early-career stage. This award provides the ECS with funding, networking and collaborative opportunities, and research experience necessary to develop and sustain a successful, independent career at the forefront of kidney cancer research. This award also provides support and protected time for the ECS for 4 years of intensive research under the guidance of a Designated Mentor experienced in kidney cancer research. Although the AKCI will serve as a conduit to share knowledge and research experience among all Academy members, the ECS and Designated Mentor will be responsible for developing the career development plans of the ECS and for designing and executing the proposed research. The ECS must clearly articulate their commitment to a career as a kidney cancer researcher and to participating in and contributing to the growth of the AKCI.The Designated Mentor must have a strong record of mentoring and training early-career investigators. With the goal to expand and enrich mentorship capacity within the Academy, a Designated Mentor must agree to also serve as a Secondary Mentor to another ECS in the Academy. The Designated Mentor will be limited to one Primary (applicant ECS/mentor pair) and one Secondary Mentorship. Applicants are not permitted to list the Dean of the Academy as a Designated Mentor. The ECS and Designated Mentor are required to attend a biennial multi-day Department of Defense (DOD) KCRP AKCI Workshop and, in alternate years, a 1-day DOD KCRP AKCI Workshop.Organizational-Level Emphasis: The following areas of emphasis are broadly applicable to many CDMRP programs, not just the KCRP. Investigators are encouraged to consider addressing these areas in their applications if doing so is appropriate for their line of research, addresses the FY24 KCRP Overarching Strategic Goals and Focus Areas described in Sections II.A.1 and II.A.2, and meets the intent of the AKCIECSA.Nuclear Medicine: Innovative research involving nuclear medicine and related techniques to support early diagnosis, more effective treatment, and improved health outcomes of active-duty Service Members and their Families is encouraged. Such research could improve diagnostic and targeted treatment capabilities through noninvasive techniques and may drive the development of precision imaging and advanced targeted therapies.Women’s Health: The CDMRP encourages research on health areas and conditions that affect women uniquely, disproportionately, or differently from men, including studies analyzing sex as a biological variable. Such research should relate anticipated project findings to improvements in women’s health outcomes and/or advancing knowledge for women’s health.Metastatic Cancer Task Force: A congressionally mandated Metastatic Cancer Task Force was formed with the purpose of identifying ways to help accelerate clinical and translational research aimed at extending the lives of advanced state and recurrent patients. As a member of the Metastatic Cancer Task Force, the CDMRP encourages applicants to review the recommendations (https://health.mil/Reference-Center/Congressional-Testimonies/2018/05/03/ Metastatic-Cancer-Research) and submit research ideas to address these recommendations provided they are within the limitations of this funding opportunity and fit within the FY24 KCRP priorities.Rigorous Study Design: All projects should adhere to a core set of standards for rigorous study design and reporting to maximize the reproducibility and translational potential of clinical and preclinical research. The standards are described in SC Landis et al., 2012, A call for transparent reporting to optimize the predictive value of preclinical research, Nature 490:187-191 (https://www.nature.com/nature/journal/v490/n7419/full/nature11556.html). While these standards are written for preclinical studies, the basic principles of randomization, blinding, sample-size estimation, and data handling derive from well-established best practices in clinical studies.Military Service Involvement: Applications from investigators within the military services and applications involving multidisciplinary collaborations among academia, industry, the military services, the U.S. Department of Veterans Affairs (VA), and other federal government agencies are highly encouraged. These relationships can leverage knowledge, infrastructure, and access to unique clinical populations that the collaborators bring to the research effort, ultimately advancing research that is of significance to Service Members, Veterans, and/or the American public. If the proposed research relies on access to unique resources or databases, the application must describe the access at the time of submission and include a plan for maintaining access as needed throughout the proposed research.Research involving human subjects and human anatomical substances is permitted; however, clinical trials are not allowed under this funding opportunity.A clinical trial is defined in the Code of Federal Regulations, Title 45, Part 46.102 (45 CFR 46.102) as a research study in which one or more human subjects are prospectively assigned to one or more interventions (which may include a placebo or another control) to evaluate the effects of the interventions on biomedical or behavioral health-related outcomes.Studies that do not seek to measure safety, effectiveness, and/or efficacy outcome(s) of an intervention are not considered clinical trials.For the purposes of this funding opportunity, research that meets the definition of a clinical trial is distinct from clinical research. Clinical research encompasses research with human data, human specimens, and/or interaction with human subjects. Clinical research is observational in nature and includes:(1) Research conducted with human subjects and/or material of human origin such as data, specimens, and cognitive phenomena for which an investigator (or co-investigator) does not seek to assess the safety, effectiveness, and/or efficacy outcomes of an intervention. Research meeting this definition may include but is not limited to: (a) mechanisms of human disease, (b) diagnostic or detection studies (e.g., biomarker or imaging), (c) health disparity studies, and (d) development of new technologies.(2) Epidemiologic and behavioral studies that do not seek to assess the safety, effectiveness, and/or efficacy outcomes of an intervention.(3) Outcomes research and health services research that do not fit under the definition of clinical trial.Excluded from the definition of clinical research are in vitro studies that utilize human data or specimens that cannot be linked to a living individual and meet the requirements for exemption under §46.104(d)(4) of the Common Rule.The funding instrument for awards made under the program announcement will be grants (31 USC 6304).The anticipated direct costs budgeted for the entire period of performance for an FY24 KCRP AKCIECSA should not exceed $725,000. Refer to Section II.D.5, Funding Restrictions, for detailed funding information.Awards supported with FY24 funds will be made no later than September 30, 2025.The CDMRP expects to allot approximately $2.32M to fund approximately two Academy of Kidney Cancer Investigators – Early-Career Scholar Award applications. Funding of applications received is contingent upon the availability of federal funds for this program, the number of applications received, the quality and merit of the applications as evaluated by peer and programmatic review, and the requirements of the government. Funds to be obligated on any award resulting from this funding opportunity will be available for use for a limited time period based on the fiscal year of the funds. It is anticipated that awards made from this FY24 funding opportunity will be funded with FY24 funds, which will expire for use on September 30, 2030.","Unrestricted (i.e., open to any type of entity above), subject to any clarification in text field entitled ""Additional Information on Eligibility""","the academy of kidney cancer investigators (akci) is a virtual research capacity building and research mentoring platform that consists of early-career scholar (ecs)/designated mentor pairs from different institutions and an academy leadership team. the kcrp akciecsa is not a traditional career development award; the ecs is expected to conduct research, participate in monthly webinars, and annual workshops, and communicate and collaborate with other members of the academy (other early-career scholars, mentors, academy leadership team) as well as with the kidney cancer advocacy community.the kcrp academy of kidney cancer investigators – early-career scholar award supports a unique, interactive virtual academy providing intensive mentoring, national networking, collaborations, and a peer group for junior faculty emerging as potential leaders of kidney cancer research. the overarching goal of the akci is to advance kidney cancer research through development of highly productive kidney cancer researchers in a collaborative research and career development environment.the academy leadership team, consisting of academy director and deputy director, serves as a resource for the ecs and mentors, assessing the progress of the ecs and facilitating communication and collaboration among all of the early-career scholars and designated mentors, as well as with research and advocacy communities. in addition to fostering ecs scientific development, the akci, through its leadership by the academy leadership team, provides professional and leadership development of the ecs to include skills and competencies needed to fund and manage a productive laboratory or research team.this fy24 program announcement is soliciting early-career scholars and designated mentors to join the existing academy of kidney cancer investigators. this award mechanism enables the ecs (the scholar named as the principal investigator [pi] on the application) to pursue a kidney cancer project that may be basic, translational, and/or clinical research. the designated mentor is not required to be at the same institution as the ecs.the kcrp encourages applications from early-career scholars whose ability to commit to conducting kidney cancer research is limited by minimal resources or a lack of resources, such as a qualified designated mentor at their institution, access to kidney cancer research tools, opportunities for establishing collaborations, or other obstacles, which should be identified in the application.preliminary data to support the feasibility of the research applications and approaches are required; however, this data does not necessarily need to be derived from the kidney cancer research field.the ecs must be in the early-career stage. this award provides the ecs with funding, networking and collaborative opportunities, and research experience necessary to develop and sustain a successful, independent career at the forefront of kidney cancer research. this award also provides support and protected time for the ecs for 4 years of intensive research under the guidance of a designated mentor experienced in kidney cancer research. although the akci will serve as a conduit to share knowledge and research experience among all academy members, the ecs and designated mentor will be responsible for developing the career development plans of the ecs and for designing and executing the proposed research. the ecs must clearly articulate their commitment to a career as a kidney cancer researcher and to participating in and contributing to the growth of the akci.the designated mentor must have a strong record of mentoring and training early-career investigators. with the goal to expand and enrich mentorship capacity within the academy, a designated mentor must agree to also serve as a secondary mentor to another ecs in the academy. the designated mentor will be limited to one primary (applicant ecs/mentor pair) and one secondary mentorship. applicants are not permitted to list the dean of the academy as a designated mentor. the ecs and designated mentor are required to attend a biennial multi-day department of defense (dod) kcrp akci workshop and, in alternate years, a 1-day dod kcrp akci workshop.organizational-level emphasis: the following areas of emphasis are broadly applicable to many cdmrp programs, not just the kcrp. investigators are encouraged to consider addressing these areas in their applications if doing so is appropriate for their line of research, addresses the fy24 kcrp overarching strategic goals and focus areas described in sections ii.a.1 and ii.a.2, and meets the intent of the akciecsa.nuclear medicine: innovative research involving nuclear medicine and related techniques to support early diagnosis, more effective treatment, and improved health outcomes of active-duty service members and their families is encouraged. such research could improve diagnostic and targeted treatment capabilities through noninvasive techniques and may drive the development of precision imaging and advanced targeted therapies.women’s health: the cdmrp encourages research on health areas and conditions that affect women uniquely, disproportionately, or differently from men, including studies analyzing sex as a biological variable. such research should relate anticipated project findings to improvements in women’s health outcomes and/or advancing knowledge for women’s health.metastatic cancer task force: a congressionally mandated metastatic cancer task force was formed with the purpose of identifying ways to help accelerate clinical and translational research aimed at extending the lives of advanced state and recurrent patients. as a member of the metastatic cancer task force, the cdmrp encourages applicants to review the recommendations (https://health.mil/reference-center/congressional-testimonies/2018/05/03/ metastatic-cancer-research) and submit research ideas to address these recommendations provided they are within the limitations of this funding opportunity and fit within the fy24 kcrp priorities.rigorous study design: all projects should adhere to a core set of standards for rigorous study design and reporting to maximize the reproducibility and translational potential of clinical and preclinical research. the standards are described in sc landis et al., 2012, a call for transparent reporting to optimize the predictive value of preclinical research, nature 490:187-191 (https://www.nature.com/nature/journal/v490/n7419/full/nature11556.html). while these standards are written for preclinical studies, the basic principles of randomization, blinding, sample-size estimation, and data handling derive from well-established best practices in clinical studies.military service involvement: applications from investigators within the military services and applications involving multidisciplinary collaborations among academia, industry, the military services, the u.s. department of veterans affairs (va), and other federal government agencies are highly encouraged. these relationships can leverage knowledge, infrastructure, and access to unique clinical populations that the collaborators bring to the research effort, ultimately advancing research that is of significance to service members, veterans, and/or the american public. if the proposed research relies on access to unique resources or databases, the application must describe the access at the time of submission and include a plan for maintaining access as needed throughout the proposed research.research involving human subjects and human anatomical substances is permitted; however, clinical trials are not allowed under this funding opportunity.a clinical trial is defined in the code of federal regulations, title 45, part 46.102 (45 cfr 46.102) as a research study in which one or more human subjects are prospectively assigned to one or more interventions (which may include a placebo or another control) to evaluate the effects of the interventions on biomedical or behavioral health-related outcomes.studies that do not seek to measure safety, effectiveness, and/or efficacy outcome(s) of an intervention are not considered clinical trials.for the purposes of this funding opportunity, research that meets the definition of a clinical trial is distinct from clinical research. clinical research encompasses research with human data, human specimens, and/or interaction with human subjects. clinical research is observational in nature and includes:(1) research conducted with human subjects and/or material of human origin such as data, specimens, and cognitive phenomena for which an investigator (or co-investigator) does not seek to assess the safety, effectiveness, and/or efficacy outcomes of an intervention. research meeting this definition may include but is not limited to: (a) mechanisms of human disease, (b) diagnostic or detection studies (e.g., biomarker or imaging), (c) health disparity studies, and (d) development of new technologies.(2) epidemiologic and behavioral studies that do not seek to assess the safety, effectiveness, and/or efficacy outcomes of an intervention.(3) outcomes research and health services research that do not fit under the definition of clinical trial.excluded from the definition of clinical research are in vitro studies that utilize human data or specimens that cannot be linked to a living individual and meet the requirements for exemption under §46.104(d)(4) of the common rule.the funding instrument for awards made under the program announcement will be grants (31 usc 6304).the anticipated direct costs budgeted for the entire period of performance for an fy24 kcrp akciecsa should not exceed $725,000. refer to section ii.d.5, funding restrictions, for detailed funding information.awards supported with fy24 funds will be made no later than september 30, 2025.the cdmrp expects to allot approximately $2.32m to fund approximately two academy of kidney cancer investigators – early-career scholar award applications. funding of applications received is contingent upon the availability of federal funds for this program, the number of applications received, the quality and merit of the applications as evaluated by peer and programmatic review, and the requirements of the government. funds to be obligated on any award resulting from this funding opportunity will be available for use for a limited time period based on the fiscal year of the funds. it is anticipated that awards made from this fy24 funding opportunity will be funded with fy24 funds, which will expire for use on september 30, 2030.",True,False
"=HYPERLINK(""https://www.grants.gov/search-results-detail/355333"",""DE-FOA-0003408"")",TECHNOLOGIES TO EMEND AND OBVIATE SYNTHETIC NITROGEN’S TOLL ON EMISSIONS (TEOSYNTE SBIR/STTR),DOE-ARPAE,Advanced Research Projects Agency Energy,Opportunity Zone Benefits; Science and Technology and other Research and Development,,Cooperative Agreement; Grant; Other,81.135 - Advanced Research Projects Agency - Energy,36000000.0,0.0,10000000,1000000,No,https://arpa-e-foa.energy.gov,"ARPA-E CO 
arpa-e-co@hq.doe.gov",,arpa-e-co@hq.doe.gov,,,2024-07-11,10/30/2024,Sep-23-2024 04:03:11 PM EST,Synopsis 3,Archived,No,Yes,"This is Modification 02 to the FOA:
• Inserted certain deadlines, including the deadlines for submitting questions and Full Applications, see Cover Page and Required Documents Checklist.
• Revised the Required Documents Checklist and Sections IV.D and IV.E of the FOA to provide guidance on required application forms and the content and form of Full Applications and Replies to Reviewer Comments. Applicants are strongly encouraged to use the templates provided on ARPA-E eXCHANGE (https://arpa-e-foa.energy.gov).
• Inserted criteria that ARPA-E will use to evaluate Full Applications, see Section V.A.2 of the FOA.
• Inserted criteria that ARPA-E will use to evaluate Replies to Reviewer Comments in Section V.A.3 of the FOA.
• Inserted information on the anticipated announcement and award dates, see Section V.C of the FOA.
• Inserted information concerning Full Application Notifications, see Section VI.A.3 of the FOA.
• Inserted Reporting Requirements, see Section VI.C of the FOA.
• Updated language in VIII.A addressing genetic modification and invention reporting.

To obtain a copy of the Funding Opportunity Announcement (FOA) please go to the ARPA-E website at https://arpa-e-foa.energy.gov.  To apply to this FOA, Applicants must register with and submit application materials through ARPA-E eXCHANGE (https://arpa-e-foa.energy.gov/Registration.aspx).  For detailed guidance on using ARPA-E eXCHANGE, please refer to the ARPA-E eXCHANGE User Guide (https://arpa-e-foa.energy.gov/Manuals.aspx).  ARPA-E will not review or consider concept papers submitted through other means. For problems with ARPA-E eXCHANGE, email ExchangeHelp@hq.doe.gov (with FOA name and number in the subject line). 

Questions about this FOA? Check the Frequently Asked Questions available at http://arpa-e.energy.gov/faq.  For questions that have not already been answered, email ARPA-E-CO@hq.doe.gov.   

Agency Overview:

The Advanced Research Projects Agency – Energy (ARPA-E), an organization within the Department of Energy (DOE), is chartered by Congress in the America COMPETES Act of 2007 (P.L. 110-69), as amended by the America COMPETES Reauthorization Act of 2010 (P.L. 111-358), as further amended by the Energy Act of 2020 (P.L. 116-260):
“(A) to enhance the economic and energy security of the United States through the development of energy technologies that—
   (i) reduce imports of energy from foreign sources;
   (ii) reduce energy-related emissions, including greenhouse gases;
   (iii) improve the energy efficiency of all economic sectors; 
   (iv) provide transformative solutions to improve the management, clean-up, and disposal of radioactive waste and spent nuclear fuel; and
   (v) improve the resilience, reliability, and security of infrastructure to produce, deliver, and store energy; and
(B) to ensure that the United States maintains a technological lead in developing and deploying advanced energy technologies.”

ARPA-E issues this Funding Opportunity Announcement (FOA) under its authorizing statute codified at 42 U.S.C. § 16538. The FOA and any cooperative agreements or grants made under this FOA are subject to 2 C.F.R. Part 200 as supplemented by 2 C.F.R. Part 910.
	
ARPA-E funds research on, and the development of, transformative science and technology solutions to address the energy and environmental missions of the Department. The agency focuses on technologies that can be meaningfully advanced with a modest investment over a defined period of time in order to catalyze the translation from scientific discovery to early-stage technology. For the latest news and information about ARPA-E, its programs and the research projects currently supported, see: http://arpa-e.energy.gov/.

ARPA-E funds transformational research. Existing energy technologies generally progress on established “learning curves” where refinements to a technology and the economies of scale that accrue as manufacturing and distribution develop drive improvements to the cost/performance metric in a gradual fashion. This continual improvement of a technology is important to its increased commercial deployment and is appropriately the focus of the private sector or the applied technology offices within DOE.  In contrast, ARPA-E supports transformative research that has the potential to create fundamentally new learning curves. ARPA-E technology projects typically start with cost/performance estimates well above the level of an incumbent technology. Given the high risk inherent in these projects, many will fail to progress, but some may succeed in generating a new learning curve with a projected cost/performance metric that is significantly better than that of the incumbent technology.

ARPA-E funds technology with the potential to be disruptive in the marketplace. The mere creation of a new learning curve does not ensure market penetration. Rather, the ultimate value of a technology is determined by the marketplace, and impactful technologies ultimately become disruptive – that is, they are widely adopted and displace existing technologies from the marketplace or create entirely new markets. ARPA-E understands that definitive proof of market disruption takes time, particularly for energy technologies. Therefore, ARPA-E funds the development of technologies that, if technically successful, have clear disruptive potential, e.g., by demonstrating capability for manufacturing at competitive cost and deployment at scale. 
  
ARPA-E funds applied research and development. The Office of Management and Budget defines “applied research” as an “original investigation undertaken in order to acquire new knowledge…directed primarily towards a specific practical aim or objective” and defines “experimental development” as “creative and systematic work, drawing on knowledge gained from research and practical experience, which is directed at producing new products or processes or improving existing products or processes.”  Applicants interested in receiving financial assistance for basic research (defined by the Office of Management and Budget as “experimental or theoretical work undertaken primarily to acquire new knowledge of the underlying foundations of phenomena and observable facts”)  should contact the DOE’s Office of Science (http://science.energy.gov/). Office of Science national scientific user facilities (http://science.energy.gov/user-facilities/) are open to all researchers, including ARPA-E Applicants and awardees. These facilities provide advanced tools of modern science including accelerators, colliders, supercomputers, light sources and neutron sources, as well as facilities for studying the nanoworld, the environment, and the atmosphere. Projects focused on early-stage R&D for the improvement of technology along defined roadmaps may be more appropriate for support through the DOE applied energy offices including: the Office of Energy Efficiency and Renewable Energy (http://www.eere.energy.gov/), the Office of Fossil Energy and Carbon Management (https://www.energy.gov/fecm/office-fossil-energy-and-carbon-management), the Office of Nuclear Energy (http://www.energy.gov/ne/office-nuclear-energy), and the Office of Electricity (https://www.energy.gov/oe/office-electricity).

SBIR/STTR Program Overview:
The Small Business Innovation Research (SBIR) and Small Business Technology Transfer (STTR) programs are Government-wide programs authorized under Section 9 of the Small Business Act (15 U.S.C. § 638).  The objectives of the SBIR program are to (1) stimulate technological innovation in the private sector, (2) strengthen the role of Small Business Concerns in meeting Federal R&D needs, (3) increase private sector commercialization of innovations derived from Federal R&D activities, (4) foster and encourage participation by socially and economically disadvantaged and women-owned Small Business Concerns, and (5) improve the return on investment from Federally funded research and economic benefits to the Nation. The objective of the STTR program is to stimulate cooperative partnerships of ideas and technologies between Small Business Concerns and partnering Research Institutions through Federally funded R&D activities. 

ARPA-E administers a joint SBIR/STTR program in accordance with the Small Business Act and the SBIR and STTR Policy Directive issued by the U.S. Small Business Administration (SBA).  ARPA-E provides SBIR/STTR funding in three phases (Phase I, Phase II, and Phase IIS). 

Program Overview:
The Technologies to Emend and Obviate SYnthetic Nitrogen’s Toll on Emissions (TEOSYNTE) program aims to lower nitrous oxide (N2O) emissions from the cultivation of corn and sorghum used for United States ethanol production by 50%. The program will emphasize plant and microbial bio-design strategies that lower the application of synthetic nitrogen (N) fertilizer on corn and sorghum fields while maintaining crop yields and reducing 50% of N2O emissions. Lowering the requirements of synthetic N fertilizer will also lower costs to farmers, as the cost of fertilizer is a significant portion of the operating expenses of a farm. This program will enable technologies to reduce N fertilizer consumption and N2O emissions. These technologies will transform agriculture and lower the N2O contribution to the carbon intensity (CI) of ethanol produced today for light duty vehicles and in the future for sustainable aviation fuel. 

Technologies developed under the TEOSYNTE program must achieve specific targets as outlined in Section I.E. in order to meet the program’s objectives to reduce greenhouse gas (GHG) emissions and N fertilizer usage over multiple seasons while maintaining crop yields.

To view the FOA in its entirety, please visit https://arpa-e-foa.energy.gov.",Small businesses,"this is modification 02 to the foa:
• inserted certain deadlines, including the deadlines for submitting questions and full applications, see cover page and required documents checklist.
• revised the required documents checklist and sections iv.d and iv.e of the foa to provide guidance on required application forms and the content and form of full applications and replies to reviewer comments. applicants are strongly encouraged to use the templates provided on arpa-e exchange (https://arpa-e-foa.energy.gov).
• inserted criteria that arpa-e will use to evaluate full applications, see section v.a.2 of the foa.
• inserted criteria that arpa-e will use to evaluate replies to reviewer comments in section v.a.3 of the foa.
• inserted information on the anticipated announcement and award dates, see section v.c of the foa.
• inserted information concerning full application notifications, see section vi.a.3 of the foa.
• inserted reporting requirements, see section vi.c of the foa.
• updated language in viii.a addressing genetic modification and invention reporting.

to obtain a copy of the funding opportunity announcement (foa) please go to the arpa-e website at https://arpa-e-foa.energy.gov.  to apply to this foa, applicants must register with and submit application materials through arpa-e exchange (https://arpa-e-foa.energy.gov/registration.aspx).  for detailed guidance on using arpa-e exchange, please refer to the arpa-e exchange user guide (https://arpa-e-foa.energy.gov/manuals.aspx).  arpa-e will not review or consider concept papers submitted through other means. for problems with arpa-e exchange, email exchangehelp@hq.doe.gov (with foa name and number in the subject line). 

questions about this foa? check the frequently asked questions available at http://arpa-e.energy.gov/faq.  for questions that have not already been answered, email arpa-e-co@hq.doe.gov.   

agency overview:

the advanced research projects agency – energy (arpa-e), an organization within the department of energy (doe), is chartered by congress in the america competes act of 2007 (p.l. 110-69), as amended by the america competes reauthorization act of 2010 (p.l. 111-358), as further amended by the energy act of 2020 (p.l. 116-260):
“(a) to enhance the economic and energy security of the united states through the development of energy technologies that—
   (i) reduce imports of energy from foreign sources;
   (ii) reduce energy-related emissions, including greenhouse gases;
   (iii) improve the energy efficiency of all economic sectors; 
   (iv) provide transformative solutions to improve the management, clean-up, and disposal of radioactive waste and spent nuclear fuel; and
   (v) improve the resilience, reliability, and security of infrastructure to produce, deliver, and store energy; and
(b) to ensure that the united states maintains a technological lead in developing and deploying advanced energy technologies.”

arpa-e issues this funding opportunity announcement (foa) under its authorizing statute codified at 42 u.s.c. § 16538. the foa and any cooperative agreements or grants made under this foa are subject to 2 c.f.r. part 200 as supplemented by 2 c.f.r. part 910.
	
arpa-e funds research on, and the development of, transformative science and technology solutions to address the energy and environmental missions of the department. the agency focuses on technologies that can be meaningfully advanced with a modest investment over a defined period of time in order to catalyze the translation from scientific discovery to early-stage technology. for the latest news and information about arpa-e, its programs and the research projects currently supported, see: http://arpa-e.energy.gov/.

arpa-e funds transformational research. existing energy technologies generally progress on established “learning curves” where refinements to a technology and the economies of scale that accrue as manufacturing and distribution develop drive improvements to the cost/performance metric in a gradual fashion. this continual improvement of a technology is important to its increased commercial deployment and is appropriately the focus of the private sector or the applied technology offices within doe.  in contrast, arpa-e supports transformative research that has the potential to create fundamentally new learning curves. arpa-e technology projects typically start with cost/performance estimates well above the level of an incumbent technology. given the high risk inherent in these projects, many will fail to progress, but some may succeed in generating a new learning curve with a projected cost/performance metric that is significantly better than that of the incumbent technology.

arpa-e funds technology with the potential to be disruptive in the marketplace. the mere creation of a new learning curve does not ensure market penetration. rather, the ultimate value of a technology is determined by the marketplace, and impactful technologies ultimately become disruptive – that is, they are widely adopted and displace existing technologies from the marketplace or create entirely new markets. arpa-e understands that definitive proof of market disruption takes time, particularly for energy technologies. therefore, arpa-e funds the development of technologies that, if technically successful, have clear disruptive potential, e.g., by demonstrating capability for manufacturing at competitive cost and deployment at scale. 
  
arpa-e funds applied research and development. the office of management and budget defines “applied research” as an “original investigation undertaken in order to acquire new knowledge…directed primarily towards a specific practical aim or objective” and defines “experimental development” as “creative and systematic work, drawing on knowledge gained from research and practical experience, which is directed at producing new products or processes or improving existing products or processes.”  applicants interested in receiving financial assistance for basic research (defined by the office of management and budget as “experimental or theoretical work undertaken primarily to acquire new knowledge of the underlying foundations of phenomena and observable facts”)  should contact the doe’s office of science (http://science.energy.gov/). office of science national scientific user facilities (http://science.energy.gov/user-facilities/) are open to all researchers, including arpa-e applicants and awardees. these facilities provide advanced tools of modern science including accelerators, colliders, supercomputers, light sources and neutron sources, as well as facilities for studying the nanoworld, the environment, and the atmosphere. projects focused on early-stage r&d for the improvement of technology along defined roadmaps may be more appropriate for support through the doe applied energy offices including: the office of energy efficiency and renewable energy (http://www.eere.energy.gov/), the office of fossil energy and carbon management (https://www.energy.gov/fecm/office-fossil-energy-and-carbon-management), the office of nuclear energy (http://www.energy.gov/ne/office-nuclear-energy), and the office of electricity (https://www.energy.gov/oe/office-electricity).

sbir/sttr program overview:
the small business innovation research (sbir) and small business technology transfer (sttr) programs are government-wide programs authorized under section 9 of the small business act (15 u.s.c. § 638).  the objectives of the sbir program are to (1) stimulate technological innovation in the private sector, (2) strengthen the role of small business concerns in meeting federal r&d needs, (3) increase private sector commercialization of innovations derived from federal r&d activities, (4) foster and encourage participation by socially and economically disadvantaged and women-owned small business concerns, and (5) improve the return on investment from federally funded research and economic benefits to the nation. the objective of the sttr program is to stimulate cooperative partnerships of ideas and technologies between small business concerns and partnering research institutions through federally funded r&d activities. 

arpa-e administers a joint sbir/sttr program in accordance with the small business act and the sbir and sttr policy directive issued by the u.s. small business administration (sba).  arpa-e provides sbir/sttr funding in three phases (phase i, phase ii, and phase iis). 

program overview:
the technologies to emend and obviate synthetic nitrogen’s toll on emissions (teosynte) program aims to lower nitrous oxide (n2o) emissions from the cultivation of corn and sorghum used for united states ethanol production by 50%. the program will emphasize plant and microbial bio-design strategies that lower the application of synthetic nitrogen (n) fertilizer on corn and sorghum fields while maintaining crop yields and reducing 50% of n2o emissions. lowering the requirements of synthetic n fertilizer will also lower costs to farmers, as the cost of fertilizer is a significant portion of the operating expenses of a farm. this program will enable technologies to reduce n fertilizer consumption and n2o emissions. these technologies will transform agriculture and lower the n2o contribution to the carbon intensity (ci) of ethanol produced today for light duty vehicles and in the future for sustainable aviation fuel. 

technologies developed under the teosynte program must achieve specific targets as outlined in section i.e. in order to meet the program’s objectives to reduce greenhouse gas (ghg) emissions and n fertilizer usage over multiple seasons while maintaining crop yields.

to view the foa in its entirety, please visit https://arpa-e-foa.energy.gov.",True,False
"=HYPERLINK(""https://www.grants.gov/search-results-detail/355326"",""AF-GAB-PE-ARDF-FY24"")",Gaining Insight Into Voter Narratives with Country-Wide Polling Exercise and Traditional and Social Media Baseline Survey,DOS-BWA,U.S. Mission to Botswana,Regional Development,,Grant,19.225 - Africa Regional Democracy Fund,,1.0,250000,100000,No,,"Jennifer R Marburg
Grantor
Phone 26774545033",,marburgjr1@state.gov,,,2024-07-11,08/09/2024,Jul-11-2024 05:01:16 AM EST,Synopsis 5,Archived,No,Yes,"Please see attached Funding Opportunity for details and application information. This notice is subject to availability of funds. PROGRAM DESCRIPTIONThe U.S. Embassy Gaborone of the U.S. Department of State announces an open competition for organizations to submit applications to carry out a program which will create a country-wide polling exercise and a comprehensive traditional and social media baseline survey, allowing for better insight into current issues related to the 2024 election process throughout Botswana. Program Objectives: This project will assess Botswana’s political participation by addressing the lack of political polling and a media baseline survey. The project will carry out a series of polls throughout Botswana, allowing access to much-needed data on some of the major concerns affecting the election process including youth apathy, the lack of women in government positions, as well as gain insight into how the influence of foreign entities in traditional and social media has influenced voters opinions. The proposed project includes the following activities: Develop and execute a substantial polling initiative to take place in Botswana’s largest youth population areas, including Gaborone, Maun, Francistown, Kasane, Palapye, Mahalapye, Serowe, Lobatse, Goodhope, Ghanzi, Jwaneng, Tsabong and Nata – leading up to Botswana’s national election in October 2024.  Conduct a methodologically sound media baseline survey (inclusive of digital and social media) involving Batswana around the country representing different ages, religious, and cultural backgrounds. Provide a media baseline survey report on Batswana media consumption habits (inclusive of digital and social media), and which media outlets are the most influential to various demographics in various areas of the country.  Publish a report at the conclusion of the grant outlining the work done to fulfill these objectives and provide statistical feedback on Batswana’s views on issues of national importance that the Embassy has identified ahead of time.  ","Others (see text field entitled ""Additional Information on Eligibility"" for clarification)","please see attached funding opportunity for details and application information. this notice is subject to availability of funds. program descriptionthe u.s. embassy gaborone of the u.s. department of state announces an open competition for organizations to submit applications to carry out a program which will create a country-wide polling exercise and a comprehensive traditional and social media baseline survey, allowing for better insight into current issues related to the 2024 election process throughout botswana. program objectives: this project will assess botswana’s political participation by addressing the lack of political polling and a media baseline survey. the project will carry out a series of polls throughout botswana, allowing access to much-needed data on some of the major concerns affecting the election process including youth apathy, the lack of women in government positions, as well as gain insight into how the influence of foreign entities in traditional and social media has influenced voters opinions. the proposed project includes the following activities: develop and execute a substantial polling initiative to take place in botswana’s largest youth population areas, including gaborone, maun, francistown, kasane, palapye, mahalapye, serowe, lobatse, goodhope, ghanzi, jwaneng, tsabong and nata – leading up to botswana’s national election in october 2024.  conduct a methodologically sound media baseline survey (inclusive of digital and social media) involving batswana around the country representing different ages, religious, and cultural backgrounds. provide a media baseline survey report on batswana media consumption habits (inclusive of digital and social media), and which media outlets are the most influential to various demographics in various areas of the country.  publish a report at the conclusion of the grant outlining the work done to fulfill these objectives and provide statistical feedback on batswana’s views on issues of national importance that the embassy has identified ahead of time.  ",True,False
"=HYPERLINK(""https://www.grants.gov/search-results-detail/355338"",""HT942524KCRPIDA"")","DoD Kidney Cancer, Idea Development Award",DOD-AMRAA,Dept. of the Army -- USAMRAA,Science and Technology and other Research and Development,,Grant,12.420 - Military Medical Research and Development,18560000.0,13.0,none,none,No,,"CDMRP Help Desk
Phone:      301-682-5507
Email:       help@eBRAP.org",,help@eBRAP.org,,,2024-07-11,10/15/2024,Jul-11-2024 11:56:09 AM EST,Synopsis 1,Archived,Yes,Yes,"The FY24 KCRP Idea Development Award is intended to support innovative ideas and high-impact approaches, based on scientifically sound evidence, to move toward the KCRP vision of eliminating kidney cancer. The research project should include a well-formulated, testable hypothesis based on strong scientific rationale and a well-developed and articulated research approach. Personnel on the proposed team should have a strong background in kidney cancer research.The following are significant features of this award mechanism:Research Approach: The scientific rationale and experimental methodology should demonstrate critical understanding and in-depth analysis of kidney cancer. Experimental strategies may be novel or may be based on strong rationale derived from previously published data and/or presented preliminary data. The feasibility of the research design and methods should be well-defined, and a clear plan should be articulated as to how the proposed goals of the project can be achieved. Additionally, resources should be identified, and availability supported through documentation. Identification of potential problems and pitfalls with alternate approaches should be addressed. A statistical analysis plan for the proposed research should be included, if applicable, as well as a power analysis to support the design and sample size.Preliminary Data: Preliminary data are required but need not be in kidney cancer. Preliminary data may include unpublished or published results from the laboratory of the Principal Investigator (PI) or collaborators named on the application and/or data from the published literature relevant to kidney cancer.Innovation: Innovative research may introduce a new paradigm, challenge existing paradigms, look at existing problems from new perspectives, or exhibit other creative qualities. This may include high-risk, potentially high-gain, approaches to kidney cancer research, provided the application demonstrates the potential for significant impact on the field of research, patient care, and/or quality of life. Research that is likely to yield only an incremental advance is not considered innovative.Impact: Proposed research projects should address a central critical issue or question in kidney cancer research or clinical care. High-impact research will, if successful, significantly advance current methods and concepts in at least one of the FY24 KCRP Focus Areas.Personnel: Personnel are considered a crucial element of the FY24 KCRP Idea Development Award. The application should demonstrate the investigators’ experience in kidney cancer through the PI’s background, the research team, and/or through collaboration. Collaborations should be documented.The following are general descriptions, although not all-inclusive, of the scope of research projects that would be appropriate to propose under the current program announcement:• All Applications: Innovative, high-risk/high-reward and/or preclinical research that is supported by preliminary and/or published data.Partnering PI Option: The FY24 KCRP supports collaborative research to bring a new perspective to kidney cancer research and/or facilitate progress in the field by combined efforts. Therefore, the KCRP Idea Development Award mechanism includes a Partnering PI Option, which is structured so that two investigators, each of whom will be designated as a PI and receive a separate award, will work synergistically on a single project. One PI will be identified as the Initiating PI and will be responsible for the majority of the administrative tasks associated with application submission. The other PI will be identified as a Partnering PI. Both PIs should collaborate to develop a synergistic project addressing one or more of the FY24 KCRP Idea Development Award Focus Areas. Applications submitted by a mentor and trainee as Initiating PI and Partnering PI do not meet the intent of the Partnering PI Option. Multidisciplinary and multi-organizational projects are allowed. Initiating and Partnering PIs each have different submission requirements, as described in Section II.D.2, Content and Form of the Application Submission; however, both PIs should contribute significantly to the development of the proposed research project, including the Project Narrative, Statement of Work (SOW), and other required components. It should be clear that both investigators have had an equal level of intellectual input and effort in developing the application. If recommended for funding, each PI will be named to an individual award within the recipient organization.Applications from investigators within the military services and applications involving multidisciplinary collaborations among academia, industry, the military services, the U.S. Department of Veterans Affairs (VA), and other federal government agencies are highly encouraged. These relationships can leverage knowledge, infrastructure, and access to unique clinical populations that the collaborators bring to the research effort, ultimately advancing research that is of significance to Service Members, Veterans, and the American public. If the proposed research relies on access to unique resources or databases, the application must describe the access at the time of submission and include a plan for maintaining access as needed throughout the proposed research.Research involving human subjects and human anatomical substances is permitted; however, clinical trials are not allowed under this funding opportunity.A clinical trial is defined in the Code of Federal Regulations, Title 45, Part 46.102 (45 CFR 46.102) as a research study in which one or more human subjects are prospectively assigned to one or more interventions (which may include a placebo or another control) to evaluate the effects of the interventions on biomedical or behavioral health-related outcomes.Studies that do not seek to measure safety, effectiveness, and/or efficacy outcome(s) of an intervention are not considered clinical trials.For the purposes of this funding opportunity, research that meets the definition of a clinical trial is distinct from clinical research. Clinical research encompasses research with human data, human specimens, and/or interaction with human subjects. Clinical research is observational in nature and includes:(1) Research conducted with human subjects and/or material of human origin such as data, specimens, and cognitive phenomena for which an investigator (or co-investigator) does not seek to assess the safety, effectiveness, and/or efficacy outcomes of an intervention. Research meeting this definition may include but is not limited to: (a) mechanisms of human disease, (b) diagnostic or detection studies (e.g., biomarker or imaging), (c) health disparity studies, and (d) development of new technologies.(2) Epidemiologic and behavioral studies that do not seek to assess the safety, effectiveness, and/or efficacy outcomes of an intervention.(3) Outcomes research and health services research that do not fit under the definition of clinical trial.Excluded from the definition of clinical research are in vitro studies that utilize human data or specimens that cannot be linked to a living individual and meet the requirements for exemption under §46.104(d)(4) of the Common Rule.Organizational-Level Emphasis:The following areas of emphasis are broadly applicable to many CDMRP programs, not just the KCRP. Investigators are encouraged to consider addressing these areas in their applications if doing so is appropriate for their line of research and addresses the FY24 KCRP strategic goals and focus areas described in Section II.A.1 and Section II.A.2.Nuclear Medicine: Innovative research involving nuclear medicine and related techniques to support early diagnosis, more effective treatment, and improved health outcomes of active-duty Service Members and their Families is encouraged. Such research could improve diagnostic and targeted treatment capabilities through noninvasive techniques and may drive the development of precision imaging and advanced targeted therapies.Women’s Health: The CDMRP encourages research on health areas and conditions that affect women uniquely, disproportionately, or differently from men, including studies analyzing sex as a biological variable. Such research should relate anticipated project findings to improvements in women's health outcomes and/or advancing knowledge for women's health.Metastatic Cancer Task Force: A congressionally mandated Metastatic Cancer Task Force was formed with the purpose of identifying ways to help accelerate clinical and translational research aimed at extending the lives of advanced state and recurrent patients. As a member of the Metastatic Cancer Task Force, the CDMRP encourages applicants to review the recommendations (https://health.mil/Reference-Center/Congressional-Testimonies/2018/ 05/03/Metastatic-Cancer-Research) and submit research ideas to address these recommendations provided they are within the limitations of this funding opportunity and fit within the FY24 KCRP priorities.Rigorous Study Design: All projects should adhere to a core set of standards for rigorous study design and reporting to maximize the reproducibility and translational potential of clinical and preclinical research. The standards are described in SC Landis et al., 2012, A call for transparent reporting to optimize the predictive value of preclinical research, Nature 490:187-191 (https://www.nature.com/nature/journal/v490/n7419/full/nature11556.html). While these standards are written for preclinical studies, the basic principles of randomization, blinding, sample-size estimation, and data handling derive from well-established best practices in clinical studies.Military Service Involvement: Applications from investigators within the military services and applications involving multidisciplinary collaborations among academia, industry, the military services, the U.S. Department of Veterans Affairs (VA), and other federal government agencies are highly encouraged. These relationships can leverage knowledge, infrastructure, and access to unique clinical populations that the collaborators bring to the research effort, ultimately advancing research that is of significance to Service Members, Veterans, and the American public. If the proposed research relies on access to unique resources or databases, the application must describe the access at the time of submission and include a plan for maintaining access as needed throughout the proposed research.The funding instrument for awards made under the program announcement will be grants (31 USC 6304).The anticipated direct costs budgeted for the entire period of performance for an FY24 KCRP IDA should not exceed $800,000. The anticipated combined direct costs budgeted for the entire period of performance for an FY24 KCRP Idea Development Award – Partnering PI Option will not exceed $1.2M. Refer to Section II.D.5, Funding Restrictions, for detailed funding information.Awards supported with FY24 funds will be made no later than September 30, 2025.The CDMRP expects to allot approximately $18.56M to fund approximately 13 Idea Development Award applications. Funding of applications received is contingent upon the availability of federal funds for this program, the number of applications received, the quality and merit of the applications as evaluated by peer and programmatic review, and the requirements of the government. Funds to be obligated on any award resulting from this funding opportunity will be available for use for a limited time period based on the fiscal year of the funds. It is anticipated that awards made from this FY24 funding opportunity will be funded with FY24 funds, which will expire for use on September 30, 2030.","Unrestricted (i.e., open to any type of entity above), subject to any clarification in text field entitled ""Additional Information on Eligibility""","the fy24 kcrp idea development award is intended to support innovative ideas and high-impact approaches, based on scientifically sound evidence, to move toward the kcrp vision of eliminating kidney cancer. the research project should include a well-formulated, testable hypothesis based on strong scientific rationale and a well-developed and articulated research approach. personnel on the proposed team should have a strong background in kidney cancer research.the following are significant features of this award mechanism:research approach: the scientific rationale and experimental methodology should demonstrate critical understanding and in-depth analysis of kidney cancer. experimental strategies may be novel or may be based on strong rationale derived from previously published data and/or presented preliminary data. the feasibility of the research design and methods should be well-defined, and a clear plan should be articulated as to how the proposed goals of the project can be achieved. additionally, resources should be identified, and availability supported through documentation. identification of potential problems and pitfalls with alternate approaches should be addressed. a statistical analysis plan for the proposed research should be included, if applicable, as well as a power analysis to support the design and sample size.preliminary data: preliminary data are required but need not be in kidney cancer. preliminary data may include unpublished or published results from the laboratory of the principal investigator (pi) or collaborators named on the application and/or data from the published literature relevant to kidney cancer.innovation: innovative research may introduce a new paradigm, challenge existing paradigms, look at existing problems from new perspectives, or exhibit other creative qualities. this may include high-risk, potentially high-gain, approaches to kidney cancer research, provided the application demonstrates the potential for significant impact on the field of research, patient care, and/or quality of life. research that is likely to yield only an incremental advance is not considered innovative.impact: proposed research projects should address a central critical issue or question in kidney cancer research or clinical care. high-impact research will, if successful, significantly advance current methods and concepts in at least one of the fy24 kcrp focus areas.personnel: personnel are considered a crucial element of the fy24 kcrp idea development award. the application should demonstrate the investigators’ experience in kidney cancer through the pi’s background, the research team, and/or through collaboration. collaborations should be documented.the following are general descriptions, although not all-inclusive, of the scope of research projects that would be appropriate to propose under the current program announcement:• all applications: innovative, high-risk/high-reward and/or preclinical research that is supported by preliminary and/or published data.partnering pi option: the fy24 kcrp supports collaborative research to bring a new perspective to kidney cancer research and/or facilitate progress in the field by combined efforts. therefore, the kcrp idea development award mechanism includes a partnering pi option, which is structured so that two investigators, each of whom will be designated as a pi and receive a separate award, will work synergistically on a single project. one pi will be identified as the initiating pi and will be responsible for the majority of the administrative tasks associated with application submission. the other pi will be identified as a partnering pi. both pis should collaborate to develop a synergistic project addressing one or more of the fy24 kcrp idea development award focus areas. applications submitted by a mentor and trainee as initiating pi and partnering pi do not meet the intent of the partnering pi option. multidisciplinary and multi-organizational projects are allowed. initiating and partnering pis each have different submission requirements, as described in section ii.d.2, content and form of the application submission; however, both pis should contribute significantly to the development of the proposed research project, including the project narrative, statement of work (sow), and other required components. it should be clear that both investigators have had an equal level of intellectual input and effort in developing the application. if recommended for funding, each pi will be named to an individual award within the recipient organization.applications from investigators within the military services and applications involving multidisciplinary collaborations among academia, industry, the military services, the u.s. department of veterans affairs (va), and other federal government agencies are highly encouraged. these relationships can leverage knowledge, infrastructure, and access to unique clinical populations that the collaborators bring to the research effort, ultimately advancing research that is of significance to service members, veterans, and the american public. if the proposed research relies on access to unique resources or databases, the application must describe the access at the time of submission and include a plan for maintaining access as needed throughout the proposed research.research involving human subjects and human anatomical substances is permitted; however, clinical trials are not allowed under this funding opportunity.a clinical trial is defined in the code of federal regulations, title 45, part 46.102 (45 cfr 46.102) as a research study in which one or more human subjects are prospectively assigned to one or more interventions (which may include a placebo or another control) to evaluate the effects of the interventions on biomedical or behavioral health-related outcomes.studies that do not seek to measure safety, effectiveness, and/or efficacy outcome(s) of an intervention are not considered clinical trials.for the purposes of this funding opportunity, research that meets the definition of a clinical trial is distinct from clinical research. clinical research encompasses research with human data, human specimens, and/or interaction with human subjects. clinical research is observational in nature and includes:(1) research conducted with human subjects and/or material of human origin such as data, specimens, and cognitive phenomena for which an investigator (or co-investigator) does not seek to assess the safety, effectiveness, and/or efficacy outcomes of an intervention. research meeting this definition may include but is not limited to: (a) mechanisms of human disease, (b) diagnostic or detection studies (e.g., biomarker or imaging), (c) health disparity studies, and (d) development of new technologies.(2) epidemiologic and behavioral studies that do not seek to assess the safety, effectiveness, and/or efficacy outcomes of an intervention.(3) outcomes research and health services research that do not fit under the definition of clinical trial.excluded from the definition of clinical research are in vitro studies that utilize human data or specimens that cannot be linked to a living individual and meet the requirements for exemption under §46.104(d)(4) of the common rule.organizational-level emphasis:the following areas of emphasis are broadly applicable to many cdmrp programs, not just the kcrp. investigators are encouraged to consider addressing these areas in their applications if doing so is appropriate for their line of research and addresses the fy24 kcrp strategic goals and focus areas described in section ii.a.1 and section ii.a.2.nuclear medicine: innovative research involving nuclear medicine and related techniques to support early diagnosis, more effective treatment, and improved health outcomes of active-duty service members and their families is encouraged. such research could improve diagnostic and targeted treatment capabilities through noninvasive techniques and may drive the development of precision imaging and advanced targeted therapies.women’s health: the cdmrp encourages research on health areas and conditions that affect women uniquely, disproportionately, or differently from men, including studies analyzing sex as a biological variable. such research should relate anticipated project findings to improvements in women's health outcomes and/or advancing knowledge for women's health.metastatic cancer task force: a congressionally mandated metastatic cancer task force was formed with the purpose of identifying ways to help accelerate clinical and translational research aimed at extending the lives of advanced state and recurrent patients. as a member of the metastatic cancer task force, the cdmrp encourages applicants to review the recommendations (https://health.mil/reference-center/congressional-testimonies/2018/ 05/03/metastatic-cancer-research) and submit research ideas to address these recommendations provided they are within the limitations of this funding opportunity and fit within the fy24 kcrp priorities.rigorous study design: all projects should adhere to a core set of standards for rigorous study design and reporting to maximize the reproducibility and translational potential of clinical and preclinical research. the standards are described in sc landis et al., 2012, a call for transparent reporting to optimize the predictive value of preclinical research, nature 490:187-191 (https://www.nature.com/nature/journal/v490/n7419/full/nature11556.html). while these standards are written for preclinical studies, the basic principles of randomization, blinding, sample-size estimation, and data handling derive from well-established best practices in clinical studies.military service involvement: applications from investigators within the military services and applications involving multidisciplinary collaborations among academia, industry, the military services, the u.s. department of veterans affairs (va), and other federal government agencies are highly encouraged. these relationships can leverage knowledge, infrastructure, and access to unique clinical populations that the collaborators bring to the research effort, ultimately advancing research that is of significance to service members, veterans, and the american public. if the proposed research relies on access to unique resources or databases, the application must describe the access at the time of submission and include a plan for maintaining access as needed throughout the proposed research.the funding instrument for awards made under the program announcement will be grants (31 usc 6304).the anticipated direct costs budgeted for the entire period of performance for an fy24 kcrp ida should not exceed $800,000. the anticipated combined direct costs budgeted for the entire period of performance for an fy24 kcrp idea development award – partnering pi option will not exceed $1.2m. refer to section ii.d.5, funding restrictions, for detailed funding information.awards supported with fy24 funds will be made no later than september 30, 2025.the cdmrp expects to allot approximately $18.56m to fund approximately 13 idea development award applications. funding of applications received is contingent upon the availability of federal funds for this program, the number of applications received, the quality and merit of the applications as evaluated by peer and programmatic review, and the requirements of the government. funds to be obligated on any award resulting from this funding opportunity will be available for use for a limited time period based on the fiscal year of the funds. it is anticipated that awards made from this fy24 funding opportunity will be funded with fy24 funds, which will expire for use on september 30, 2030.",True,False
"=HYPERLINK(""https://www.grants.gov/search-results-detail/355346"",""O-OVW-2024-172129"")",OVW Fiscal Year 2024 Grants to Tribal Governments Victim Service Providers for Financial Assistance to Victims of Sexual Assault and Domestic Violence Special Initiative,USDOJ-OJP-OVW,Office on Violence Against Women,"Law, Justice and Legal Services",,Grant,16.029 - Office on Violence Against Women Special Projects,1500000.0,15.0,100000,1,No,https://www.justice.gov/d9/2024-07/OVW-FY24-FAV.pdf?dl?inline,"For assistance with the requirements of this solicitation, email OVW at OVW.TribalSpecialInitiative@usdoj.gov. Applicants also may call OVW at 202-307-6026.
OVW.TribalSpecialInitiative@usdoj.gov",,OVW.TribalSpecialInitiative@usdoj.gov,,,2024-07-11,08/20/2024,Jul-11-2024 04:03:40 PM EST,Synopsis 1,Closed,Yes,No,"The Grants to Tribal Governments Victim Service Providers for Financial Assistance to Victims of Sexual Assault and Domestic Violence Special Initiative (Tribal Financial Assistance Initiative) (CFDA 16.029) supports flexible financial assistance to survivors of domestic violence, dating violence, sexual assault, stalking, and sex trafficking by established tribal victim service providers. This program is authorized by Consolidated Appropriations Act, 2022, Pub. L. No. 117-103, § 505, 136 Stat. 49, 122, 144 (2022). At recent Annual Government-to-Government Violence Against Women Tribal Consultations, OVW consulted with Indian Tribes on piloting a program to provide grants to existing victim service providers which would be used specifically to provide victims of domestic violence, dating violence, sexual assault, stalking, and sex trafficking with financial assistance. This type of assistance allows victims the flexibility to meet self-identified needs quickly, helps avert crises such as homelessness rather than responding after the fact, and may be more efficient and cost-effective than current service models. Several Tribes described the vast unmet needs of survivors in their communities and strongly supported developing funding opportunities that afforded the greatest degree of flexibility to meet those needs. Tribal testimony supported OVW developing and piloting such a program.","Others (see text field entitled ""Additional Information on Eligibility"" for clarification)","the grants to tribal governments victim service providers for financial assistance to victims of sexual assault and domestic violence special initiative (tribal financial assistance initiative) (cfda 16.029) supports flexible financial assistance to survivors of domestic violence, dating violence, sexual assault, stalking, and sex trafficking by established tribal victim service providers. this program is authorized by consolidated appropriations act, 2022, pub. l. no. 117-103, § 505, 136 stat. 49, 122, 144 (2022). at recent annual government-to-government violence against women tribal consultations, ovw consulted with indian tribes on piloting a program to provide grants to existing victim service providers which would be used specifically to provide victims of domestic violence, dating violence, sexual assault, stalking, and sex trafficking with financial assistance. this type of assistance allows victims the flexibility to meet self-identified needs quickly, helps avert crises such as homelessness rather than responding after the fact, and may be more efficient and cost-effective than current service models. several tribes described the vast unmet needs of survivors in their communities and strongly supported developing funding opportunities that afforded the greatest degree of flexibility to meet those needs. tribal testimony supported ovw developing and piloting such a program.",True,False
"=HYPERLINK(""https://www.grants.gov/search-results-detail/355339"",""HT942524KCRPTRPA"")","DoD Kidney Cancer, Translational Research Partnership Award",DOD-AMRAA,Dept. of the Army -- USAMRAA,Science and Technology and other Research and Development,,Grant,12.420 - Military Medical Research and Development,7680000.0,6.0,none,none,No,,"CDMRP Help Desk
Phone:      301-682-5507
Email:       help@eBRAP.org",,help@eBRAP.org,,,2024-07-11,10/15/2024,Jul-11-2024 12:07:36 PM EST,Synopsis 1,Archived,Yes,Yes,"The FY24 KCRP Translational Research Partnership Award supports partnerships between clinicians and research scientists that will accelerate the movement of promising ideas in kidney cancer toward clinical applications. This award supports the development of translational research collaborations between two independent, faculty-level (or equivalent) investigators to address a central problem or question in kidney cancer in a manner that would be less readily achievable through separate efforts. One partner in the collaboration must be a research scientist and the other must be a clinician. It should be clear that both have had equal intellectual input in the design of the research project. Multi-institutional partnerships are encouraged. At least one member of the partnership must have experience either in kidney cancer research or kidney cancer patient care. Inclusion of experts from outside the kidney cancer field is encouraged. A proposed project in which the clinical partner merely supplies tissue samples or access to patients will not meet the intent of this award mechanism.Preliminary data to support the feasibility of the research hypothesis and research approaches are required; however, these data do not necessarily need to be derived from studies of kidney cancer.Observations that drive a research idea may be derived from a laboratory discovery, population-based studies, or a clinician’s firsthand knowledge of patients and anecdotal data. The ultimate goal of translational research is to move a concept or observation forward into clinical application that is relevant to active-duty Service Members, Veterans, and/or the American public. However, members of the partnership should not view translational research as a one-way continuum from bench to bedside. The research plan must involve a reciprocal flow of ideas and information between basic and clinical science (bench to bedside and/or bedside to bench). There should be an intellectual synergistic partnership between the clinic and the laboratory.The success of the project must be supported by the unique skills and contributions of each partner. The proposed study must include clearly stated plans for interactions between the Principal Investigators (PIs) and institutions involved. The plans must include communication, coordination of research progress and results, and data transfer. Additionally, multi-institutional applications must provide an intellectual property plan to resolve potential intellectual and material property issues and to remove institutional barriers that might interfere with achieving high levels of cooperation to ensure the successful completion of this award.The following are significant features of this award mechanism:The Translational Research Partnership Award (TRPA) requires two or more PIs. One PI will be identified as the Initiating PI and will be responsible for the majority of the administrative tasks associated with application submission. The other PI(s) will be identified as Partnering PI(s). All PIs should contribute significantly to the development and execution of the proposed research project. If recommended for funding, each PI will be named on separate awards to the recipient organization(s). Each award will be subject to separate reporting, regulatory, and administrative requirements. For individual submission requirements for the Initiating PI and Partnering PI, refer to Section II.D.2, Content and Form of the Application Submission.• Partnership: The success of the project should depend on the unique skills and contributions of each partner.• Translation: The application should provide evidence for the reciprocal transfer of information between basic and clinical science, or vice-versa, in developing and implementing the research plan. Translational research may include correlative studies and/or development of or use of annotated biorepositories. The application should demonstrate how the study will leverage clinical information to address knowledge gaps in resulting outcomes, validate key research findings, expand upon potentially transformative results, and/or investigate novel findings.• Impact: The proposed research should indicate the potential to have a significant impact on kidney cancer research and/or patient care and have the potential to accelerate the movement of promising ideas (in prevention, diagnosis, detection, prognosis, treatment, and/or survivorship) into clinical applications. Clinical trials are not allowed.• Feasibility: The application should demonstrate that the investigators have access to the necessary specimens, data, and/or intervention, as applicable.• Preliminary Data: Unpublished results from the laboratory of the Principal Investigators (PIs) named on the application and/or data from the published literature that are relevant to kidney cancer and the proposed research project are required.Projects including Correlative Studies: The FY24 KCRP Translational Research Partnership Award may support correlative studies that are associated with an ongoing or completed clinical trial. The application should demonstrate access to the necessary specimens and/or data of the proposed cohort. Appropriate access must be confirmed at the time of application submission. See Attachment 11, Letter(s) Confirming Access to Specimens and/or Data.Organizational-Level Emphasis Areas: The following areas of emphasis are broadly applicable to many CDMRP programs, not just the KCRP. Investigators are encouraged to consider addressing these areas in their applications if doing so is appropriate for their line of research, addresses the FY24 KCRP Overarching Strategic Goals and Focus Areas described in Section II.A., and meets the intent of the Translational Research Partnership Award.Nuclear Medicine: Innovative research involving nuclear medicine and related techniques to support early diagnosis, more effective treatment, and improved health outcomes of active-duty Service Members and their Families is encouraged. Such research could improve diagnostic and targeted treatment capabilities through noninvasive techniques and may drive the development of precision imaging and advanced targeted therapies.Women’s Health: The CDMRP encourages research on health areas and conditions that affect women uniquely, disproportionately, or differently from men, including studies analyzing sex as a biological variable. Such research should relate anticipated project findings to improvements in women’s health outcomes and/or advancing knowledge for women’s health.Metastatic Cancer Task Force: A congressionally mandated Metastatic Cancer Task Force was formed with the purpose of identifying ways to help accelerate clinical and translational research aimed at extending the lives of advanced state and recurrent patients. As a member of the Metastatic Cancer Task Force, The CDMRP encourages applicants to review the recommendations (https://health.mil/Reference-Center/Congressional-Testimonies/2018/05/03/Metastatic-Cancer-Research) and submit research ideas to address these recommendations provided they are within the limitations of this funding opportunity and fit within the FY24 KCRP priorities.Rigorous Study Design: All projects should adhere to a core set of standards for rigorous study design and reporting to maximize the reproducibility and translational potential of clinical and preclinical research. The standards are described in SC Landis et al., 2012, A call for transparent reporting to optimize the predictive value of preclinical research, Nature 490:187-191 (https://www.nature.com/nature/journal/v490/n7419/full/nature11556.html). While these standards are written for preclinical studies, the basic principles of randomization, blinding, sample-size estimation, and data handling derive from well-established best practices in clinical studies.Military Service Involvement: Applications from investigators within the military services and applications involving multidisciplinary collaborations among academia, industry, the military services, the U.S. Department of Veterans Affairs (VA), and other federal government agencies are highly encouraged. These relationships can leverage knowledge, infrastructure, and access to unique clinical populations that the collaborators bring to the research effort, ultimately advancing research that is of significance to Service Members, Veterans, and/or their Families. If the proposed research relies on access to unique resources or databases, the application must describe the access at the time of submission and include a plan for maintaining access as needed throughout the proposed research.Research involving human subjects and human anatomical substances is permitted; however, clinical trials are not allowed under this funding opportunity.A clinical trial is defined in the Code of Federal Regulations, Title 45, Part 46.102 (45 CFR 46.102) as a research study in which one or more human subjects are prospectively assigned to one or more interventions (which may include a placebo or another control) to evaluate the effects of the interventions on biomedical or behavioral health-related outcomes.Studies that do not seek to measure safety, effectiveness, and/or efficacy outcome(s) of an intervention are not considered clinical trials.For the purposes of this funding opportunity, research that meets the definition of a clinical trial is distinct from clinical research. Clinical research encompasses research with human data, human specimens, and/or interaction with human subjects. Clinical research is observational in nature and includes:(1) Research conducted with human subjects and/or material of human origin such as data, specimens, and cognitive phenomena for which an investigator (or co-investigator) does not seek to assess the safety, effectiveness, and/or efficacy outcomes of an intervention. Research meeting this definition may include but is not limited to: (a) mechanisms of human disease, (b) diagnostic or detection studies (e.g., biomarker or imaging), (c) health disparity studies, and (d) development of new technologies.(2) Epidemiologic and behavioral studies that do not seek to assess the safety, effectiveness, and/or efficacy outcomes of an intervention.(3) Outcomes research and health services research that do not fit under the definition of clinical trial.Excluded from the definition of clinical research are in vitro studies that utilize human data or specimens that cannot be linked to a living individual and meet the requirements for exemption under §46.104(d)(4) of the Common Rule.The funding instrument for awards made under the program announcement will be grants (31 USC 6304).The anticipated combined direct costs budgeted for the entire period of performance for an FY24 KCRP Translational Research Partnership Award should not exceed $800,000. Refer to Section II.D.5, Funding Restrictions, for detailed funding information.Awards supported with FY24 funds will be made no later than September 30, 2025.The CDMRP expects to allot approximately $7.68M to fund approximately six Translational Research Partnership Award applications. Funding of applications received is contingent upon the availability of federal funds for this program, the number of applications received, the quality and merit of the applications as evaluated by peer and programmatic review, and the requirements of the government. Funds to be obligated on any award resulting from this funding opportunity will be available for use for a limited time period based on the fiscal year of the funds. It is anticipated that awards made from this FY24 funding opportunity will be funded with FY24 funds, which will expire for use on September 30, 2030.","Unrestricted (i.e., open to any type of entity above), subject to any clarification in text field entitled ""Additional Information on Eligibility""","the fy24 kcrp translational research partnership award supports partnerships between clinicians and research scientists that will accelerate the movement of promising ideas in kidney cancer toward clinical applications. this award supports the development of translational research collaborations between two independent, faculty-level (or equivalent) investigators to address a central problem or question in kidney cancer in a manner that would be less readily achievable through separate efforts. one partner in the collaboration must be a research scientist and the other must be a clinician. it should be clear that both have had equal intellectual input in the design of the research project. multi-institutional partnerships are encouraged. at least one member of the partnership must have experience either in kidney cancer research or kidney cancer patient care. inclusion of experts from outside the kidney cancer field is encouraged. a proposed project in which the clinical partner merely supplies tissue samples or access to patients will not meet the intent of this award mechanism.preliminary data to support the feasibility of the research hypothesis and research approaches are required; however, these data do not necessarily need to be derived from studies of kidney cancer.observations that drive a research idea may be derived from a laboratory discovery, population-based studies, or a clinician’s firsthand knowledge of patients and anecdotal data. the ultimate goal of translational research is to move a concept or observation forward into clinical application that is relevant to active-duty service members, veterans, and/or the american public. however, members of the partnership should not view translational research as a one-way continuum from bench to bedside. the research plan must involve a reciprocal flow of ideas and information between basic and clinical science (bench to bedside and/or bedside to bench). there should be an intellectual synergistic partnership between the clinic and the laboratory.the success of the project must be supported by the unique skills and contributions of each partner. the proposed study must include clearly stated plans for interactions between the principal investigators (pis) and institutions involved. the plans must include communication, coordination of research progress and results, and data transfer. additionally, multi-institutional applications must provide an intellectual property plan to resolve potential intellectual and material property issues and to remove institutional barriers that might interfere with achieving high levels of cooperation to ensure the successful completion of this award.the following are significant features of this award mechanism:the translational research partnership award (trpa) requires two or more pis. one pi will be identified as the initiating pi and will be responsible for the majority of the administrative tasks associated with application submission. the other pi(s) will be identified as partnering pi(s). all pis should contribute significantly to the development and execution of the proposed research project. if recommended for funding, each pi will be named on separate awards to the recipient organization(s). each award will be subject to separate reporting, regulatory, and administrative requirements. for individual submission requirements for the initiating pi and partnering pi, refer to section ii.d.2, content and form of the application submission.• partnership: the success of the project should depend on the unique skills and contributions of each partner.• translation: the application should provide evidence for the reciprocal transfer of information between basic and clinical science, or vice-versa, in developing and implementing the research plan. translational research may include correlative studies and/or development of or use of annotated biorepositories. the application should demonstrate how the study will leverage clinical information to address knowledge gaps in resulting outcomes, validate key research findings, expand upon potentially transformative results, and/or investigate novel findings.• impact: the proposed research should indicate the potential to have a significant impact on kidney cancer research and/or patient care and have the potential to accelerate the movement of promising ideas (in prevention, diagnosis, detection, prognosis, treatment, and/or survivorship) into clinical applications. clinical trials are not allowed.• feasibility: the application should demonstrate that the investigators have access to the necessary specimens, data, and/or intervention, as applicable.• preliminary data: unpublished results from the laboratory of the principal investigators (pis) named on the application and/or data from the published literature that are relevant to kidney cancer and the proposed research project are required.projects including correlative studies: the fy24 kcrp translational research partnership award may support correlative studies that are associated with an ongoing or completed clinical trial. the application should demonstrate access to the necessary specimens and/or data of the proposed cohort. appropriate access must be confirmed at the time of application submission. see attachment 11, letter(s) confirming access to specimens and/or data.organizational-level emphasis areas: the following areas of emphasis are broadly applicable to many cdmrp programs, not just the kcrp. investigators are encouraged to consider addressing these areas in their applications if doing so is appropriate for their line of research, addresses the fy24 kcrp overarching strategic goals and focus areas described in section ii.a., and meets the intent of the translational research partnership award.nuclear medicine: innovative research involving nuclear medicine and related techniques to support early diagnosis, more effective treatment, and improved health outcomes of active-duty service members and their families is encouraged. such research could improve diagnostic and targeted treatment capabilities through noninvasive techniques and may drive the development of precision imaging and advanced targeted therapies.women’s health: the cdmrp encourages research on health areas and conditions that affect women uniquely, disproportionately, or differently from men, including studies analyzing sex as a biological variable. such research should relate anticipated project findings to improvements in women’s health outcomes and/or advancing knowledge for women’s health.metastatic cancer task force: a congressionally mandated metastatic cancer task force was formed with the purpose of identifying ways to help accelerate clinical and translational research aimed at extending the lives of advanced state and recurrent patients. as a member of the metastatic cancer task force, the cdmrp encourages applicants to review the recommendations (https://health.mil/reference-center/congressional-testimonies/2018/05/03/metastatic-cancer-research) and submit research ideas to address these recommendations provided they are within the limitations of this funding opportunity and fit within the fy24 kcrp priorities.rigorous study design: all projects should adhere to a core set of standards for rigorous study design and reporting to maximize the reproducibility and translational potential of clinical and preclinical research. the standards are described in sc landis et al., 2012, a call for transparent reporting to optimize the predictive value of preclinical research, nature 490:187-191 (https://www.nature.com/nature/journal/v490/n7419/full/nature11556.html). while these standards are written for preclinical studies, the basic principles of randomization, blinding, sample-size estimation, and data handling derive from well-established best practices in clinical studies.military service involvement: applications from investigators within the military services and applications involving multidisciplinary collaborations among academia, industry, the military services, the u.s. department of veterans affairs (va), and other federal government agencies are highly encouraged. these relationships can leverage knowledge, infrastructure, and access to unique clinical populations that the collaborators bring to the research effort, ultimately advancing research that is of significance to service members, veterans, and/or their families. if the proposed research relies on access to unique resources or databases, the application must describe the access at the time of submission and include a plan for maintaining access as needed throughout the proposed research.research involving human subjects and human anatomical substances is permitted; however, clinical trials are not allowed under this funding opportunity.a clinical trial is defined in the code of federal regulations, title 45, part 46.102 (45 cfr 46.102) as a research study in which one or more human subjects are prospectively assigned to one or more interventions (which may include a placebo or another control) to evaluate the effects of the interventions on biomedical or behavioral health-related outcomes.studies that do not seek to measure safety, effectiveness, and/or efficacy outcome(s) of an intervention are not considered clinical trials.for the purposes of this funding opportunity, research that meets the definition of a clinical trial is distinct from clinical research. clinical research encompasses research with human data, human specimens, and/or interaction with human subjects. clinical research is observational in nature and includes:(1) research conducted with human subjects and/or material of human origin such as data, specimens, and cognitive phenomena for which an investigator (or co-investigator) does not seek to assess the safety, effectiveness, and/or efficacy outcomes of an intervention. research meeting this definition may include but is not limited to: (a) mechanisms of human disease, (b) diagnostic or detection studies (e.g., biomarker or imaging), (c) health disparity studies, and (d) development of new technologies.(2) epidemiologic and behavioral studies that do not seek to assess the safety, effectiveness, and/or efficacy outcomes of an intervention.(3) outcomes research and health services research that do not fit under the definition of clinical trial.excluded from the definition of clinical research are in vitro studies that utilize human data or specimens that cannot be linked to a living individual and meet the requirements for exemption under §46.104(d)(4) of the common rule.the funding instrument for awards made under the program announcement will be grants (31 usc 6304).the anticipated combined direct costs budgeted for the entire period of performance for an fy24 kcrp translational research partnership award should not exceed $800,000. refer to section ii.d.5, funding restrictions, for detailed funding information.awards supported with fy24 funds will be made no later than september 30, 2025.the cdmrp expects to allot approximately $7.68m to fund approximately six translational research partnership award applications. funding of applications received is contingent upon the availability of federal funds for this program, the number of applications received, the quality and merit of the applications as evaluated by peer and programmatic review, and the requirements of the government. funds to be obligated on any award resulting from this funding opportunity will be available for use for a limited time period based on the fiscal year of the funds. it is anticipated that awards made from this fy24 funding opportunity will be funded with fy24 funds, which will expire for use on september 30, 2030.",True,False
"=HYPERLINK(""https://www.grants.gov/search-results-detail/355306"",""PD-SEOUL-FY24-06"")",Trilateral Women in Security,DOS-KOR,U.S. Mission to South Korea,"Other (see text field entitled ""Explanation of Other Category of Funding Activity"" for clarification)",Public Diplomacy,Cooperative Agreement,19.040 - Public Diplomacy Programs,180000.0,1.0,180000,1000,No,https://kr.usembassy.gov/grants/,Seoul PD Grants Team,,seoulpdgrants@state.gov,,,2024-07-10,08/12/2024,Jul-10-2024 12:25:00 AM EST,Synopsis 2,Archived,No,Yes,"Funding Opportunity Title: Trilateral Women in Security
Funding Opportunity Number: PD-SEOUL-FY24-06
Deadline for Applications: August 12, 2024, 11:59 p.m. GMT+9
CFDA Number: 19.040
Total Amount Available: $180,000
 
This notice is subject to availability of funding.
 
A. PROGRAM DESCRIPTION
 
The United States is deeply committed to advancing gender equity and equality as a critical element of peace and security. The security and prosperity of the Indo-Pacific region depends on the meaningful integration of women security experts, particularly in the joint cooperation between the United States, Korea, and Japan.  To promote this vital cooperation, the U.S. Embassy in Seoul seeks proposals from organizations (preferably Korea-based or in collaboration with a Korea-based organization) to gather five female-identifying experts from both Korea and Japan (a total of ten) to explore the importance of trilateral cooperation in achieving mutual prosperity and security in the region. The selected grantee will coordinate closely with the U.S. embassies in Seoul and Tokyo to design and implement this two-way exchange program to encourage discussion on shared security priorities and effective trilateral engagement. The grantee will also facilitate the publication of any key outcomes following the program, targeting security and foreign policy experts in both countries.   
 
Key Themes
 
This program represents the second year of Embassy Seoul’s Trilateral Women in Security Program (TWIS). While the 2023-2024 iteration of the program focused broadly on trilateral U.S.- Korea-Japan security cooperation, this iteration of the program should promote themes related to trilateral U.S.-Korea- Japan security cooperation on the below issues:
 
o  Maritime security. 
o  Critical and emerging technologies: Safeguarding responsible usage of critical and emerging technologies like cyber and space.
o  AI and Disinformation: Countering the weaponization of Artificial Intelligence and addressing the increasing national security threats posed by foreign information manipulation.
 
Outputs/Outcomes 
 
Ten opinion leaders from Korea and Japan will participate in this year-long grant program, including virtual topic-based discussions, exchange activities in Korea and Japan, and the publication of advisory papers and articles detailing lessons learned from the program for secondary audiences.
 
Details/Logistics 
 
This is a cooperative agreement.  The selected grantee will work closely with U.S. Embassy Seoul and U.S. Embassy Tokyo to develop and manage the program schedule, identify participants, and design on-the-ground exchange activities.  The program participants are expected to gather virtually once a month to develop a forward-looking agenda for U.S.-ROK-Japan trilateral cooperation.  Program participants should represent women in security, including experts in economic security, emerging technologies, Indo-Pacific Strategy and foreign policy.  At the end of the program, participants should draft policy advisory papers, implement press interviews, publish columns in newspapers, and/or conduct public outreach programs to share their findings.
 
Grantee Expectations  
  
Think tanks, research institutions, and academic associations are encouraged to apply.  This project will facilitate in-depth discussions between Korean and Japanese participants and site visits to organizations in both countries, including ministries of foreign affairs, local research institutes, and other relevant sites. The grantee is expected to have close relations with stakeholders in Korea and Japan for effective communication, planning, and execution.

Note: Not mandatory, but you may use the templates provided here: 
Proposal Template / Budget Template
 
All application materials must be submitted by email to SeoulPDGrants@state.gov

 ","Nonprofits having a 501(c)(3) status with the IRS, other than institutions of higher education; Nonprofits that do not have a 501(c)(3) status with the IRS, other than institutions of higher education; Others (see text field entitled ""Additional Information on Eligibility"" for clarification)","funding opportunity title: trilateral women in security
funding opportunity number: pd-seoul-fy24-06
deadline for applications: august 12, 2024, 11:59 p.m. gmt+9
cfda number: 19.040
total amount available: $180,000
 
this notice is subject to availability of funding.
 
a. program description
 
the united states is deeply committed to advancing gender equity and equality as a critical element of peace and security. the security and prosperity of the indo-pacific region depends on the meaningful integration of women security experts, particularly in the joint cooperation between the united states, korea, and japan.  to promote this vital cooperation, the u.s. embassy in seoul seeks proposals from organizations (preferably korea-based or in collaboration with a korea-based organization) to gather five female-identifying experts from both korea and japan (a total of ten) to explore the importance of trilateral cooperation in achieving mutual prosperity and security in the region. the selected grantee will coordinate closely with the u.s. embassies in seoul and tokyo to design and implement this two-way exchange program to encourage discussion on shared security priorities and effective trilateral engagement. the grantee will also facilitate the publication of any key outcomes following the program, targeting security and foreign policy experts in both countries.   
 
key themes
 
this program represents the second year of embassy seoul’s trilateral women in security program (twis). while the 2023-2024 iteration of the program focused broadly on trilateral u.s.- korea-japan security cooperation, this iteration of the program should promote themes related to trilateral u.s.-korea- japan security cooperation on the below issues:
 
o  maritime security. 
o  critical and emerging technologies: safeguarding responsible usage of critical and emerging technologies like cyber and space.
o  ai and disinformation: countering the weaponization of artificial intelligence and addressing the increasing national security threats posed by foreign information manipulation.
 
outputs/outcomes 
 
ten opinion leaders from korea and japan will participate in this year-long grant program, including virtual topic-based discussions, exchange activities in korea and japan, and the publication of advisory papers and articles detailing lessons learned from the program for secondary audiences.
 
details/logistics 
 
this is a cooperative agreement.  the selected grantee will work closely with u.s. embassy seoul and u.s. embassy tokyo to develop and manage the program schedule, identify participants, and design on-the-ground exchange activities.  the program participants are expected to gather virtually once a month to develop a forward-looking agenda for u.s.-rok-japan trilateral cooperation.  program participants should represent women in security, including experts in economic security, emerging technologies, indo-pacific strategy and foreign policy.  at the end of the program, participants should draft policy advisory papers, implement press interviews, publish columns in newspapers, and/or conduct public outreach programs to share their findings.
 
grantee expectations  
  
think tanks, research institutions, and academic associations are encouraged to apply.  this project will facilitate in-depth discussions between korean and japanese participants and site visits to organizations in both countries, including ministries of foreign affairs, local research institutes, and other relevant sites. the grantee is expected to have close relations with stakeholders in korea and japan for effective communication, planning, and execution.

note: not mandatory, but you may use the templates provided here: 
proposal template / budget template
 
all application materials must be submitted by email to seoulpdgrants@state.gov

 ",True,False
"=HYPERLINK(""https://www.grants.gov/search-results-detail/355292"",""PD-SEOUL-FY24-05"")",2025 Academy for Women Entrepreneurs,DOS-KOR,U.S. Mission to South Korea,"Other (see text field entitled ""Explanation of Other Category of Funding Activity"" for clarification)",Public Diplomacy,Cooperative Agreement,19.040 - Public Diplomacy Programs,75000.0,1.0,75000,1000,No,https://kr.usembassy.gov/grants/,Seoul PD Grants Team,,seoulpdgrants@state.gov,,,2024-07-09,08/12/2024,Jul-08-2024 09:49:53 PM EST,Synopsis 2,Archived,No,Yes,"Funding Opportunity Title: 2025 Academy for Women Entrepreneurs 
Funding Opportunity Number: PD-SEOUL-FY24-05
Deadline for Applications: August 12, 2023, 11:59 p.m. GMT+9
CFDA Number: 19.040 – Public Diplomacy Programs
Total Amount Available: $75,000
 
This notice is subject to availability of funding.
 
A. PROGRAM DESCRIPTION
 
 
After a successful inaugural program in 2024, U.S. Embassy Seoul is excited to launch the second Academy for Women Entrepreneurs (AWE) in Korea.  The U.S. Department of State created AWE to support and empower women entrepreneurs globally.  The program provides the skills, knowledge, and resources needed to build, manage, and scale successful businesses – a key priority highlighted by both President Biden and President Yoon during the 2023 U.S.-ROK State Visit.  Participants will gain skills to maximize their contributions to the Korean economy and facilitate entry into the U.S. market. 

 The selected grantee will facilitate a pre-made curriculum combining online and offline components.  The curriculum covers topics including entrepreneurship, business planning, marketing, financial management, and pitching.  The grantee will also collaborate with U.S. Embassy Seoul to organize networking activities for participants to build relationships amongst themselves and to expand their networks of Korean and American business leaders. Prior to the program, the grantee organization will receive an AWE training session to familiarize themselves with the program's curriculum.
 
Key Outputs:
 
Recruitment:
The grantee, in close collaboration with U.S. Embassy Seoul, will recruit 25 women entrepreneurs who have been running their businesses since inception.  Detailed participant selection criteria will be designed in close collaboration with the grantee organization.
 
Program:
Training: The first phase of the program will focus on Thunderbird University's three-month-long “100 Million Learners Program,” delivered online. During this phase, the grantee organization will maintain regular check-ins with participants to ensure their active engagement.  Monthly in-person meetings will be held to facilitate discussion of the material and best practices for adapting these skills to their own businesses. 
 
Networking: The grantee organization will organize networking activities. U.S. Embassy Seoul will supplement these activities with invitations for participants to attend related ongoing programs or events. In particular, these networking activities should involve the inaugural 2024 AWE cohort and their mentors, when possible. 
 
Events: The program will culminate in a graduation ceremony in Fall 2025. Select, high-performing participants will be invited to attend Select USA in 2025 and/or to become mentees in the Select USA Global Women in Tech program.
 
Monitoring and Evaluation:
The grantee organization will conduct ongoing surveys to assess participants' experiences before and after attending the AWE program.  These surveys will assess the relevance of the materials to their businesses and reflections on the trainings.
 

Note: Not mandatory, but you may use the templates provided here: 
Proposal Template / Budget Template
 
All application materials must be submitted by email to SeoulPDGrants@state.gov

 ","Nonprofits having a 501(c)(3) status with the IRS, other than institutions of higher education; Nonprofits that do not have a 501(c)(3) status with the IRS, other than institutions of higher education; Others (see text field entitled ""Additional Information on Eligibility"" for clarification)","funding opportunity title: 2025 academy for women entrepreneurs 
funding opportunity number: pd-seoul-fy24-05
deadline for applications: august 12, 2023, 11:59 p.m. gmt+9
cfda number: 19.040 – public diplomacy programs
total amount available: $75,000
 
this notice is subject to availability of funding.
 
a. program description
 
 
after a successful inaugural program in 2024, u.s. embassy seoul is excited to launch the second academy for women entrepreneurs (awe) in korea.  the u.s. department of state created awe to support and empower women entrepreneurs globally.  the program provides the skills, knowledge, and resources needed to build, manage, and scale successful businesses – a key priority highlighted by both president biden and president yoon during the 2023 u.s.-rok state visit.  participants will gain skills to maximize their contributions to the korean economy and facilitate entry into the u.s. market. 

 the selected grantee will facilitate a pre-made curriculum combining online and offline components.  the curriculum covers topics including entrepreneurship, business planning, marketing, financial management, and pitching.  the grantee will also collaborate with u.s. embassy seoul to organize networking activities for participants to build relationships amongst themselves and to expand their networks of korean and american business leaders. prior to the program, the grantee organization will receive an awe training session to familiarize themselves with the program's curriculum.
 
key outputs:
 
recruitment:
the grantee, in close collaboration with u.s. embassy seoul, will recruit 25 women entrepreneurs who have been running their businesses since inception.  detailed participant selection criteria will be designed in close collaboration with the grantee organization.
 
program:
training: the first phase of the program will focus on thunderbird university's three-month-long “100 million learners program,” delivered online. during this phase, the grantee organization will maintain regular check-ins with participants to ensure their active engagement.  monthly in-person meetings will be held to facilitate discussion of the material and best practices for adapting these skills to their own businesses. 
 
networking: the grantee organization will organize networking activities. u.s. embassy seoul will supplement these activities with invitations for participants to attend related ongoing programs or events. in particular, these networking activities should involve the inaugural 2024 awe cohort and their mentors, when possible. 
 
events: the program will culminate in a graduation ceremony in fall 2025. select, high-performing participants will be invited to attend select usa in 2025 and/or to become mentees in the select usa global women in tech program.
 
monitoring and evaluation:
the grantee organization will conduct ongoing surveys to assess participants' experiences before and after attending the awe program.  these surveys will assess the relevance of the materials to their businesses and reflections on the trainings.
 

note: not mandatory, but you may use the templates provided here: 
proposal template / budget template
 
all application materials must be submitted by email to seoulpdgrants@state.gov

 ",True,False
"=HYPERLINK(""https://www.grants.gov/search-results-detail/355283"",""ANG-ARDF-FY24-01"")",ARDF - Empowering Angolan Public Defenders,DOS-AGO,U.S. Mission to Angola,Regional Development,,Grant,19.225 - Africa Regional Democracy Fund,350000.0,1.0,350000,100000,No,,"If you have difficulty accessing the full announcement electronically, please contact:

U.S. Embassy to Angola and Sao Tome e Principe in Luanda",,luandagrants@state.gov,,,2024-07-08,08/23/2024,Jul-08-2024 11:52:25 AM EST,Synopsis 1,Archived,Yes,Yes,"The U.S. Embassy to Angola and Sao Tome e Principe in Luanda is pleased to announce the availability of an open competition funding opportunity to carry out a project to empower lawyers, legal professionals, and human rights defenders to advocate for access to justice for vulnerable populations and provide adequate defense in cases of human rights violations, particularly in cases related to freedom of speech and assembly and arbitrary detention of human rights defenders. The project aims to create a unified vision for the legal defense of human rights in Angola. 
 
While the law states that all detainees have a right to legal counsel, either chosen by them or appointed by the government on a pro bono basis, legal professionals report that there are an insufficient number of lawyers to handle the volume of criminal cases. This situation is exacerbated for vulnerable populations (women, youth, underrepresented ethnic groups), detainees outside of Luanda, and cases involving sensitive human rights issues. 
 
This project should complement and build upon prior and ongoing work in these areas by international organizations, or non-governmental organizations (NGOs), but ideally would seek to meet challenges not currently being addressed by other projects.","Others (see text field entitled ""Additional Information on Eligibility"" for clarification)","the u.s. embassy to angola and sao tome e principe in luanda is pleased to announce the availability of an open competition funding opportunity to carry out a project to empower lawyers, legal professionals, and human rights defenders to advocate for access to justice for vulnerable populations and provide adequate defense in cases of human rights violations, particularly in cases related to freedom of speech and assembly and arbitrary detention of human rights defenders. the project aims to create a unified vision for the legal defense of human rights in angola. 
 
while the law states that all detainees have a right to legal counsel, either chosen by them or appointed by the government on a pro bono basis, legal professionals report that there are an insufficient number of lawyers to handle the volume of criminal cases. this situation is exacerbated for vulnerable populations (women, youth, underrepresented ethnic groups), detainees outside of luanda, and cases involving sensitive human rights issues. 
 
this project should complement and build upon prior and ongoing work in these areas by international organizations, or non-governmental organizations (ngos), but ideally would seek to meet challenges not currently being addressed by other projects.",True,False
"=HYPERLINK(""https://www.grants.gov/search-results-detail/355239"",""O-OVC-2024-172195"")",OVC FY24 Specialized Human Trafficking Training and Technical Assistance on the Violence Against Women Act (VAWA) Confidentiality Provision – Invited to Apply,USDOJ-OJP-OVC,Office for Victims of Crime,Income Security and Social Services,,Cooperative Agreement,16.320 - Services for Trafficking Victims,1000000.0,1.0,1000000,0,No,https://ovc.ojp.gov/funding/current-funding-opportunities,"Please contact Solicitation Manager.
Beatrice.L.Waldrop@usdoj.gov",,Beatrice.L.Waldrop@usdoj.gov,,,2024-07-02,07/22/2024,Jul-02-2024 11:02:21 AM EST,Synopsis 1,Closed,Yes,No,"With this solicitation, OVC seeks to to support OVC’s Human Trafficking Grant Program grantees and their subrecipients through the provision of training and technical assistance and the development of tools and resources on the Violence Against Women Act confidentiality provision requirements through a direct invitation to National Network to End Domestic Violence, Inc..","Others (see text field entitled ""Additional Information on Eligibility"" for clarification)","with this solicitation, ovc seeks to to support ovc’s human trafficking grant program grantees and their subrecipients through the provision of training and technical assistance and the development of tools and resources on the violence against women act confidentiality provision requirements through a direct invitation to national network to end domestic violence, inc..",True,False
"=HYPERLINK(""https://www.grants.gov/search-results-detail/355219"",""24-587"")","Research on the Science and Technology Enterprise: Indicators, Statistics, and Methods (NCSES S&T)",NSF,National Science Foundation,Science and Technology and other Research and Development,,Grant,"47.075 - Social, Behavioral, and Economic Sciences",1500000.0,10.0,none,none,No,http://www.nsf.gov/publications/pub_summ.jsp?ods_key=nsf24587,"NSF grants.gov support
grantsgovsupport@nsf.gov",,grantsgovsupport@nsf.gov,,,2024-07-01,06/17/2025,Jan-29-2025 01:00:06 AM EST,Synopsis 3,Posted,Yes,No,"The National Center for Science and Engineering Statistics (NCSES) of the National Science Foundation (NSF) is one of the thirteen principal federal statistical agencies within the United States. It is responsible for the collection, acquisition, analysis, reporting and dissemination of objective, statistical data related to the science and technology (S&T) enterprise in the United States and other nations that is relevant and useful to practitioners, researchers, policymakers and the public. NCSES uses this information to prepare a number of statistical data reports including Women, Minorities and Persons with Disabilities in Science and Engineering and the National Science Board's biennial report, Science and Engineering (S&E) Indicators.


The Center would like to enhance its efforts to support analytic and methodological research in support of its surveys as well as promote the education and training of researchers in the use of large-scale nationally representative datasets. NCSES welcomes efforts by the research community to use NCSES or other data to conduct research on the S&T enterprise, develop improved survey methodologies that could benefit NCSES surveys, explore alternate data sources that could supplement NCSES data, create and improve indicators of S&T activities and resources, strengthen methodologies to analyze S&T statistical data, and explore innovative ways to communicate S&T statistics. To that end, NCSES invites proposals for individual or multi-investigator research projects, doctoral dissertation improvement awards, conferences, experimental research, survey research and data collection, and dissemination projects under its program for Research on the Science and Technology Enterprise: Indicators, Statistics, and Methods (NCSES S&T).","Others (see text field entitled ""Additional Information on Eligibility"" for clarification)","the national center for science and engineering statistics (ncses) of the national science foundation (nsf) is one of the thirteen principal federal statistical agencies within the united states. it is responsible for the collection, acquisition, analysis, reporting and dissemination of objective, statistical data related to the science and technology (s&t) enterprise in the united states and other nations that is relevant and useful to practitioners, researchers, policymakers and the public. ncses uses this information to prepare a number of statistical data reports including women, minorities and persons with disabilities in science and engineering and the national science board's biennial report, science and engineering (s&e) indicators.


the center would like to enhance its efforts to support analytic and methodological research in support of its surveys as well as promote the education and training of researchers in the use of large-scale nationally representative datasets. ncses welcomes efforts by the research community to use ncses or other data to conduct research on the s&t enterprise, develop improved survey methodologies that could benefit ncses surveys, explore alternate data sources that could supplement ncses data, create and improve indicators of s&t activities and resources, strengthen methodologies to analyze s&t statistical data, and explore innovative ways to communicate s&t statistics. to that end, ncses invites proposals for individual or multi-investigator research projects, doctoral dissertation improvement awards, conferences, experimental research, survey research and data collection, and dissemination projects under its program for research on the science and technology enterprise: indicators, statistics, and methods (ncses s&t).",True,False
"=HYPERLINK(""https://www.grants.gov/search-results-detail/354927"",""PDS-COL-2024-FLMWKSHFEST"")",Film Makers Capacity Workshops and Festival,DOS-LKA,U.S. Mission to Sri Lanka,"Other (see text field entitled ""Explanation of Other Category of Funding Activity"" for clarification)","Capacity and skill building, women's empowerment",Cooperative Agreement,19.040 - Public Diplomacy Programs,55000.0,1.0,55000,25000,No,https://lk.usembassy.gov/grant-opportunities,"ColomboPDGrants@state.gov
Grant Management Team, Public DIplomacy Section, US Embassy Colombo, Sri Lanka",,ColomboPDGrants@state.gov,,,2024-07-01,08/02/2024,Jun-13-2024 06:12:00 AM EST,Synopsis 1,Archived,Yes,Yes,"The Public Diplomacy Section (PDS) of the U.S. Embassy in Colombo announces an open competition to implement a program to build the capacities of young filmmakers – including women -- in Sri Lanka. This program will build the skills, knowledge, and capacities of new voices and emerging filmmakers in all areas of Sri Lanka, with an eye to supporting story telling around issues of gender, inclusion, and gender-based violence. In addition to providing training and support for young filmmakers, the event will culminate in a film-sharing festival, most likely held in Colombo, Sri Lanka, to highlight the filmmakers and their messages.","Nonprofits that do not have a 501(c)(3) status with the IRS, other than institutions of higher education; Private institutions of higher education; Others (see text field entitled ""Additional Information on Eligibility"" for clarification)","the public diplomacy section (pds) of the u.s. embassy in colombo announces an open competition to implement a program to build the capacities of young filmmakers – including women -- in sri lanka. this program will build the skills, knowledge, and capacities of new voices and emerging filmmakers in all areas of sri lanka, with an eye to supporting story telling around issues of gender, inclusion, and gender-based violence. in addition to providing training and support for young filmmakers, the event will culminate in a film-sharing festival, most likely held in colombo, sri lanka, to highlight the filmmakers and their messages.",True,False
"=HYPERLINK(""https://www.grants.gov/search-results-detail/355195"",""PD-SEOUL-FY24-04"")",2025 Young Trilateral Leaders Network (YTL) Regional Workshops on Critical and Emerging Technologies,DOS-KOR,U.S. Mission to South Korea,"Other (see text field entitled ""Explanation of Other Category of Funding Activity"" for clarification)",Public Diplomacy,Cooperative Agreement; Grant; Other,19.040 - Public Diplomacy Programs,120000.0,1.0,120000,1000,No,https://kr.usembassy.gov/grants/,Seoul PD Grants Team,,seoulpdgrants@state.gov,,,2024-06-28,07/31/2024,Jun-27-2024 08:51:12 PM EST,Synopsis 3,Archived,No,Yes,"Funding Opportunity Title: 2025 Young Trilateral Leaders Network (YTL) Regional Workshops on Critical and Emerging Technologies
Funding Opportunity Number: PD-SEOUL-FY24-04
Deadline for Applications: Wednesday, July 31, 11:59 p.m. GMT+9
CFDA Number: 19.040 – Public Diplomacy Programs
Total Amount Available: $120,000
 
This notice is subject to availability of funding.
 
A. PROGRAM DESCRIPTION

 Introduction: The Public Diplomacy Section’s (PD) of U.S. Embassy Seoul and U.S. Embassy Tokyo of the U.S. Department of State are pleased to announce a Notice of Funding Opportunity (NOFO) for a series of regional workshops and accompanying virtual engagements on critical and emerging technologies to be run under a Cooperative Agreement as part of the 2025 Young Trilateral Leaders Network (YTL) program. YTL is a new initiative based on the outcomes of the 2023 Camp David Trilateral Leaders’ Summit and 2024 U.S.-ROK-Japan Trilateral Global Leadership Youth Summit that seeks to include youth aged 20-35 in meaningful dialogue about the shared opportunities and challenges facing the United States, Republic of Korea, and Japan. 
 
The inaugural YTL programmatic year will focus on a series of regional workshops that encourage Korean and Japanese youth to collaborate with -- and learn from -- American peer experts on issues related critical and emerging technologies. Workshops should explore how youth living in the ROK, Japan, and U.S. can leverage new technologies to tackle the most challenging issues facing the Indo-Pacific region today. Potential programmatic topic areas could include:
 
·        AI’s impact on democratic institutions and education systems
·        Quantum computing
·        Social media mis/disinformation
·        Young women’s participation and success in STEM fields
·        Semiconductors
·        Games and immersive technologies as collaborative spaces
·        Next generation clean energy technology
·        Leveraging new technologies to encourage youth civic participation 
·        Space exploration
 
Based on their organizational expertise, applicants may also propose other critical and emerging technology topics that are not listed here. Please refer to the White House’s Critical and Emerging Technologies List for more detailed information.
 
Target Audience: Korean and Japanese college students and young professionals aged 20-35 from diverse backgrounds who work, study or have a demonstrated interest in critical emerging technologies, speak fluent English, and are interested in trilateral collaboration. The total number of participants should be adjusted based on the available budget. Participants should reflect the United States government’s commitment to diversity, inclusion, equity, and accessibility
 
Location: Workshops must take place in both the Republic of Korea and Japan. Applicants are strongly encouraged to submit proposals that include most of their programming outside of the Seoul and Tokyo metropolitan areas. Virtual components should supplement in-person activities.
 
Timeline: Successful proposals should include a series of focused programs on topics of interest that will take place starting throughout 2025. 
 
Alumni Engagement: Proposals must explain how the inaugural program year will build a tight-knit network of program alumni and should include a robust and realistic alumni engagement plan. 
 
Monitoring and Evaluation (M&E): Proposals must include a substantive monitoring and evaluation plan that sets clear goals and metrics to be tracked throughout the project. In addition, M&E plans should include data collection (via focus groups, surveys, etc.) of participant populations to capture their feedback on the program and opinions on broader trilateral cooperation. 
 
Misc: 
·        Proposals must include an American element or connection with U.S. experts, organizations, or institutions. Proposals may include requests for international travel and related costs of experts, speakers, and key individuals in support of broader activities. 
·        Given the nature of trilateral programs, programs should be conducted in English – or if the target population lacks English fluency, must include interpretation. Programs whose exclusive goal is teaching English will not be considered.


Note: Not mandatory, but you may use the templates provided here: 
Proposal Template / Budget Template
 
All application materials must be submitted by email to SeoulPDGrants@state.gov

 ","Nonprofits having a 501(c)(3) status with the IRS, other than institutions of higher education; Nonprofits that do not have a 501(c)(3) status with the IRS, other than institutions of higher education; Others (see text field entitled ""Additional Information on Eligibility"" for clarification)","funding opportunity title: 2025 young trilateral leaders network (ytl) regional workshops on critical and emerging technologies
funding opportunity number: pd-seoul-fy24-04
deadline for applications: wednesday, july 31, 11:59 p.m. gmt+9
cfda number: 19.040 – public diplomacy programs
total amount available: $120,000
 
this notice is subject to availability of funding.
 
a. program description

 introduction: the public diplomacy section’s (pd) of u.s. embassy seoul and u.s. embassy tokyo of the u.s. department of state are pleased to announce a notice of funding opportunity (nofo) for a series of regional workshops and accompanying virtual engagements on critical and emerging technologies to be run under a cooperative agreement as part of the 2025 young trilateral leaders network (ytl) program. ytl is a new initiative based on the outcomes of the 2023 camp david trilateral leaders’ summit and 2024 u.s.-rok-japan trilateral global leadership youth summit that seeks to include youth aged 20-35 in meaningful dialogue about the shared opportunities and challenges facing the united states, republic of korea, and japan. 
 
the inaugural ytl programmatic year will focus on a series of regional workshops that encourage korean and japanese youth to collaborate with -- and learn from -- american peer experts on issues related critical and emerging technologies. workshops should explore how youth living in the rok, japan, and u.s. can leverage new technologies to tackle the most challenging issues facing the indo-pacific region today. potential programmatic topic areas could include:
 
·        ai’s impact on democratic institutions and education systems
·        quantum computing
·        social media mis/disinformation
·        young women’s participation and success in stem fields
·        semiconductors
·        games and immersive technologies as collaborative spaces
·        next generation clean energy technology
·        leveraging new technologies to encourage youth civic participation 
·        space exploration
 
based on their organizational expertise, applicants may also propose other critical and emerging technology topics that are not listed here. please refer to the white house’s critical and emerging technologies list for more detailed information.
 
target audience: korean and japanese college students and young professionals aged 20-35 from diverse backgrounds who work, study or have a demonstrated interest in critical emerging technologies, speak fluent english, and are interested in trilateral collaboration. the total number of participants should be adjusted based on the available budget. participants should reflect the united states government’s commitment to diversity, inclusion, equity, and accessibility
 
location: workshops must take place in both the republic of korea and japan. applicants are strongly encouraged to submit proposals that include most of their programming outside of the seoul and tokyo metropolitan areas. virtual components should supplement in-person activities.
 
timeline: successful proposals should include a series of focused programs on topics of interest that will take place starting throughout 2025. 
 
alumni engagement: proposals must explain how the inaugural program year will build a tight-knit network of program alumni and should include a robust and realistic alumni engagement plan. 
 
monitoring and evaluation (m&e): proposals must include a substantive monitoring and evaluation plan that sets clear goals and metrics to be tracked throughout the project. in addition, m&e plans should include data collection (via focus groups, surveys, etc.) of participant populations to capture their feedback on the program and opinions on broader trilateral cooperation. 
 
misc: 
·        proposals must include an american element or connection with u.s. experts, organizations, or institutions. proposals may include requests for international travel and related costs of experts, speakers, and key individuals in support of broader activities. 
·        given the nature of trilateral programs, programs should be conducted in english – or if the target population lacks english fluency, must include interpretation. programs whose exclusive goal is teaching english will not be considered.


note: not mandatory, but you may use the templates provided here: 
proposal template / budget template
 
all application materials must be submitted by email to seoulpdgrants@state.gov

 ",True,False
"=HYPERLINK(""https://www.grants.gov/search-results-detail/355211"",""OFOP0001473"")",U.S. EMBASSY TO LIBYA PAS ANNUAL PROGRAM STATEMENT,DOS-TUN,U.S. Mission to Tunisia,Community Development,,Grant,19.040 - Public Diplomacy Programs,25000.0,25.0,25000,500,Yes,https://mygrants.servicenowservices.com/mygrants?id=mygrants_form&table=x_g_usd4_o_grant_funding_opportunity&sys_id=15b0c4fb87fa0650203441d6cebb3591&view=Default,LibyaUSAExchanges@state.gov,,,,,2024-06-28,01/01/2099,Jun-28-2024 10:21:19 AM EST,Synopsis 1,Posted,No,No,"U.S. DEPARTMENT OF STATE
U.S. EMBASSY TO LIBYA, PUBLIC AFFAIRS SECTION
Notice of Funding Opportunity (NOFO)

Funding Opportunity Title: U.S. Embassy to Libya PAS Annual Program Statement
Funding Opportunity Number: PAS Tripoli FY2024
CFDA Number: 19.040 Public Diplomacy Programs
Maximum for Each Award: $25,000 USD

PROGRAM DESCRIPTION
The U.S. Embassy Tripoli Public Affairs Section (PAS) is pleased to announce that funding is available through its Public Diplomacy Small Grants Program. This is an Annual Program Statement, outlining our funding priorities, the strategic themes we focus on, and the procedures for submitting requests for funding. Please carefully follow all instructions below.

The objectives of the Public Diplomacy Grant Program are to build capacity and community, promote social good, and enhance mutual understanding between the people of Libya and the United States. The U.S. Embassy to Libya is seeking projects that:

Capitalize on arts initiatives to increase unity, social cohesion, and reconciliation that deepen Libyan national identity and are consistent with U.S. values.
Promote leadership, positive community engagement, volunteerism, entrepreneurship, and soft skills development among youth, women, and underserved communities.
Increase Libyan youth capabilities to help them explore and develop technological solutions for social problems through Science, Technology, Engineering, Arts, and Math (STEAM) programs.
Projects that address environmental challenges to mitigate the effects of climate change are highly encouraged.

Note: Alumni of U.S. Government funded exchange programs are encouraged to apply. Initiatives that support diversity and inclusion of minority groups and link with U.S. universities or organizations are also welcome.  

Additional information on this link: https://ly.usembassy.gov/notice-of-funding-opportunity-nofo/","Others (see text field entitled ""Additional Information on Eligibility"" for clarification)","u.s. department of state
u.s. embassy to libya, public affairs section
notice of funding opportunity (nofo)

funding opportunity title: u.s. embassy to libya pas annual program statement
funding opportunity number: pas tripoli fy2024
cfda number: 19.040 public diplomacy programs
maximum for each award: $25,000 usd

program description
the u.s. embassy tripoli public affairs section (pas) is pleased to announce that funding is available through its public diplomacy small grants program. this is an annual program statement, outlining our funding priorities, the strategic themes we focus on, and the procedures for submitting requests for funding. please carefully follow all instructions below.

the objectives of the public diplomacy grant program are to build capacity and community, promote social good, and enhance mutual understanding between the people of libya and the united states. the u.s. embassy to libya is seeking projects that:

capitalize on arts initiatives to increase unity, social cohesion, and reconciliation that deepen libyan national identity and are consistent with u.s. values.
promote leadership, positive community engagement, volunteerism, entrepreneurship, and soft skills development among youth, women, and underserved communities.
increase libyan youth capabilities to help them explore and develop technological solutions for social problems through science, technology, engineering, arts, and math (steam) programs.
projects that address environmental challenges to mitigate the effects of climate change are highly encouraged.

note: alumni of u.s. government funded exchange programs are encouraged to apply. initiatives that support diversity and inclusion of minority groups and link with u.s. universities or organizations are also welcome.  

additional information on this link: https://ly.usembassy.gov/notice-of-funding-opportunity-nofo/",True,False
"=HYPERLINK(""https://www.grants.gov/search-results-detail/355217"",""DFOP0016734"")",Capacity Building for AWEP,DOS-AF,Bureau of African Affairs,Business and Commerce,,Grant,19.989 - State/African Regional - Other Economic Support Funds (ESF) Projects/Programs,1627725.0,1.0,1627725,1627725,No,https://mygrants.servicenowservices.com/mygrants?id=mygrants_form&table=x_g_usd4_d_grant_funding_opportunity&sys_id=1463f2191b4b0690e02962cae54bcb4c&view=Default,"Cartersm2@state.gov
BubnaAC@state.gov",,Cartersm2@state.gov,,,2024-06-28,08/06/2024,Jul-02-2024 09:25:19 AM EST,Synopsis 3,Archived,Yes,Yes,The African Women's Entrepreneurship Program (AWEP) is a U.S. Department of State initiative that aims to increase access to business capital and capacity-building resources for African businesswomen to promote their participation in international trade. This funding opportunity aims to solicit applications from entities that can develop a project to increase the export capabilities of AWEP members via capacity-building and technical assistance trainings as well as grants. The services may be offered in person or online. There are over 30 AWEP chapters in Africa which serve as business associations for African business women and will provide the beneficiaries of the project.,"Nonprofits having a 501(c)(3) status with the IRS, other than institutions of higher education",the african women's entrepreneurship program (awep) is a u.s. department of state initiative that aims to increase access to business capital and capacity-building resources for african businesswomen to promote their participation in international trade. this funding opportunity aims to solicit applications from entities that can develop a project to increase the export capabilities of awep members via capacity-building and technical assistance trainings as well as grants. the services may be offered in person or online. there are over 30 awep chapters in africa which serve as business associations for african business women and will provide the beneficiaries of the project.,True,False
"=HYPERLINK(""https://www.grants.gov/search-results-detail/355188"",""HT942524RTRPATDA"")","DoD Reconstructive Transplant, Advanced Technology Development Award",DOD-AMRAA,Dept. of the Army -- USAMRAA,Science and Technology and other Research and Development,,Grant,12.420 - Military Medical Research and Development,3500000.0,3.0,none,none,No,,"CDMRP Help Desk
Phone: 301-682-5507
Email: help@eBRAP.org",,help@eBRAP.org,,,2024-06-27,10/23/2024,Jun-27-2024 03:17:11 PM EST,Synopsis 1,Archived,Yes,Yes,"The FY24 RTRP Advanced Technology Development Award is intended to support research critical for the translation of promising preclinical findings into products focused on reconstructive transplantation.Proposed research and products to be developed may be materiel products such as drugs, biologic agents, devices, or knowledge-based products such as technical reports and clinical practice guidelines that inform clinical/operational decisions and promote evidence-based changes in clinical practice and standard of care. Proposed research may include preclinical studies in animal models, human subjects, or human anatomical substances, as well as correlative studies associated with an existing clinical trial.Important aspects of this award mechanism include:• Study Design and Feasibility: The proposed study design should be clearly described, rigorous, well-integrated, and support maximal reproducibility and translational feasibility. A statistical plan with appropriate power analysis should be included, if applicable. It should be clear how the proposed study design of this project will position the product for the next phase of development as described in the post-award Transition Plan (Attachment 9). If a model system is included in the research, it should be appropriate for the study and applicable to VCA.• Impact/Military Relevance: The short- and long-term impacts of the proposed research should be clearly articulated. Projects must address at least one of the FY24 RTRP Advanced Technology Development Award Focus Areas listed in Section II.A.1 above. All products to be developed must be responsive to the health care needs of military Service Members and/or Veterans recovering from traumatic injury, and/or their Family members, caregivers, or clinicians, as well as the general public. Collaboration with military and VA researchers and clinicians is encouraged but not required.• Transition Plan: The post-award Transition Plan (Attachment 9) should include potential funding and resources and show how the product will progress to the next level of development (e.g., clinical trials, delivery to the military or civilian market) after the successful completion of this award. A regulatory strategy as applicable to the proposed research/product should also be included.• Preliminary Data: Proof of concept demonstrating the potential utility of the proposed product, or a prototype/preliminary version of the proposed product, must already be established. Preliminary and/or published data that are relevant to reconstructive transplantation and support the rationale for the proposed study must be included (these data may be unpublished if from a member of the research team or from the published literature).Important Note: Leveraging novel findings from solid organ transplant research for testing in a VCA setting is acceptable if the rationale and benefits for doing so are appropriately explained and justified. For example, it should be clear why the anticipated result might be different in VCA, or why it is important to confirm the result is the same in VCA, or why repeating the study in a VCA setting could lead to new mechanistic insights or a better understanding of unique aspects of VCA.Advancing Women’s Health Research and Innovation: The CDMRP encourages research on health areas and conditions that affect women uniquely, disproportionately, or differently from men, including studies analyzing sex as a biological variable. Such research should relate anticipated project findings to improvements in women’s health outcomes and/or advancing knowledge for women's health. The RTRP therefore encourages research that addresses how various aspects of reconstructive transplant affect women uniquely, disproportionately, or differently from men.Multiple Principal Investigator (PI) Option: The Advanced Technology Development Award includes an option for up to four PIs. One PI will be identified as the Initiating PI and will be responsible for the majority of the administrative tasks associated with application submission. The other PI(s) will be identified as Partnering PI(s). All PIs should contribute significantly to the development and execution of the proposed research project. If recommended for funding, each PI will be named on separate awards to the recipient organization(s). Each award will be subject to separate reporting, regulatory, and administrative requirements. For individual submission requirements for the Initiating and Partnering PI(s), refer to Section II.D.2, Content and Form of the Application Submission.Rigor of Experimental Design: All projects should adhere to a core set of standards for rigorous study design and reporting to maximize the reproducibility and translational potential of clinical and preclinical research. The standards are described in SC Landis et al., 2012, A call for transparent reporting to optimize the predictive value of preclinical research, Nature 490:187-191 (http://www.nature.com/nature/journal/v490/n7419/full/nature11556.html). While these standards are written for preclinical studies, the basic principles of randomization, blinding, sample-size estimation, and data handling derive from well-established best practices in clinical studies.Use of Department of Defense (DOD) or VA Resources: Applications from investigators within the military services and applications involving multidisciplinary collaborations among academia, industry, the military services, the VA, and other federal government agencies are highly encouraged. These relationships can leverage knowledge, infrastructure, and access to unique clinical populations that the collaborators bring to the research effort, ultimately advancing research that is of significance to Service Members, Veterans, and/or their Families. If the proposed research relies on access to unique resources or databases, the application must describe the access at the time of submission and include a plan for maintaining access as needed throughout the proposed research.For research involving animals, human subjects, human anatomical substances, or human cadavers, please see to the General Application Instructions, Appendix 6, for more information.Clinical trials are not allowed under this funding opportunity. A clinical trial is defined in the Code of Federal Regulations, Title 45, Part 46.102 (45 CFR 46.102) as a research study in which one or more human subjects are prospectively assigned to one or more interventions (which may include a placebo or another control) to evaluate the effects of the interventions on biomedical or behavioral health-related outcomes.Studies that do not seek to measure safety, effectiveness, and/or efficacy outcome(s) of an intervention are not considered clinical trials.For the purposes of this funding opportunity, research that meets the definition of a clinical trial is distinct from clinical research. Clinical research is allowed under this funding opportunity. Clinical research encompasses research with human data, human specimens, and/or interaction with human subjects. Clinical research is observational in nature and includes:(1) Research conducted with human subjects and/or material of human origin such as data, specimens, and cognitive phenomena for which an investigator (or co-investigator) does not seek to assess the safety, effectiveness, and/or efficacy outcomes of an intervention. Research meeting this definition may include but is not limited to: (a) mechanisms of human disease, (b) diagnostic or detection studies (e.g., biomarker or imaging), (c) health disparity studies, and (d) development of new technologies.(2) Epidemiologic and behavioral studies that do not seek to assess the safety, effectiveness, and/or efficacy outcomes of an intervention.(3) Outcomes research and health services research that do not fit under the definition of clinical trial.Excluded from the definition of clinical research are in vitro studies that utilize human data or specimens that cannot be linked to a living individual and meet the requirements for exemption under §46.104(d)(4) of the Common Rule.In-Progress Review: The RTRP holds annual In-Progress Review meetings in a virtual setting as a forum for award performers to present progress updates to the Programmatic Panel and RTRP staff. Award recipients may receive an invitation to present their project at one of these meetings during the period of performance of their award.The funding instrument for awards made under the program announcement will be grants (31 USC 6304).The anticipated total costs budgeted for the entire period of performance for an FY24 RTRP Advanced Technology Development Award should not exceed $1.0M for single PI applications and $1.5M for applications submitted under the Multiple PI Option. Refer to Section II.D.5, Funding Restrictions, for detailed funding information.Awards supported with FY24 funds will be made no later than September 30, 2025.The CDMRP expects to allot approximately $3.5M to fund approximately three Advanced Technology Development Award applications. Funding of applications received is contingent upon the availability of federal funds for this program, the number of applications received, the quality and merit of the applications as evaluated by peer and programmatic review, and the requirements of the government. Funds to be obligated on any award resulting from this funding opportunity will be available for use for a limited time period based on the fiscal year of the funds. It is anticipated that awards made from this FY24 funding opportunity will be funded with FY24 funds, which will expire for use on September 30, 2030.","Unrestricted (i.e., open to any type of entity above), subject to any clarification in text field entitled ""Additional Information on Eligibility""","the fy24 rtrp advanced technology development award is intended to support research critical for the translation of promising preclinical findings into products focused on reconstructive transplantation.proposed research and products to be developed may be materiel products such as drugs, biologic agents, devices, or knowledge-based products such as technical reports and clinical practice guidelines that inform clinical/operational decisions and promote evidence-based changes in clinical practice and standard of care. proposed research may include preclinical studies in animal models, human subjects, or human anatomical substances, as well as correlative studies associated with an existing clinical trial.important aspects of this award mechanism include:• study design and feasibility: the proposed study design should be clearly described, rigorous, well-integrated, and support maximal reproducibility and translational feasibility. a statistical plan with appropriate power analysis should be included, if applicable. it should be clear how the proposed study design of this project will position the product for the next phase of development as described in the post-award transition plan (attachment 9). if a model system is included in the research, it should be appropriate for the study and applicable to vca.• impact/military relevance: the short- and long-term impacts of the proposed research should be clearly articulated. projects must address at least one of the fy24 rtrp advanced technology development award focus areas listed in section ii.a.1 above. all products to be developed must be responsive to the health care needs of military service members and/or veterans recovering from traumatic injury, and/or their family members, caregivers, or clinicians, as well as the general public. collaboration with military and va researchers and clinicians is encouraged but not required.• transition plan: the post-award transition plan (attachment 9) should include potential funding and resources and show how the product will progress to the next level of development (e.g., clinical trials, delivery to the military or civilian market) after the successful completion of this award. a regulatory strategy as applicable to the proposed research/product should also be included.• preliminary data: proof of concept demonstrating the potential utility of the proposed product, or a prototype/preliminary version of the proposed product, must already be established. preliminary and/or published data that are relevant to reconstructive transplantation and support the rationale for the proposed study must be included (these data may be unpublished if from a member of the research team or from the published literature).important note: leveraging novel findings from solid organ transplant research for testing in a vca setting is acceptable if the rationale and benefits for doing so are appropriately explained and justified. for example, it should be clear why the anticipated result might be different in vca, or why it is important to confirm the result is the same in vca, or why repeating the study in a vca setting could lead to new mechanistic insights or a better understanding of unique aspects of vca.advancing women’s health research and innovation: the cdmrp encourages research on health areas and conditions that affect women uniquely, disproportionately, or differently from men, including studies analyzing sex as a biological variable. such research should relate anticipated project findings to improvements in women’s health outcomes and/or advancing knowledge for women's health. the rtrp therefore encourages research that addresses how various aspects of reconstructive transplant affect women uniquely, disproportionately, or differently from men.multiple principal investigator (pi) option: the advanced technology development award includes an option for up to four pis. one pi will be identified as the initiating pi and will be responsible for the majority of the administrative tasks associated with application submission. the other pi(s) will be identified as partnering pi(s). all pis should contribute significantly to the development and execution of the proposed research project. if recommended for funding, each pi will be named on separate awards to the recipient organization(s). each award will be subject to separate reporting, regulatory, and administrative requirements. for individual submission requirements for the initiating and partnering pi(s), refer to section ii.d.2, content and form of the application submission.rigor of experimental design: all projects should adhere to a core set of standards for rigorous study design and reporting to maximize the reproducibility and translational potential of clinical and preclinical research. the standards are described in sc landis et al., 2012, a call for transparent reporting to optimize the predictive value of preclinical research, nature 490:187-191 (http://www.nature.com/nature/journal/v490/n7419/full/nature11556.html). while these standards are written for preclinical studies, the basic principles of randomization, blinding, sample-size estimation, and data handling derive from well-established best practices in clinical studies.use of department of defense (dod) or va resources: applications from investigators within the military services and applications involving multidisciplinary collaborations among academia, industry, the military services, the va, and other federal government agencies are highly encouraged. these relationships can leverage knowledge, infrastructure, and access to unique clinical populations that the collaborators bring to the research effort, ultimately advancing research that is of significance to service members, veterans, and/or their families. if the proposed research relies on access to unique resources or databases, the application must describe the access at the time of submission and include a plan for maintaining access as needed throughout the proposed research.for research involving animals, human subjects, human anatomical substances, or human cadavers, please see to the general application instructions, appendix 6, for more information.clinical trials are not allowed under this funding opportunity. a clinical trial is defined in the code of federal regulations, title 45, part 46.102 (45 cfr 46.102) as a research study in which one or more human subjects are prospectively assigned to one or more interventions (which may include a placebo or another control) to evaluate the effects of the interventions on biomedical or behavioral health-related outcomes.studies that do not seek to measure safety, effectiveness, and/or efficacy outcome(s) of an intervention are not considered clinical trials.for the purposes of this funding opportunity, research that meets the definition of a clinical trial is distinct from clinical research. clinical research is allowed under this funding opportunity. clinical research encompasses research with human data, human specimens, and/or interaction with human subjects. clinical research is observational in nature and includes:(1) research conducted with human subjects and/or material of human origin such as data, specimens, and cognitive phenomena for which an investigator (or co-investigator) does not seek to assess the safety, effectiveness, and/or efficacy outcomes of an intervention. research meeting this definition may include but is not limited to: (a) mechanisms of human disease, (b) diagnostic or detection studies (e.g., biomarker or imaging), (c) health disparity studies, and (d) development of new technologies.(2) epidemiologic and behavioral studies that do not seek to assess the safety, effectiveness, and/or efficacy outcomes of an intervention.(3) outcomes research and health services research that do not fit under the definition of clinical trial.excluded from the definition of clinical research are in vitro studies that utilize human data or specimens that cannot be linked to a living individual and meet the requirements for exemption under §46.104(d)(4) of the common rule.in-progress review: the rtrp holds annual in-progress review meetings in a virtual setting as a forum for award performers to present progress updates to the programmatic panel and rtrp staff. award recipients may receive an invitation to present their project at one of these meetings during the period of performance of their award.the funding instrument for awards made under the program announcement will be grants (31 usc 6304).the anticipated total costs budgeted for the entire period of performance for an fy24 rtrp advanced technology development award should not exceed $1.0m for single pi applications and $1.5m for applications submitted under the multiple pi option. refer to section ii.d.5, funding restrictions, for detailed funding information.awards supported with fy24 funds will be made no later than september 30, 2025.the cdmrp expects to allot approximately $3.5m to fund approximately three advanced technology development award applications. funding of applications received is contingent upon the availability of federal funds for this program, the number of applications received, the quality and merit of the applications as evaluated by peer and programmatic review, and the requirements of the government. funds to be obligated on any award resulting from this funding opportunity will be available for use for a limited time period based on the fiscal year of the funds. it is anticipated that awards made from this fy24 funding opportunity will be funded with fy24 funds, which will expire for use on september 30, 2030.",True,False
"=HYPERLINK(""https://www.grants.gov/search-results-detail/355186"",""HT942524RTRPIIRA"")","DoD Reconstructive Transplant Research, Investigator-Initiated Research Award",DOD-AMRAA,Dept. of the Army -- USAMRAA,Science and Technology and other Research and Development,,Grant,12.420 - Military Medical Research and Development,4000000.0,3.0,none,none,No,,"CDMRP Help Desk
Phone: 301-682-5507
Email: help@eBRAP.org",,help@eBRAP.org,,,2024-06-27,10/23/2024,Jun-27-2024 02:19:35 PM EST,Synopsis 1,Archived,Yes,Yes,"The FY24 RTRP Investigator-Initiated Research Award is intended to support studies that have the potential to make an important contribution to reconstructive transplant research, patient care, and/or quality of life. Though the RTRP Investigator-Initiated Research Award mechanism supports groundbreaking research, all projects must demonstrate solid scientific rationale with military-relevant utility. Important aspects of this award mechanism include:• Study Design and Feasibility: The proposed study design should be clearly described, rigorous, and support maximal reproducibility and translational feasibility. A statistical plan with appropriate power analysis should be included, as applicable. If a model system is included in the research, it should be appropriate for the study and applicable to VCA.• Impact: The short- and long-term impact of the proposed research should be clearly articulated. Projects must address at least one of the FY24 RTRP Investigator-Initiated Research Award Focus Areas.• Military Relevance: All projects must be responsive to the health care needs of military Service Members and/or Veterans recovering from traumatic injury, and/or their Family members, caregivers, or clinicians, as well as the general public. Collaboration with military researchers and clinicians is encouraged, but not required.• Preliminary Data: Observations that drive a research idea may be derived from laboratory discovery, population-based studies, a clinician’s first-hand knowledge of patients, or anecdotal data. Preliminary and/or published data that are relevant to reconstructive transplantation and support the rationale for the proposed research must be included.Important Note: Leveraging novel findings from solid organ transplant research for testing in a VCA setting is acceptable if the rationale and benefits for doing so are appropriately explained and justified. For example, it should be clear why the anticipated result might be different in VCA, or why it’s important to confirm the result is the same in VCA, or why repeating the study in a VCA setting could lead to new mechanistic insights or a better understanding of unique aspects of VCA.Investigator-Initiated Research Award applications may focus on any phase of research from basic through translational, including preclinical studies in animal models, and clinical research in human subjects or human anatomical substances, as well as correlative studies associated with an existing clinical trial.Advancing Women’s Health Research and Innovation: The CDMRP encourages research on health areas and conditions that affect women uniquely, disproportionately, or differently from men, including studies analyzing sex as a biological variable. Such research should relate anticipated project findings to improvements in women’s health outcomes and/or advancing knowledge for women's health. The RTRP therefore encourages research that addresses how various aspects of reconstructive transplant affect women uniquely, disproportionately, or differently from men.Multiple Principal Investigator (PI) Option: The Investigator-Initiated Research Award includes an option for up to four PIs. One PI will be identified as the Initiating PI and will be responsible for the majority of the administrative tasks associated with application submission. The other PI(s) will be identified as Partnering PI(s). All PIs should contribute significantly to the development and execution of the proposed research project. If recommended for funding, each PI will be named on separate awards to the recipient organization(s). Each award will be subject to separate reporting, regulatory, and administrative requirements. For individual submission requirements for the Initiating and Partnering PI(s), refer to Section II.D.2, Content and Form of the Application Submission.Rigor of Experimental Design: All projects should adhere to a core set of standards for rigorous study design and reporting to maximize the reproducibility and translational potential of clinical and preclinical research. The standards are described in SC Landis et al., 2012, A call for transparent reporting to optimize the predictive value of preclinical research, Nature 490:187-191 (http://www.nature.com/nature/journal/v490/n7419/full/nature11556.html). While these standards are written for preclinical studies, the basic principles of randomization, blinding, sample-size estimation, and data handling derive from well-established best practices in clinical studies.Use of Department of Defense (DOD) or VA Resources: Applications from investigators within the military services and applications involving multidisciplinary collaborations among academia, industry, the military services, the VA, and other federal government agencies are highly encouraged. These relationships can leverage knowledge, infrastructure, and access to unique clinical populations that the collaborators bring to the research effort, ultimately advancing research that is of significance to Service Members, Veterans, and/or their Families. If the proposed research relies on access to unique resources or databases, the application must describe the access at the time of submission and include a plan for maintaining access as needed throughout the proposed research.For research involving animals, human subjects, human anatomical substances, or human cadavers, please see to the General Application Instructions, Appendix 6, for more information.Clinical trials are not allowed under this funding opportunity. A clinical trial is defined in the Code of Federal Regulations, Title 45, Part 46.102 (45 CFR 46.102) as a research study in which one or more human subjects are prospectively assigned to one or more interventions (which may include a placebo or another control) to evaluate the effects of the interventions on biomedical or behavioral health-related outcomes.Studies that do not seek to measure safety, effectiveness, and/or efficacy outcome(s) of an intervention are not considered clinical trials.For the purposes of this funding opportunity, research that meets the definition of a clinical trial is distinct from clinical research. Clinical research is allowed under this funding opportunity. Clinical research encompasses research with human data, human specimens, and/or interaction with human subjects. Clinical research is observational in nature and includes:(1) Research conducted with human subjects and/or material of human origin such as data, specimens, and cognitive phenomena for which an investigator (or co-investigator) does not seek to assess the safety, effectiveness, and/or efficacy outcomes of an intervention. Research meeting this definition may include but is not limited to: (a) mechanisms of human disease, (b) diagnostic or detection studies (e.g., biomarker or imaging), (c) health disparity studies, and (d) development of new technologies.(2) Epidemiologic and behavioral studies that do not seek to assess the safety, effectiveness, and/or efficacy outcomes of an intervention.(3) Outcomes research and health services research that do not fit under the definition of clinical trial.Excluded from the definition of clinical research are in vitro studies that utilize human data or specimens that cannot be linked to a living individual and meet the requirements for exemption under §46.104(d)(4) of the Common Rule.In-Progress Review: The RTRP holds annual In-Progress Review meetings in a virtual setting as a forum for award performers to present progress updates to the Programmatic Panel and RTRP staff. Award recipients may receive an invitation to present their project at one of these meetings during the period of performance of their award.The funding instrument for awards made under the program announcement will be grants (31 USC 6304).The anticipated total costs budgeted for the entire period of performance for an FY24 RTRP Investigator-Initiated Research Award should not exceed $1.0M for single PI applications and $1.5M for applications submitted under the Multiple PI Option. Refer to Section II.D.5, Funding Restrictions, for detailed funding information.Awards supported with FY24 funds will be made no later than September 30, 2025.The CDMRP expects to allot approximately $4.0M to fund approximately three Investigator-Initiated Research Award applications. Funding of applications received is contingent upon the availability of federal funds for this program, the number of applications received, the quality and merit of the applications as evaluated by peer and programmatic review, and the requirements of the government. Funds to be obligated on any award resulting from this funding opportunity will be available for use for a limited time period based on the fiscal year of the funds. It is anticipated that awards made from this FY24 funding opportunity will be funded with FY24 funds, which will expire for use on September 30, 2030.","Unrestricted (i.e., open to any type of entity above), subject to any clarification in text field entitled ""Additional Information on Eligibility""","the fy24 rtrp investigator-initiated research award is intended to support studies that have the potential to make an important contribution to reconstructive transplant research, patient care, and/or quality of life. though the rtrp investigator-initiated research award mechanism supports groundbreaking research, all projects must demonstrate solid scientific rationale with military-relevant utility. important aspects of this award mechanism include:• study design and feasibility: the proposed study design should be clearly described, rigorous, and support maximal reproducibility and translational feasibility. a statistical plan with appropriate power analysis should be included, as applicable. if a model system is included in the research, it should be appropriate for the study and applicable to vca.• impact: the short- and long-term impact of the proposed research should be clearly articulated. projects must address at least one of the fy24 rtrp investigator-initiated research award focus areas.• military relevance: all projects must be responsive to the health care needs of military service members and/or veterans recovering from traumatic injury, and/or their family members, caregivers, or clinicians, as well as the general public. collaboration with military researchers and clinicians is encouraged, but not required.• preliminary data: observations that drive a research idea may be derived from laboratory discovery, population-based studies, a clinician’s first-hand knowledge of patients, or anecdotal data. preliminary and/or published data that are relevant to reconstructive transplantation and support the rationale for the proposed research must be included.important note: leveraging novel findings from solid organ transplant research for testing in a vca setting is acceptable if the rationale and benefits for doing so are appropriately explained and justified. for example, it should be clear why the anticipated result might be different in vca, or why it’s important to confirm the result is the same in vca, or why repeating the study in a vca setting could lead to new mechanistic insights or a better understanding of unique aspects of vca.investigator-initiated research award applications may focus on any phase of research from basic through translational, including preclinical studies in animal models, and clinical research in human subjects or human anatomical substances, as well as correlative studies associated with an existing clinical trial.advancing women’s health research and innovation: the cdmrp encourages research on health areas and conditions that affect women uniquely, disproportionately, or differently from men, including studies analyzing sex as a biological variable. such research should relate anticipated project findings to improvements in women’s health outcomes and/or advancing knowledge for women's health. the rtrp therefore encourages research that addresses how various aspects of reconstructive transplant affect women uniquely, disproportionately, or differently from men.multiple principal investigator (pi) option: the investigator-initiated research award includes an option for up to four pis. one pi will be identified as the initiating pi and will be responsible for the majority of the administrative tasks associated with application submission. the other pi(s) will be identified as partnering pi(s). all pis should contribute significantly to the development and execution of the proposed research project. if recommended for funding, each pi will be named on separate awards to the recipient organization(s). each award will be subject to separate reporting, regulatory, and administrative requirements. for individual submission requirements for the initiating and partnering pi(s), refer to section ii.d.2, content and form of the application submission.rigor of experimental design: all projects should adhere to a core set of standards for rigorous study design and reporting to maximize the reproducibility and translational potential of clinical and preclinical research. the standards are described in sc landis et al., 2012, a call for transparent reporting to optimize the predictive value of preclinical research, nature 490:187-191 (http://www.nature.com/nature/journal/v490/n7419/full/nature11556.html). while these standards are written for preclinical studies, the basic principles of randomization, blinding, sample-size estimation, and data handling derive from well-established best practices in clinical studies.use of department of defense (dod) or va resources: applications from investigators within the military services and applications involving multidisciplinary collaborations among academia, industry, the military services, the va, and other federal government agencies are highly encouraged. these relationships can leverage knowledge, infrastructure, and access to unique clinical populations that the collaborators bring to the research effort, ultimately advancing research that is of significance to service members, veterans, and/or their families. if the proposed research relies on access to unique resources or databases, the application must describe the access at the time of submission and include a plan for maintaining access as needed throughout the proposed research.for research involving animals, human subjects, human anatomical substances, or human cadavers, please see to the general application instructions, appendix 6, for more information.clinical trials are not allowed under this funding opportunity. a clinical trial is defined in the code of federal regulations, title 45, part 46.102 (45 cfr 46.102) as a research study in which one or more human subjects are prospectively assigned to one or more interventions (which may include a placebo or another control) to evaluate the effects of the interventions on biomedical or behavioral health-related outcomes.studies that do not seek to measure safety, effectiveness, and/or efficacy outcome(s) of an intervention are not considered clinical trials.for the purposes of this funding opportunity, research that meets the definition of a clinical trial is distinct from clinical research. clinical research is allowed under this funding opportunity. clinical research encompasses research with human data, human specimens, and/or interaction with human subjects. clinical research is observational in nature and includes:(1) research conducted with human subjects and/or material of human origin such as data, specimens, and cognitive phenomena for which an investigator (or co-investigator) does not seek to assess the safety, effectiveness, and/or efficacy outcomes of an intervention. research meeting this definition may include but is not limited to: (a) mechanisms of human disease, (b) diagnostic or detection studies (e.g., biomarker or imaging), (c) health disparity studies, and (d) development of new technologies.(2) epidemiologic and behavioral studies that do not seek to assess the safety, effectiveness, and/or efficacy outcomes of an intervention.(3) outcomes research and health services research that do not fit under the definition of clinical trial.excluded from the definition of clinical research are in vitro studies that utilize human data or specimens that cannot be linked to a living individual and meet the requirements for exemption under §46.104(d)(4) of the common rule.in-progress review: the rtrp holds annual in-progress review meetings in a virtual setting as a forum for award performers to present progress updates to the programmatic panel and rtrp staff. award recipients may receive an invitation to present their project at one of these meetings during the period of performance of their award.the funding instrument for awards made under the program announcement will be grants (31 usc 6304).the anticipated total costs budgeted for the entire period of performance for an fy24 rtrp investigator-initiated research award should not exceed $1.0m for single pi applications and $1.5m for applications submitted under the multiple pi option. refer to section ii.d.5, funding restrictions, for detailed funding information.awards supported with fy24 funds will be made no later than september 30, 2025.the cdmrp expects to allot approximately $4.0m to fund approximately three investigator-initiated research award applications. funding of applications received is contingent upon the availability of federal funds for this program, the number of applications received, the quality and merit of the applications as evaluated by peer and programmatic review, and the requirements of the government. funds to be obligated on any award resulting from this funding opportunity will be available for use for a limited time period based on the fiscal year of the funds. it is anticipated that awards made from this fy24 funding opportunity will be funded with fy24 funds, which will expire for use on september 30, 2030.",True,False
"=HYPERLINK(""https://www.grants.gov/search-results-detail/355168"",""PD-KIGALI-FY24-05"")",Academy for Women Entrepreneurs (AWE),DOS-RWA,U.S. Mission to Rwanda,"Other (see text field entitled ""Explanation of Other Category of Funding Activity"" for clarification)",Public Diplomacy,Cooperative Agreement,19.040 - Public Diplomacy Programs,32500.0,1.0,32500,25000,No,,"Kigali Public Diplomacy
Grantor",,KigaliPDGrants@state.gov,,,2024-06-27,08/30/2024,Aug-23-2024 05:41:31 AM EST,Synopsis 2,Archived,No,Yes,"A. PROGRAM DESCRIPTION
 The U.S. Embassy Kigali Public Diplomacy Section of the U.S. Department of State announces an open competition for organizations to submit applications to organize and implement the Academy for Women Entrepreneurs Program, which will include facilitating a course on Global Entrepreneurship & Sustainable Business and planning and hosting a regional AWE conference. Please follow all instructions below.
 
Program Objectives: 
The first program element is to facilitate the traditional DreamBuilder program, which brings together a cohort of 30 women who meet online and in-person to learn core business skills such as strategic planning, marketing, and finance, then discuss the material with local facilitators, business leaders, and U.S. exchange alumni mentors. The DreamBuilder program should run for a period of six months, one facilitation session per week for 13 weeks, followed by three months of mentoring. The content for the training is offered at no-cost through the DreamBuilder online platform.
 
The second program element is facilitating a course that is part of the Najafi 100 Million Learners Global Initiative, which will seek 15 participants who’s businesses are at more advanced level. The course should run for six months using the curriculum of the “Global Entrepreneurship & Sustainable Business” course. 
The third program element is organizing and hosting an AWE conference in Rwanda, designed to be a full two-day program targeting 80 AWE alumnae.
 
The program will have the following objectives:
 
Objective 1 – Ensure that more women have the skills, capabilities, and resources to fully participate in the economy.
Objective 2 – Promote women's social and economic empowerment.
Objective 3 – Continue to build on past AWE cohorts to strengthen the entrepreneurial eco-system in Rwanda for women.
 
Participants and Audiences:
For the DreamBuilder program, selection criteria will be based on having a small business or business idea. The target audience will be 30 women aged 25-45 who are starting businesses or have just started one and want to learn how to grow it. 
For the Global Entrepreneurship & Sustainable Business course, participant selection criteria should be based on type of business, maturity of business, and education level of applicants. This course targets women aged 25 to 45 who have strong computer and internet skills. A bachelor’s degree is required. 
For the conference, selection criteria should be based on graduation from an AWE program, include a mix of participants from prior AWE cohorts, and have the availability to participant for two full days.  
","Others (see text field entitled ""Additional Information on Eligibility"" for clarification)","a. program description
 the u.s. embassy kigali public diplomacy section of the u.s. department of state announces an open competition for organizations to submit applications to organize and implement the academy for women entrepreneurs program, which will include facilitating a course on global entrepreneurship & sustainable business and planning and hosting a regional awe conference. please follow all instructions below.
 
program objectives: 
the first program element is to facilitate the traditional dreambuilder program, which brings together a cohort of 30 women who meet online and in-person to learn core business skills such as strategic planning, marketing, and finance, then discuss the material with local facilitators, business leaders, and u.s. exchange alumni mentors. the dreambuilder program should run for a period of six months, one facilitation session per week for 13 weeks, followed by three months of mentoring. the content for the training is offered at no-cost through the dreambuilder online platform.
 
the second program element is facilitating a course that is part of the najafi 100 million learners global initiative, which will seek 15 participants who’s businesses are at more advanced level. the course should run for six months using the curriculum of the “global entrepreneurship & sustainable business” course. 
the third program element is organizing and hosting an awe conference in rwanda, designed to be a full two-day program targeting 80 awe alumnae.
 
the program will have the following objectives:
 
objective 1 – ensure that more women have the skills, capabilities, and resources to fully participate in the economy.
objective 2 – promote women's social and economic empowerment.
objective 3 – continue to build on past awe cohorts to strengthen the entrepreneurial eco-system in rwanda for women.
 
participants and audiences:
for the dreambuilder program, selection criteria will be based on having a small business or business idea. the target audience will be 30 women aged 25-45 who are starting businesses or have just started one and want to learn how to grow it. 
for the global entrepreneurship & sustainable business course, participant selection criteria should be based on type of business, maturity of business, and education level of applicants. this course targets women aged 25 to 45 who have strong computer and internet skills. a bachelor’s degree is required. 
for the conference, selection criteria should be based on graduation from an awe program, include a mix of participants from prior awe cohorts, and have the availability to participant for two full days.  
",True,False
"=HYPERLINK(""https://www.grants.gov/search-results-detail/355187"",""HT942524RTRPIDA"")","DoD Reconstructive Transplant, Idea Discovery Award",DOD-AMRAA,Dept. of the Army -- USAMRAA,Science and Technology and other Research and Development,,Grant,12.420 - Military Medical Research and Development,2500000.0,5.0,none,none,No,,"CDMRP Help Desk
Phone: 301-682-5507
Email: help@eBRAP.org",,help@eBRAP.org,,,2024-06-27,10/23/2024,Jun-27-2024 02:58:24 PM EST,Synopsis 1,Archived,Yes,Yes,"The FY24 RTRP Idea Discovery Award is intended to support innovative, untested, high-risk/ potentially high-reward concepts, theories, paradigms, and/or methods relevant to reconstructive transplant. The outcome of research supported by this award should be the generation of robust data that can be used as a foundation for new avenues of scientific investigation.Important aspects of this award mechanism include:• Innovation: The proposed project should be novel and innovative. Innovative research may introduce a new paradigm, challenge existing paradigms, look at existing problems from new perspectives, or exhibit other uniquely creative qualities. If the proposed project is building upon established research performed in solid tissue organs, there must be justification for how the proposed theory is novel. Research that is an incremental advance upon published data or a logical progression of an already established research project is not considered innovative and will not be considered for funding under this award mechanism.Important Note: Leveraging novel findings from solid organ transplant research for testing in a VCA setting is acceptable if the rationale and benefits for doing so are appropriately explained and justified. For example, it should be clear why the anticipated result might be different in VCA, or why it’s important to confirm the result is the same in VCA, or why repeating the study in a VCA setting could lead to new mechanistic insights or a better understanding of unique aspects of VCA.• Hypothesis and Rationale: The proposed research project should include a well-formulated testable hypothesis based on strong scientific rationale and study design. If a model system is included in the research, it should be appropriate for the study and applicable to VCA.• Preliminary Data: Inclusion of preliminary and/or published data that support the scientific rationale or evidence that the proposed work can be completed are required; however, the proposed work should be innovative and untested.• Impact: Applications must address at least one of the FY24 RTRP IDA Focus Areas. The anticipated outcome(s)/product(s), including material and/or knowledge products, should be clearly articulated, as should the anticipated long-term gains from this research trajectory.• Military Relevance: All projects should be responsive to the health care needs of military Service Members and/or Veterans recovering from traumatic injury, and/or their Family members, caregivers, or clinicians, as well as the general public. Collaboration with military researchers and clinicians is encouraged.Advancing Women’s Health Research and Innovation: The CDMRP encourages research on health areas and conditions that affect women uniquely, disproportionately, or differently from men, including studies analyzing sex as a biological variable. Such research should relate anticipated project findings to improvements in women’s health outcomes and/or advancing knowledge for women's health. The RTRP therefore encourages research that addresses how various aspects of reconstructive transplant affect women uniquely, disproportionately, or differently from men.Rigor of Experimental Design: All projects should adhere to a core set of standards for rigorous study design and reporting to maximize the reproducibility and translational potential of clinical and preclinical research. The standards are described in SC Landis et al., 2012, A call for transparent reporting to optimize the predictive value of preclinical research, Nature 490:187-191 (http://www.nature.com/nature/journal/v490/n7419/full/nature11556.html). While these standards are written for preclinical studies, the basic principles of randomization, blinding, sample-size estimation, and data handling derive from well-established best practices in clinical studies.Use of Department of Defense (DOD) or VA Resources: Applications from investigators within the military services and applications involving multidisciplinary collaborations among academia, industry, the military services, the VA, and other federal government agencies are highly encouraged. These relationships can leverage knowledge, infrastructure, and access to unique clinical populations that the collaborators bring to the research effort, ultimately advancing research that is of significance to Service Members, Veterans, and/or their Families. If the proposed research relies on access to unique resources or databases, the application must describe the access at the time of submission and include a plan for maintaining access as needed throughout the proposed research.For research involving animals, human subjects, human anatomical substances, or human cadavers, please see to the General Application Instructions, Appendix 6, for more information.Because the FY24 RTRP Idea Discovery Award is designed for preliminary investigations, projects involving human subjects or anatomical substances will not be supported unless they are exempt under Title 32, Code of Federal Regulations, Part 219, Section 104(d) (32 CFR 219.104[d]) or eligible for expedited review under 32 CFR 219.110 or 21 CFR 56.110. Studies that do not qualify for exempt status or expedited review will be administratively withdrawn and will not be funded. Therefore, clinical trials are not allowed under this funding opportunity. A clinical trial is defined in the Code of Federal Regulations, Title 45, Part 46.102 (45 CFR 46.102) as a research study in which one or more human subjects are prospectively assigned to one or more interventions (which may include a placebo or another control) to evaluate the effects of the interventions on biomedical or behavioral health-related outcomes.Studies that do not seek to measure safety, effectiveness, and/or efficacy outcome(s) of an intervention are not considered clinical trials.For the purposes of this funding opportunity, research that meets the definition of a clinical trial is distinct from clinical research. Clinical research is allowed under this funding opportunity. Clinical research encompasses research with human data, human specimens, and/or interaction with human subjects. Clinical research is observational in nature and includes:(1) Research conducted with human subjects and/or material of human origin such as data, specimens, and cognitive phenomena for which an investigator (or co-investigator) does not seek to assess the safety, effectiveness, and/or efficacy outcomes of an intervention. Research meeting this definition may include but is not limited to (a) mechanisms of human disease, (b) diagnostic or detection studies (e.g., biomarker or imaging), (c) health disparity studies, and (d) development of new technologies.(2) Epidemiologic and behavioral studies that do not seek to assess the safety, effectiveness, and/or efficacy outcomes of an intervention.(3) Outcomes research and health services research that do not fit under the definition of clinical trial.Excluded from the definition of clinical research are in vitro studies that utilize human data or specimens that cannot be linked to a living individual and meet the requirements for exemption under §46.104(d)(4) of the Common Rule.In-Progress Review: The RTRP holds annual In-Progress Review meetings in a virtual setting as a forum for award performers to present progress updates to the Programmatic Panel and RTRP staff. Award recipients may receive an invitation to present their project at one of these meetings during the period of performance of their award.The funding instrument for awards made under the program announcement will be grants (31 USC 6304).The anticipated total costs budgeted for the entire period of performance for an FY24 RTRP Idea Discovery Award should not exceed $500,000. Refer to Section II.D.5, Funding Restrictions, for detailed funding information.DOD FY24 Reconstructive Transplant Idea Discovery Award 7Awards supported with FY24 funds will be made no later than September 30, 2025.The CDMRP expects to allot approximately $2.5M to fund approximately five Idea Discovery Award applications. Funding of applications received is contingent upon the availability of federal funds for this program, the number of applications received, the quality and merit of the applications as evaluated by peer and programmatic review, and the requirements of the government. Funds to be obligated on any award resulting from this funding opportunity will be available for use for a limited time period based on the fiscal year of the funds. It is anticipated that awards made from this FY24 funding opportunity will be funded with FY24 funds, which will expire for use on September 30, 2030.","Unrestricted (i.e., open to any type of entity above), subject to any clarification in text field entitled ""Additional Information on Eligibility""","the fy24 rtrp idea discovery award is intended to support innovative, untested, high-risk/ potentially high-reward concepts, theories, paradigms, and/or methods relevant to reconstructive transplant. the outcome of research supported by this award should be the generation of robust data that can be used as a foundation for new avenues of scientific investigation.important aspects of this award mechanism include:• innovation: the proposed project should be novel and innovative. innovative research may introduce a new paradigm, challenge existing paradigms, look at existing problems from new perspectives, or exhibit other uniquely creative qualities. if the proposed project is building upon established research performed in solid tissue organs, there must be justification for how the proposed theory is novel. research that is an incremental advance upon published data or a logical progression of an already established research project is not considered innovative and will not be considered for funding under this award mechanism.important note: leveraging novel findings from solid organ transplant research for testing in a vca setting is acceptable if the rationale and benefits for doing so are appropriately explained and justified. for example, it should be clear why the anticipated result might be different in vca, or why it’s important to confirm the result is the same in vca, or why repeating the study in a vca setting could lead to new mechanistic insights or a better understanding of unique aspects of vca.• hypothesis and rationale: the proposed research project should include a well-formulated testable hypothesis based on strong scientific rationale and study design. if a model system is included in the research, it should be appropriate for the study and applicable to vca.• preliminary data: inclusion of preliminary and/or published data that support the scientific rationale or evidence that the proposed work can be completed are required; however, the proposed work should be innovative and untested.• impact: applications must address at least one of the fy24 rtrp ida focus areas. the anticipated outcome(s)/product(s), including material and/or knowledge products, should be clearly articulated, as should the anticipated long-term gains from this research trajectory.• military relevance: all projects should be responsive to the health care needs of military service members and/or veterans recovering from traumatic injury, and/or their family members, caregivers, or clinicians, as well as the general public. collaboration with military researchers and clinicians is encouraged.advancing women’s health research and innovation: the cdmrp encourages research on health areas and conditions that affect women uniquely, disproportionately, or differently from men, including studies analyzing sex as a biological variable. such research should relate anticipated project findings to improvements in women’s health outcomes and/or advancing knowledge for women's health. the rtrp therefore encourages research that addresses how various aspects of reconstructive transplant affect women uniquely, disproportionately, or differently from men.rigor of experimental design: all projects should adhere to a core set of standards for rigorous study design and reporting to maximize the reproducibility and translational potential of clinical and preclinical research. the standards are described in sc landis et al., 2012, a call for transparent reporting to optimize the predictive value of preclinical research, nature 490:187-191 (http://www.nature.com/nature/journal/v490/n7419/full/nature11556.html). while these standards are written for preclinical studies, the basic principles of randomization, blinding, sample-size estimation, and data handling derive from well-established best practices in clinical studies.use of department of defense (dod) or va resources: applications from investigators within the military services and applications involving multidisciplinary collaborations among academia, industry, the military services, the va, and other federal government agencies are highly encouraged. these relationships can leverage knowledge, infrastructure, and access to unique clinical populations that the collaborators bring to the research effort, ultimately advancing research that is of significance to service members, veterans, and/or their families. if the proposed research relies on access to unique resources or databases, the application must describe the access at the time of submission and include a plan for maintaining access as needed throughout the proposed research.for research involving animals, human subjects, human anatomical substances, or human cadavers, please see to the general application instructions, appendix 6, for more information.because the fy24 rtrp idea discovery award is designed for preliminary investigations, projects involving human subjects or anatomical substances will not be supported unless they are exempt under title 32, code of federal regulations, part 219, section 104(d) (32 cfr 219.104[d]) or eligible for expedited review under 32 cfr 219.110 or 21 cfr 56.110. studies that do not qualify for exempt status or expedited review will be administratively withdrawn and will not be funded. therefore, clinical trials are not allowed under this funding opportunity. a clinical trial is defined in the code of federal regulations, title 45, part 46.102 (45 cfr 46.102) as a research study in which one or more human subjects are prospectively assigned to one or more interventions (which may include a placebo or another control) to evaluate the effects of the interventions on biomedical or behavioral health-related outcomes.studies that do not seek to measure safety, effectiveness, and/or efficacy outcome(s) of an intervention are not considered clinical trials.for the purposes of this funding opportunity, research that meets the definition of a clinical trial is distinct from clinical research. clinical research is allowed under this funding opportunity. clinical research encompasses research with human data, human specimens, and/or interaction with human subjects. clinical research is observational in nature and includes:(1) research conducted with human subjects and/or material of human origin such as data, specimens, and cognitive phenomena for which an investigator (or co-investigator) does not seek to assess the safety, effectiveness, and/or efficacy outcomes of an intervention. research meeting this definition may include but is not limited to (a) mechanisms of human disease, (b) diagnostic or detection studies (e.g., biomarker or imaging), (c) health disparity studies, and (d) development of new technologies.(2) epidemiologic and behavioral studies that do not seek to assess the safety, effectiveness, and/or efficacy outcomes of an intervention.(3) outcomes research and health services research that do not fit under the definition of clinical trial.excluded from the definition of clinical research are in vitro studies that utilize human data or specimens that cannot be linked to a living individual and meet the requirements for exemption under §46.104(d)(4) of the common rule.in-progress review: the rtrp holds annual in-progress review meetings in a virtual setting as a forum for award performers to present progress updates to the programmatic panel and rtrp staff. award recipients may receive an invitation to present their project at one of these meetings during the period of performance of their award.the funding instrument for awards made under the program announcement will be grants (31 usc 6304).the anticipated total costs budgeted for the entire period of performance for an fy24 rtrp idea discovery award should not exceed $500,000. refer to section ii.d.5, funding restrictions, for detailed funding information.dod fy24 reconstructive transplant idea discovery award 7awards supported with fy24 funds will be made no later than september 30, 2025.the cdmrp expects to allot approximately $2.5m to fund approximately five idea discovery award applications. funding of applications received is contingent upon the availability of federal funds for this program, the number of applications received, the quality and merit of the applications as evaluated by peer and programmatic review, and the requirements of the government. funds to be obligated on any award resulting from this funding opportunity will be available for use for a limited time period based on the fiscal year of the funds. it is anticipated that awards made from this fy24 funding opportunity will be funded with fy24 funds, which will expire for use on september 30, 2030.",True,False
"=HYPERLINK(""https://www.grants.gov/search-results-detail/355137"",""HT942524KCRPPCFA"")","DoD Kidney Cancer, Postdoctoral and Clinical Fellowship Award",DOD-AMRAA,Dept. of the Army -- USAMRAA,Science and Technology and other Research and Development,,Grant,12.420 - Military Medical Research and Development,2180000.0,7.0,none,none,No,,"CDMRP Help Desk
Phone:      301-682-5507
Email:       help@eBRAP.org",,help@eBRAP.org,,,2024-06-26,09/05/2024,Jun-26-2024 07:25:47 AM EST,Synopsis 1,Archived,Yes,Yes,"The FY24 KCRP Postdoctoral and Clinical Fellowship Award supports recent doctoral or medical school graduates in pursuit of innovative, high-impact kidney cancer research during their postdoctoral and/or clinical fellowship and allows them to obtain the necessary experience for an independent career as a leader in kidney cancer research. Applicants must demonstrate that the proposed research has high potential to lead to, or make, significant advancements in kidney cancer research and/or patient care. Applicants for this award must also exhibit a strong desire to pursue a career in kidney cancer research, with clear evidence for a researcher development plan that will lead to a successful independent career in kidney cancer. The critical components of this award mechanism are: Impact: Research supported by the FY24 KCRP Postdoctoral and Clinical Fellowship Award will have the potential for a major impact and accelerate progress toward ending kidney cancer. The impact may be short term or long term, but must move beyond an incremental advance. Applications are expected to identify the kidney cancer patients or at-risk individuals who would ultimately benefit from the proposed research. Research Strategy: The research proposed as part of the Postdoctoral and Clinical Fellowship Award must have high potential to lead to or make breakthroughs in kidney cancer. The scope of the research may include innovative, high-risk/high-reward research in the early stages of idea development or research already supported by preliminary data with the potential to make significant advancements toward clinical translation. The research strategy should demonstrate sound rationale, logical reasoning, and, if available, preliminary data. The proposed research should show evidence of rigorous experimental design, sufficient experimental details, appropriate controls, a statistical plan, and consideration of pitfalls and alternatives. Principal Investigator (PI): Under this award mechanism, the postdoctoral or clinical fellow is considered the PI and, as such, is expected to write the project narrative, researcher development plan, and other application components, with appropriate guidance from the mentor. While the PI is not required to have previous experience in kidney cancer research, the proposed project and researcher development plan must focus on kidney cancer. Applications must emphasize the PI’s potential for success in becoming an independent kidney cancer researcher based on their qualifications, achievements/honors (including first-author publications and funding), and letters of recommendation. Mentor: The mentor (or co-mentor, if applicable) must possess the appropriate experience in kidney cancer research and/or patient care, to include recent publications and a record of active funding, and clearly demonstrate a commitment to guiding the PI’s research and development as a researcher. If the mentor is not an experienced kidney cancer researcher, then formal comentorship by an established kidney cancer researcher is required. The application must include information about the mentor’s experience in conducting innovative research and how they intend to support the PI’s endeavors in kidney cancer. Mentorship by an investigator without an established record of mentoring pre- and/or postdoctoral trainees may be offset by the overall strength of the researcher development plan. Researcher Development Plan: Applications must provide details on the suitability of the PI’s overall researcher development plan for attaining the goals of this award mechanism. Applications must elaborate on the qualities of the research environment in which the candidate will work, provide details on the individualized kidney cancer-focused researcher development plan, and describe how it will facilitate the PI’s career development as an independent, innovative kidney cancer researcher. A multidisciplinary research approach to kidney cancer is highly encouraged, but not required; however, if there are multidisciplinary aspects, they should be clearly outlined in the application. Organizational-Level Emphasis: The following areas of emphasis are broadly applicable to many CDMRP programs, not just the KCRP. Investigators are encouraged to consider addressing these areas in their applications if doing so is appropriate for their line of research, addresses the FY24 KCRP strategic priorities and/or focus areas described in Section II.A.1 and Section II.A.2. Nuclear Medicine: Innovative research involving nuclear medicine and related techniques to support early diagnosis, more effective treatment, and improved health outcomes of active-duty Service Members and their Families is encouraged. Such research could improve diagnostic and targeted treatment capabilities through noninvasive techniques and may drive the development of precision imaging and advanced targeted therapies. Women’s Health: CDMRP encourages research on health areas and conditions that affect women uniquely, disproportionately, or differently from men, including studies analyzing sex as a biological variable. Such research should relate anticipated project findings to improvements in women's health outcomes and/or advancing knowledge for women's health. Metastatic Cancer Task Force: A congressionally mandated Metastatic Cancer Task Force was formed with the purpose of identifying ways to help accelerate clinical and translational research aimed at extending the lives of advanced state and recurrent patients. As a member of the Metastatic Cancer Task Force, CDMRP encourages applicants to review the recommendations (https://health.mil/Reference-Center/CongressionalTestimonies/2018/05/03/Metastatic-Cancer-Research) and submit research ideas to address these recommendations provided they are within the limitations of this funding opportunity and fit within the FY24 KCRP priorities. Rigorous Study Design: All projects should adhere to a core set of standards for rigorous study design and reporting to maximize the reproducibility and translational potential of clinical and preclinical research. The standards are described in SC Landis et al., 2012, A call for transparent reporting to optimize the predictive value of preclinical research, Nature 490:187-191 (https://www.nature.com/nature/journal/v490/n7419/full/nature11556.html). While these standards are written for preclinical studies, the basic principles of randomization, blinding, sample-size estimation, and data handling derive from well-established best practices in clinical studies. Military Service Involvement: Applications from investigators within the military services and applications involving multidisciplinary collaborations among academia, industry, the military services, the U.S. Department of Veterans Affairs (VA), and other federal government agencies are highly encouraged. These relationships can leverage knowledge, infrastructure, and access to unique clinical populations that the collaborators bring to the research effort, ultimately advancing research that is of significance to Service Members, Veterans, and/or their Families. If the proposed research relies on access to unique resources or databases, the application must describe the access at the time of submission and include a plan for maintaining access as needed throughout the proposed research. Research involving human subjects and human anatomical substances is permitted; however, clinical trials are not allowed under this program announcement. A clinical trial is defined in the Code of Federal Regulations, Title 45, Part 46.102 (45 CFR 46.102) as a research study in which one or more human subjects are prospectively assigned to one or more interventions (which may include a placebo or another control) to evaluate the effects of the interventions on biomedical or behavioral health-related outcomes. Studies that do not seek to measure safety, effectiveness, and/or efficacy outcome(s) of an intervention are not considered clinical trials. For the purposes of this funding opportunity, research that meets the definition of a clinical trial is distinct from clinical research. Clinical research encompasses research with human data, human specimens, and/or interaction with human subjects. Clinical research is observational in nature and includes: (1) Research conducted with human subjects and/or material of human origin such as data, specimens, and cognitive phenomena for which an investigator (or co-investigator) does not seek to assess the safety, effectiveness, and/or efficacy outcomes of an intervention. Research meeting this definition may include but is not limited to: (a) mechanisms of human disease, (b) diagnostic or detection studies (e.g., biomarker or imaging), (c) health disparity studies, and (d) development of new technologies. (2) Epidemiologic and behavioral studies that do not seek to assess the safety, effectiveness, and/or efficacy outcomes of an intervention. (3) Outcomes research and health services research that do not fit under the definition of clinical trial. Excluded from the definition of clinical research are in vitro studies that utilize human data or specimens that cannot be linked to a living individual and meet the requirements for exemption under §46.104(d)(4) of the Common Rule. The funding instrument for awards made under the program announcement will be grants (31 USC 6304). The anticipated direct costs budgeted for the entire period of performance for an FY24 KCRP Postdoctoral and Clinical Fellowship Award should not exceed $195,000. Refer to Section II.D.5, Funding Restrictions, for detailed funding information. Awards supported with FY24 funds will be made no later than September 30, 2025. The CDMRP expects to allot approximately $2.18M to fund approximately seven Postdoctoral and Clinical Fellowship Award applications. Funding of applications received is contingent upon the availability of federal funds for this program, the number of applications received, the quality and merit of the applications as evaluated by peer and programmatic review, and the requirements of the government. Funds to be obligated on any award resulting from this funding opportunity will be available for use for a limited time period based on the fiscal year of the funds. It is anticipated that awards made from this FY24 funding opportunity will be funded with FY24 funds, which will expire for use on September 30, 2030.","Unrestricted (i.e., open to any type of entity above), subject to any clarification in text field entitled ""Additional Information on Eligibility""","the fy24 kcrp postdoctoral and clinical fellowship award supports recent doctoral or medical school graduates in pursuit of innovative, high-impact kidney cancer research during their postdoctoral and/or clinical fellowship and allows them to obtain the necessary experience for an independent career as a leader in kidney cancer research. applicants must demonstrate that the proposed research has high potential to lead to, or make, significant advancements in kidney cancer research and/or patient care. applicants for this award must also exhibit a strong desire to pursue a career in kidney cancer research, with clear evidence for a researcher development plan that will lead to a successful independent career in kidney cancer. the critical components of this award mechanism are: impact: research supported by the fy24 kcrp postdoctoral and clinical fellowship award will have the potential for a major impact and accelerate progress toward ending kidney cancer. the impact may be short term or long term, but must move beyond an incremental advance. applications are expected to identify the kidney cancer patients or at-risk individuals who would ultimately benefit from the proposed research. research strategy: the research proposed as part of the postdoctoral and clinical fellowship award must have high potential to lead to or make breakthroughs in kidney cancer. the scope of the research may include innovative, high-risk/high-reward research in the early stages of idea development or research already supported by preliminary data with the potential to make significant advancements toward clinical translation. the research strategy should demonstrate sound rationale, logical reasoning, and, if available, preliminary data. the proposed research should show evidence of rigorous experimental design, sufficient experimental details, appropriate controls, a statistical plan, and consideration of pitfalls and alternatives. principal investigator (pi): under this award mechanism, the postdoctoral or clinical fellow is considered the pi and, as such, is expected to write the project narrative, researcher development plan, and other application components, with appropriate guidance from the mentor. while the pi is not required to have previous experience in kidney cancer research, the proposed project and researcher development plan must focus on kidney cancer. applications must emphasize the pi’s potential for success in becoming an independent kidney cancer researcher based on their qualifications, achievements/honors (including first-author publications and funding), and letters of recommendation. mentor: the mentor (or co-mentor, if applicable) must possess the appropriate experience in kidney cancer research and/or patient care, to include recent publications and a record of active funding, and clearly demonstrate a commitment to guiding the pi’s research and development as a researcher. if the mentor is not an experienced kidney cancer researcher, then formal comentorship by an established kidney cancer researcher is required. the application must include information about the mentor’s experience in conducting innovative research and how they intend to support the pi’s endeavors in kidney cancer. mentorship by an investigator without an established record of mentoring pre- and/or postdoctoral trainees may be offset by the overall strength of the researcher development plan. researcher development plan: applications must provide details on the suitability of the pi’s overall researcher development plan for attaining the goals of this award mechanism. applications must elaborate on the qualities of the research environment in which the candidate will work, provide details on the individualized kidney cancer-focused researcher development plan, and describe how it will facilitate the pi’s career development as an independent, innovative kidney cancer researcher. a multidisciplinary research approach to kidney cancer is highly encouraged, but not required; however, if there are multidisciplinary aspects, they should be clearly outlined in the application. organizational-level emphasis: the following areas of emphasis are broadly applicable to many cdmrp programs, not just the kcrp. investigators are encouraged to consider addressing these areas in their applications if doing so is appropriate for their line of research, addresses the fy24 kcrp strategic priorities and/or focus areas described in section ii.a.1 and section ii.a.2. nuclear medicine: innovative research involving nuclear medicine and related techniques to support early diagnosis, more effective treatment, and improved health outcomes of active-duty service members and their families is encouraged. such research could improve diagnostic and targeted treatment capabilities through noninvasive techniques and may drive the development of precision imaging and advanced targeted therapies. women’s health: cdmrp encourages research on health areas and conditions that affect women uniquely, disproportionately, or differently from men, including studies analyzing sex as a biological variable. such research should relate anticipated project findings to improvements in women's health outcomes and/or advancing knowledge for women's health. metastatic cancer task force: a congressionally mandated metastatic cancer task force was formed with the purpose of identifying ways to help accelerate clinical and translational research aimed at extending the lives of advanced state and recurrent patients. as a member of the metastatic cancer task force, cdmrp encourages applicants to review the recommendations (https://health.mil/reference-center/congressionaltestimonies/2018/05/03/metastatic-cancer-research) and submit research ideas to address these recommendations provided they are within the limitations of this funding opportunity and fit within the fy24 kcrp priorities. rigorous study design: all projects should adhere to a core set of standards for rigorous study design and reporting to maximize the reproducibility and translational potential of clinical and preclinical research. the standards are described in sc landis et al., 2012, a call for transparent reporting to optimize the predictive value of preclinical research, nature 490:187-191 (https://www.nature.com/nature/journal/v490/n7419/full/nature11556.html). while these standards are written for preclinical studies, the basic principles of randomization, blinding, sample-size estimation, and data handling derive from well-established best practices in clinical studies. military service involvement: applications from investigators within the military services and applications involving multidisciplinary collaborations among academia, industry, the military services, the u.s. department of veterans affairs (va), and other federal government agencies are highly encouraged. these relationships can leverage knowledge, infrastructure, and access to unique clinical populations that the collaborators bring to the research effort, ultimately advancing research that is of significance to service members, veterans, and/or their families. if the proposed research relies on access to unique resources or databases, the application must describe the access at the time of submission and include a plan for maintaining access as needed throughout the proposed research. research involving human subjects and human anatomical substances is permitted; however, clinical trials are not allowed under this program announcement. a clinical trial is defined in the code of federal regulations, title 45, part 46.102 (45 cfr 46.102) as a research study in which one or more human subjects are prospectively assigned to one or more interventions (which may include a placebo or another control) to evaluate the effects of the interventions on biomedical or behavioral health-related outcomes. studies that do not seek to measure safety, effectiveness, and/or efficacy outcome(s) of an intervention are not considered clinical trials. for the purposes of this funding opportunity, research that meets the definition of a clinical trial is distinct from clinical research. clinical research encompasses research with human data, human specimens, and/or interaction with human subjects. clinical research is observational in nature and includes: (1) research conducted with human subjects and/or material of human origin such as data, specimens, and cognitive phenomena for which an investigator (or co-investigator) does not seek to assess the safety, effectiveness, and/or efficacy outcomes of an intervention. research meeting this definition may include but is not limited to: (a) mechanisms of human disease, (b) diagnostic or detection studies (e.g., biomarker or imaging), (c) health disparity studies, and (d) development of new technologies. (2) epidemiologic and behavioral studies that do not seek to assess the safety, effectiveness, and/or efficacy outcomes of an intervention. (3) outcomes research and health services research that do not fit under the definition of clinical trial. excluded from the definition of clinical research are in vitro studies that utilize human data or specimens that cannot be linked to a living individual and meet the requirements for exemption under §46.104(d)(4) of the common rule. the funding instrument for awards made under the program announcement will be grants (31 usc 6304). the anticipated direct costs budgeted for the entire period of performance for an fy24 kcrp postdoctoral and clinical fellowship award should not exceed $195,000. refer to section ii.d.5, funding restrictions, for detailed funding information. awards supported with fy24 funds will be made no later than september 30, 2025. the cdmrp expects to allot approximately $2.18m to fund approximately seven postdoctoral and clinical fellowship award applications. funding of applications received is contingent upon the availability of federal funds for this program, the number of applications received, the quality and merit of the applications as evaluated by peer and programmatic review, and the requirements of the government. funds to be obligated on any award resulting from this funding opportunity will be available for use for a limited time period based on the fiscal year of the funds. it is anticipated that awards made from this fy24 funding opportunity will be funded with fy24 funds, which will expire for use on september 30, 2030.",True,False
"=HYPERLINK(""https://www.grants.gov/search-results-detail/355138"",""HT942524KCRPAKCILA"")","DoD Kidney Cancer, Academy of Kidney Cancer Investigators – Leadership Award",DOD-AMRAA,Dept. of the Army -- USAMRAA,Science and Technology and other Research and Development,,Cooperative Agreement,12.420 - Military Medical Research and Development,2400000.0,2.0,none,none,No,,"CDMRP Help Desk
Phone:      301-682-5507
Email:       help@eBRAP.org",,help@eBRAP.org,,,2024-06-26,09/19/2024,Jun-26-2024 07:40:31 AM EST,Synopsis 1,Archived,Yes,Yes,"The Academy of Kidney Cancer Investigators (AKCI) is a unique, interactive virtual academy that provides, intensive mentoring, national networking, and a peer group for scientist and clinician junior faculty. The KCRP created the Academy of Kidney Cancer Investigators in FY19 to align with several program priorities, which include to build research capacity in kidney cancer; increase collaborations to advance kidney cancer research, and support innovative research conducted by the next generation of kidney cancer scientists and clinicians. The overarching goal of the AKCI is to increase research capacity in kidney cancer through the development of successful, highly productive kidney cancer researchers in a collaborative research and training environment. The AKCI is a virtual career development and research training platform that currently consists of 11 Early-Career Scholars (ECS)/Designated Mentor pairs from different institutions, and one Academy Director. It is expected that six Early-Career Scholars will graduate by the fall of 2025 and four FY23 AKCI – Early-Career Scholars/Designated Mentor awards will be made by September 2024. In addition, Academy graduates will continue to participate in the annual Academy meetings. Information about the Academy is available on the KCRP webpage and in the Kidney Cancer Program Booklet at https://cdmrp.health.mil/kcrp. The AKCI leadership team will identify opportunities for engagement with KCRP AKCI Scholars-Designated Mentors and KCRP FY25 (and subsequent year awardees) Postdoctoral and Clinical Fellowship Awardees. The Academy Director and Deputy Director catalyze the growth and professional development of the Early-Career Scholars in collaboration with their Designated Mentors, assess the progress of the ECSs, and facilitate communication and collaboration among all of the Academy members. The AKCI leadership team will also identify and offer opportunities for engagement (e.g., invitations to seminar series and in-person meetings) with FY24 Postdoctoral and Clinical Fellowship Awardees with FY24 KCRP AKCI-ECS-Designated Mentors (and subsequent year awardees). This FY24 funding opportunity is soliciting applications for an Academy Director (Principal Investigator [PI]) and Deputy Director (Partnering PI) to lead the AKCI. The newly selected FY24 Academy Director and Deputy Director will initiate their responsibilities no later than October 2025. The Academy Director and Deputy Director (hereafter referred to as Academy Leadership) must be established kidney cancer researchers and can be at different institutions. The Academy Leadership must demonstrate a strong record of mentoring and training earlycareer investigators, a commitment to leadership, the ability to articulate methods toward research collaborations, and the ability to objectively assess the progress of all Scholars with their Designated Mentors in the AKCI. Other objectives will include execution of research that will engage AKCI FY24 Scholars (including subsequent-year Scholars), develop tools for Scholars to enable success, and provide opportunities to broaden their knowledge in kidney and renal pelvis cancers. The leadership team will identify and offer occasion(s) for the AKCI to network with KCRP FY24 Postdoctoral and Clinical Fellowship Awardees (and subsequent year awardees). Designated Mentors on FY24 KCRP AKCI – Early-Career Scholar Award applications and Designated Mentors on open FY19 through FY23 KCRP AKCI – Early-Career Scholar Awards (with the exception of those graduating in 2024) are not eligible to apply for this award. Note: An invited oral presentation is a requirement for application review of the KCRP AKCI – LA, as described in Section II.D.2.b.iv, Additional Application Components. Responsibilities of the Academy Leadership include, but are not limited to: • Act as a resource for all Scholars and Designated Mentors in the Academy over the Scholars’ 4-year period of performance. • Facilitate communication and collaboration among all Scholars and Designated Mentors (including periodic interactive communication among all Academy members). • Develop assessment criteria to evaluate the research progress made by all Scholars, as well as their career progression and sustainment as independent investigators in kidney cancer research. • Conduct collaborative kidney cancer pilot project(s) that include Academy Scholars. These pilot projects should have the potential to improve collaboration within the Academy, as well as impact kidney cancer research and/or kidney cancer patients/survivors. o Examples of pilot research projects may include but are not limited to (a) funding an extended statistical or bioinformatics analysis with AKCI Scholars, (b) performing a large-scale meta-analysis of human or animal datasets with AKCI scholars, (c) provide access to critical biorepositories or animal models to expand AKCI investigator analyses or increase study rigor. • Provide constructive critiques with the goal of advancing the research and professional careers of the Scholars and strengthening the mentorship of the Designated Mentors. • Provide avenues to increase the promotion of the Academy and visibility of Scholars within kidney cancer research and advocacy communities (e.g., peer review, conferences, editorial boards). • Support the professional development, to include laboratory management skills, of the Scholars into leading researchers through invited presentations by experts outside of the AKCI – LA. • Plan and host an annual 1-day workshop and, biennially, a multi-day workshop for all Scholars/Designated Mentor pairs as well as Academy graduates to present their research, share knowledge, and develop collaborative efforts within the AKCI. Scholars will be responsible for their own travel costs to in-person Academy meetings. • Include KCRP FY24 Postdoctoral and Clinical Fellowship Awardees in at least one meeting of the FY24 AKCI. These investigators will be responsible for their own travel costs, funds for which are included in their research awards. • Establish a panel of patient advocates and Veteran(s) (i.e., the Patient Advocacy Panel) to inform the AKCI on the needs of the patient community.  • Establish the Designated Mentor Panel to facilitate collaborations among the AKCI participants including the Scholars, Academy Director/Deputy Director, and the Designated Mentors. The Academy of Kidney Cancer Investigators – Leadership Award is structured to support two PIs. The Academy Director will be identified as the Initiating PI and will be responsible for the majority of the administrative tasks associated with application submission. The Deputy Director will be identified as the Partnering PI. The collaboration between the Academy Director and the Deputy Director should be supported by complementary expertise and experience. Initiating and Partnering PIs each have different submission requirements, as described in Section II.D.2, Content and Form of the Application Submission; however, both PIs should contribute significantly to the development of the proposed research project. The application should clearly demonstrate that both PIs have equal levels of input on the proposed Academy Leadership and clearly define the components to be addressed by each to support the success of the Scholars. While it is up to the Academy Director and the Deputy Director to define their roles, both Academy Leaders should have interactions with each Scholar-Designated Mentor pair, (and the Scholars’ Designated Mentors); acting as administrative support does not fulfill the intent of the Director and Deputy Director. If recommended for funding, each PI will be named on separate awards to the recipient organization(s). Each award will be subject to separate reporting, regulatory, and administrative requirements. For individual submission requirements for the Initiating and Partnering PI(s), refer to Section II.D.2, Content and Form of the Application Submission. Organizational-Level Emphasis: The following areas of emphasis are broadly applicable to many CDMRP programs, not just the KCRP. Investigators are encouraged to consider addressing these areas in their applications if doing so is appropriate for their line of research, addresses the FY24 KCRP strategic priorities and/focus areas described in Section II.A.1 and Section II.A.2. Nuclear Medicine: Innovative research involving nuclear medicine and related techniques to support early diagnosis, more effective treatment, and improved health outcomes of active-duty Service Members and their Families is encouraged. Such research could improve diagnostic and targeted treatment capabilities through noninvasive techniques and may drive the development of precision imaging and advanced targeted therapies. Women’s Health: CDMRP encourages research on health areas and conditions that affect women uniquely, disproportionately, or differently from men, including studies analyzing sex as a biological variable. Such research should relate anticipated project findings to improvements in women’s health outcomes and/or advancing knowledge for women’s health. Metastatic Cancer Task Force: A congressionally mandated Metastatic Cancer Task Force was formed with the purpose of identifying ways to help accelerate clinical and translational research aimed at extending the lives of advanced state and recurrent patients. As a member of the Metastatic Cancer Task Force, CDMRP encourages applicants to review the recommendations (https://health.mil/Reference-Center/Congressional-Testimonies/2018/05/03/Metastatic-Cancer-Research) and submit research ideas to address these recommendations provided they are within the limitations of this funding opportunity and fit within the FY24 KCRP priorities. Rigorous Study Design: All projects should adhere to a core set of standards for rigorous study design and reporting to maximize the reproducibility and translational potential of clinical and preclinical research. The standards are described in SC Landis et al., 2012, A call for transparent reporting to optimize the predictive value of preclinical research, Nature 490:187-191 (https://www.nature.com/nature/journal/v490/n7419/full/nature11556.html). While these standards are written for preclinical studies, the basic principles of randomization, blinding, sample-size estimation, and data handling derive from well-established best practices in clinical studies. Military Service Involvement: Applications from investigators within the military services and applications involving multidisciplinary collaborations among academia, industry, the military services, the U.S. Department of Veterans Affairs (VA), and other federal government agencies are highly encouraged. These relationships can leverage knowledge, infrastructure, and access to unique clinical populations that the collaborators bring to the research effort, ultimately advancing research that is of significance to Service Members, Veterans, and/or their Families. If the proposed research relies on access to unique resources or databases, the application must describe the access at the time of submission and include a plan for maintaining access as needed throughout the proposed research. Clinical trials are not allowed under this funding opportunity. A clinical trial is defined in the Code of Federal Regulations, Title 45, Part 46.102 (45 CFR 46.102) as a research study in which one or more human subjects are prospectively assigned to one or more interventions (which may include a placebo or another control) to evaluate the effects of the interventions on biomedical or behavioral health-related outcomes. Studies that do not seek to measure safety, effectiveness, and/or efficacy outcome(s) of an intervention are not considered clinical trials. For the purposes of this funding opportunity, research that meets the definition of a clinical trial is distinct from clinical research. Clinical research encompasses research with human data, human specimens, and/or interaction with human subjects. Clinical research is observational in nature and includes: (1) Research conducted with human subjects and/or material of human origin such as data, specimens, and cognitive phenomena for which an investigator (or co-investigator) does not seek to assess the safety, effectiveness, and/or efficacy outcomes of an intervention. Research meeting this definition may include but is not limited to: (a) mechanisms of human disease, (b) diagnostic or detection studies (e.g., biomarker or imaging), (c) health disparity studies, and (d) development of new technologies. (2) Epidemiologic and behavioral studies that do not seek to assess the safety, effectiveness, and/or efficacy outcomes of an intervention. (3) Outcomes research and health services research that do not fit under the definition of clinical trial. Excluded from the definition of clinical research are in vitro studies that utilize human data or specimens that cannot be linked to a living individual and meet the requirements for exemption under §46.104(d)(4) of the Common Rule. The funding instrument for awards made under the program announcement will be cooperative agreements (31 USC 6305). Substantial CDMRP programmatic involvement with recipients is anticipated during the performance of award activities. Substantial involvement means that, after award, CDMRP staff will assist, guide, coordinate, or participate in project activities including but not limited to: • Participating in the Steering Committee that oversees study conduct. • Make recommendations for continued funding based on (a) overall study progress, including sufficient patient and/or data accrual; (b) cooperation in carrying out the research (e.g., attendance at Steering Committee meetings, implementation of group decisions, compliance with the terms of award and reporting requirements); and/or (c) maintenance of a high quality of research. The anticipated combined direct costs budgeted for the entire period of performance for a FY24 KCRP AKCI – LA should not exceed $1,500,000. Refer to Section II.D.5, Funding Restrictions, for detailed funding information. Awards supported with FY24 funds will be made no later than September 30, 2025. The CDMRP expects to allot approximately $2.4M to fund approximately one KCRP Academy of Kidney Cancer Investigator Leadership Award application (consisting of an Initiating PI application and a Partnering PI application). Funding of applications received is contingent upon the availability of federal funds for this program, the number of applications received, the quality and merit of the applications as evaluated by peer and programmatic review, and the requirements of the government. Funds to be obligated on any award resulting from this funding opportunity will be available for use for a limited time period based on the fiscal year of the funds. It is anticipated that awards made from this FY24 funding opportunity will be funded with FY24 and FY26 funds, which will expire for use on September 30, 2030, and September 30, 2032, respectively. ","Unrestricted (i.e., open to any type of entity above), subject to any clarification in text field entitled ""Additional Information on Eligibility""","the academy of kidney cancer investigators (akci) is a unique, interactive virtual academy that provides, intensive mentoring, national networking, and a peer group for scientist and clinician junior faculty. the kcrp created the academy of kidney cancer investigators in fy19 to align with several program priorities, which include to build research capacity in kidney cancer; increase collaborations to advance kidney cancer research, and support innovative research conducted by the next generation of kidney cancer scientists and clinicians. the overarching goal of the akci is to increase research capacity in kidney cancer through the development of successful, highly productive kidney cancer researchers in a collaborative research and training environment. the akci is a virtual career development and research training platform that currently consists of 11 early-career scholars (ecs)/designated mentor pairs from different institutions, and one academy director. it is expected that six early-career scholars will graduate by the fall of 2025 and four fy23 akci – early-career scholars/designated mentor awards will be made by september 2024. in addition, academy graduates will continue to participate in the annual academy meetings. information about the academy is available on the kcrp webpage and in the kidney cancer program booklet at https://cdmrp.health.mil/kcrp. the akci leadership team will identify opportunities for engagement with kcrp akci scholars-designated mentors and kcrp fy25 (and subsequent year awardees) postdoctoral and clinical fellowship awardees. the academy director and deputy director catalyze the growth and professional development of the early-career scholars in collaboration with their designated mentors, assess the progress of the ecss, and facilitate communication and collaboration among all of the academy members. the akci leadership team will also identify and offer opportunities for engagement (e.g., invitations to seminar series and in-person meetings) with fy24 postdoctoral and clinical fellowship awardees with fy24 kcrp akci-ecs-designated mentors (and subsequent year awardees). this fy24 funding opportunity is soliciting applications for an academy director (principal investigator [pi]) and deputy director (partnering pi) to lead the akci. the newly selected fy24 academy director and deputy director will initiate their responsibilities no later than october 2025. the academy director and deputy director (hereafter referred to as academy leadership) must be established kidney cancer researchers and can be at different institutions. the academy leadership must demonstrate a strong record of mentoring and training earlycareer investigators, a commitment to leadership, the ability to articulate methods toward research collaborations, and the ability to objectively assess the progress of all scholars with their designated mentors in the akci. other objectives will include execution of research that will engage akci fy24 scholars (including subsequent-year scholars), develop tools for scholars to enable success, and provide opportunities to broaden their knowledge in kidney and renal pelvis cancers. the leadership team will identify and offer occasion(s) for the akci to network with kcrp fy24 postdoctoral and clinical fellowship awardees (and subsequent year awardees). designated mentors on fy24 kcrp akci – early-career scholar award applications and designated mentors on open fy19 through fy23 kcrp akci – early-career scholar awards (with the exception of those graduating in 2024) are not eligible to apply for this award. note: an invited oral presentation is a requirement for application review of the kcrp akci – la, as described in section ii.d.2.b.iv, additional application components. responsibilities of the academy leadership include, but are not limited to: • act as a resource for all scholars and designated mentors in the academy over the scholars’ 4-year period of performance. • facilitate communication and collaboration among all scholars and designated mentors (including periodic interactive communication among all academy members). • develop assessment criteria to evaluate the research progress made by all scholars, as well as their career progression and sustainment as independent investigators in kidney cancer research. • conduct collaborative kidney cancer pilot project(s) that include academy scholars. these pilot projects should have the potential to improve collaboration within the academy, as well as impact kidney cancer research and/or kidney cancer patients/survivors. o examples of pilot research projects may include but are not limited to (a) funding an extended statistical or bioinformatics analysis with akci scholars, (b) performing a large-scale meta-analysis of human or animal datasets with akci scholars, (c) provide access to critical biorepositories or animal models to expand akci investigator analyses or increase study rigor. • provide constructive critiques with the goal of advancing the research and professional careers of the scholars and strengthening the mentorship of the designated mentors. • provide avenues to increase the promotion of the academy and visibility of scholars within kidney cancer research and advocacy communities (e.g., peer review, conferences, editorial boards). • support the professional development, to include laboratory management skills, of the scholars into leading researchers through invited presentations by experts outside of the akci – la. • plan and host an annual 1-day workshop and, biennially, a multi-day workshop for all scholars/designated mentor pairs as well as academy graduates to present their research, share knowledge, and develop collaborative efforts within the akci. scholars will be responsible for their own travel costs to in-person academy meetings. • include kcrp fy24 postdoctoral and clinical fellowship awardees in at least one meeting of the fy24 akci. these investigators will be responsible for their own travel costs, funds for which are included in their research awards. • establish a panel of patient advocates and veteran(s) (i.e., the patient advocacy panel) to inform the akci on the needs of the patient community.  • establish the designated mentor panel to facilitate collaborations among the akci participants including the scholars, academy director/deputy director, and the designated mentors. the academy of kidney cancer investigators – leadership award is structured to support two pis. the academy director will be identified as the initiating pi and will be responsible for the majority of the administrative tasks associated with application submission. the deputy director will be identified as the partnering pi. the collaboration between the academy director and the deputy director should be supported by complementary expertise and experience. initiating and partnering pis each have different submission requirements, as described in section ii.d.2, content and form of the application submission; however, both pis should contribute significantly to the development of the proposed research project. the application should clearly demonstrate that both pis have equal levels of input on the proposed academy leadership and clearly define the components to be addressed by each to support the success of the scholars. while it is up to the academy director and the deputy director to define their roles, both academy leaders should have interactions with each scholar-designated mentor pair, (and the scholars’ designated mentors); acting as administrative support does not fulfill the intent of the director and deputy director. if recommended for funding, each pi will be named on separate awards to the recipient organization(s). each award will be subject to separate reporting, regulatory, and administrative requirements. for individual submission requirements for the initiating and partnering pi(s), refer to section ii.d.2, content and form of the application submission. organizational-level emphasis: the following areas of emphasis are broadly applicable to many cdmrp programs, not just the kcrp. investigators are encouraged to consider addressing these areas in their applications if doing so is appropriate for their line of research, addresses the fy24 kcrp strategic priorities and/focus areas described in section ii.a.1 and section ii.a.2. nuclear medicine: innovative research involving nuclear medicine and related techniques to support early diagnosis, more effective treatment, and improved health outcomes of active-duty service members and their families is encouraged. such research could improve diagnostic and targeted treatment capabilities through noninvasive techniques and may drive the development of precision imaging and advanced targeted therapies. women’s health: cdmrp encourages research on health areas and conditions that affect women uniquely, disproportionately, or differently from men, including studies analyzing sex as a biological variable. such research should relate anticipated project findings to improvements in women’s health outcomes and/or advancing knowledge for women’s health. metastatic cancer task force: a congressionally mandated metastatic cancer task force was formed with the purpose of identifying ways to help accelerate clinical and translational research aimed at extending the lives of advanced state and recurrent patients. as a member of the metastatic cancer task force, cdmrp encourages applicants to review the recommendations (https://health.mil/reference-center/congressional-testimonies/2018/05/03/metastatic-cancer-research) and submit research ideas to address these recommendations provided they are within the limitations of this funding opportunity and fit within the fy24 kcrp priorities. rigorous study design: all projects should adhere to a core set of standards for rigorous study design and reporting to maximize the reproducibility and translational potential of clinical and preclinical research. the standards are described in sc landis et al., 2012, a call for transparent reporting to optimize the predictive value of preclinical research, nature 490:187-191 (https://www.nature.com/nature/journal/v490/n7419/full/nature11556.html). while these standards are written for preclinical studies, the basic principles of randomization, blinding, sample-size estimation, and data handling derive from well-established best practices in clinical studies. military service involvement: applications from investigators within the military services and applications involving multidisciplinary collaborations among academia, industry, the military services, the u.s. department of veterans affairs (va), and other federal government agencies are highly encouraged. these relationships can leverage knowledge, infrastructure, and access to unique clinical populations that the collaborators bring to the research effort, ultimately advancing research that is of significance to service members, veterans, and/or their families. if the proposed research relies on access to unique resources or databases, the application must describe the access at the time of submission and include a plan for maintaining access as needed throughout the proposed research. clinical trials are not allowed under this funding opportunity. a clinical trial is defined in the code of federal regulations, title 45, part 46.102 (45 cfr 46.102) as a research study in which one or more human subjects are prospectively assigned to one or more interventions (which may include a placebo or another control) to evaluate the effects of the interventions on biomedical or behavioral health-related outcomes. studies that do not seek to measure safety, effectiveness, and/or efficacy outcome(s) of an intervention are not considered clinical trials. for the purposes of this funding opportunity, research that meets the definition of a clinical trial is distinct from clinical research. clinical research encompasses research with human data, human specimens, and/or interaction with human subjects. clinical research is observational in nature and includes: (1) research conducted with human subjects and/or material of human origin such as data, specimens, and cognitive phenomena for which an investigator (or co-investigator) does not seek to assess the safety, effectiveness, and/or efficacy outcomes of an intervention. research meeting this definition may include but is not limited to: (a) mechanisms of human disease, (b) diagnostic or detection studies (e.g., biomarker or imaging), (c) health disparity studies, and (d) development of new technologies. (2) epidemiologic and behavioral studies that do not seek to assess the safety, effectiveness, and/or efficacy outcomes of an intervention. (3) outcomes research and health services research that do not fit under the definition of clinical trial. excluded from the definition of clinical research are in vitro studies that utilize human data or specimens that cannot be linked to a living individual and meet the requirements for exemption under §46.104(d)(4) of the common rule. the funding instrument for awards made under the program announcement will be cooperative agreements (31 usc 6305). substantial cdmrp programmatic involvement with recipients is anticipated during the performance of award activities. substantial involvement means that, after award, cdmrp staff will assist, guide, coordinate, or participate in project activities including but not limited to: • participating in the steering committee that oversees study conduct. • make recommendations for continued funding based on (a) overall study progress, including sufficient patient and/or data accrual; (b) cooperation in carrying out the research (e.g., attendance at steering committee meetings, implementation of group decisions, compliance with the terms of award and reporting requirements); and/or (c) maintenance of a high quality of research. the anticipated combined direct costs budgeted for the entire period of performance for a fy24 kcrp akci – la should not exceed $1,500,000. refer to section ii.d.5, funding restrictions, for detailed funding information. awards supported with fy24 funds will be made no later than september 30, 2025. the cdmrp expects to allot approximately $2.4m to fund approximately one kcrp academy of kidney cancer investigator leadership award application (consisting of an initiating pi application and a partnering pi application). funding of applications received is contingent upon the availability of federal funds for this program, the number of applications received, the quality and merit of the applications as evaluated by peer and programmatic review, and the requirements of the government. funds to be obligated on any award resulting from this funding opportunity will be available for use for a limited time period based on the fiscal year of the funds. it is anticipated that awards made from this fy24 funding opportunity will be funded with fy24 and fy26 funds, which will expire for use on september 30, 2030, and september 30, 2032, respectively. ",True,False
"=HYPERLINK(""https://www.grants.gov/search-results-detail/355135"",""DOS-USNATO-PAA-2024-001"")",U.S. Mission to NATO Public Affairs Annual Program Statement,DOS-NATO,U.S. Mission to NATO,"Other (see text field entitled ""Explanation of Other Category of Funding Activity"" for clarification)",Public Diplomacy Program,Grant,19.040 - Public Diplomacy Programs,,,50000,20000,No,,U.S. Mission to NATO,,USNATOPAAGrantsDL@state.gov,,,2024-06-26,08/26/2024,Jun-27-2024 06:31:21 AM EST,Synopsis 1,Archived,Yes,Yes,"The Office of the Public Affairs Advisor (PAA) at the U.S. Mission to NATO (USNATO) is pleased to announce that funding is available through its Public Diplomacy Small Grants Program. This is an Annual Program Statement, outlining our funding priorities, the strategic themes we focus on, and the procedures for submitting requests for funding. Please carefully follow all instructions below. 
Purpose of Small Grants: PAA invites proposals for programs and initiatives that help promote an increased understanding of NATO’s role in promoting regional peace and security, as well as the rules-based international order. All programs must include a direct tie to the United States. This could be via American expert/s, organization/s, or institution/s in a specific field that will promote increased understanding of U.S. foreign policy interests within the Alliance. Examples of PAA Small Grants Program projects include, but are not limited to:
·      Academic and professional lectures, seminars, and speaker programs
·      Artistic and cultural workshops, performances, and exhibitions
·      Professional and academic exchanges, programs, and trainings
·      Digital engagements and content creation
·      Establishing core leadership/influencer groups, such as a young leaders network
·      Developing educational materials
 
Priority Region: While activities targeting NATO Allies and partner countries will be prioritized, programs that support NATO objectives or increase understanding of NATO in other strategically important countries will also be considered.
Priority Program Areas:
USNATO PAA invites proposals for programs and initiatives on the following priority program areas: 
 
·      Countering disinformation and misinformation
·      Media independence or media literacy
·      NATO deterrence and defense, including its new military plans
·      Hybrid security threats and emerging technologies
·      Science and technology
·      NATO and Africa, Asia, or Latin America
·      NATO partnerships
·      Russian malign influence in the Euro-Atlantic area
·      The People’s Republic of China’s expanding use of economic, political, and military power
·      Climate security
·      Women, Peace, and Security
·      Young professionals and next generation engagement
 
We strongly encourage:
·      New and creative approaches that utilize emerging technologies, innovative audience engagement, and targeted audience reach 
·      Programs that seek to reflect diversity of thought and backgrounds, gender balance, and focus on intersectionality 
·      Programs and initiatives that incorporate and empower emerging voices, such as youth audiences
·      Product outputs with multiplying effects
·      Product outputs in two or more languages
·      Forthright analysis about the gaps in NATO strategies along with practical solutions to address deficiencies
Implementation plans that incorporate evaluation components, such as key performance indicators (KPIs) to track a quantifiable measure of performance ","State governments; County governments; City or township governments; Public and State controlled institutions of higher education; Native American tribal governments (Federally recognized); Nonprofits having a 501(c)(3) status with the IRS, other than institutions of higher education; Nonprofits that do not have a 501(c)(3) status with the IRS, other than institutions of higher education; Private institutions of higher education","the office of the public affairs advisor (paa) at the u.s. mission to nato (usnato) is pleased to announce that funding is available through its public diplomacy small grants program. this is an annual program statement, outlining our funding priorities, the strategic themes we focus on, and the procedures for submitting requests for funding. please carefully follow all instructions below. 
purpose of small grants: paa invites proposals for programs and initiatives that help promote an increased understanding of nato’s role in promoting regional peace and security, as well as the rules-based international order. all programs must include a direct tie to the united states. this could be via american expert/s, organization/s, or institution/s in a specific field that will promote increased understanding of u.s. foreign policy interests within the alliance. examples of paa small grants program projects include, but are not limited to:
·      academic and professional lectures, seminars, and speaker programs
·      artistic and cultural workshops, performances, and exhibitions
·      professional and academic exchanges, programs, and trainings
·      digital engagements and content creation
·      establishing core leadership/influencer groups, such as a young leaders network
·      developing educational materials
 
priority region: while activities targeting nato allies and partner countries will be prioritized, programs that support nato objectives or increase understanding of nato in other strategically important countries will also be considered.
priority program areas:
usnato paa invites proposals for programs and initiatives on the following priority program areas: 
 
·      countering disinformation and misinformation
·      media independence or media literacy
·      nato deterrence and defense, including its new military plans
·      hybrid security threats and emerging technologies
·      science and technology
·      nato and africa, asia, or latin america
·      nato partnerships
·      russian malign influence in the euro-atlantic area
·      the people’s republic of china’s expanding use of economic, political, and military power
·      climate security
·      women, peace, and security
·      young professionals and next generation engagement
 
we strongly encourage:
·      new and creative approaches that utilize emerging technologies, innovative audience engagement, and targeted audience reach 
·      programs that seek to reflect diversity of thought and backgrounds, gender balance, and focus on intersectionality 
·      programs and initiatives that incorporate and empower emerging voices, such as youth audiences
·      product outputs with multiplying effects
·      product outputs in two or more languages
·      forthright analysis about the gaps in nato strategies along with practical solutions to address deficiencies
implementation plans that incorporate evaluation components, such as key performance indicators (kpis) to track a quantifiable measure of performance ",True,False
"=HYPERLINK(""https://www.grants.gov/search-results-detail/355136"",""HT942524KCRPCA"")","DoD Kidney Cancer, Concept Award",DOD-AMRAA,Dept. of the Army -- USAMRAA,Science and Technology and other Research and Development,,Grant,12.420 - Military Medical Research and Development,1440000.0,9.0,none,none,No,,"CDMRP Help Desk
Phone:      301-682-5507
Email:       help@eBRAP.org",,help@@ebrap.org,,,2024-06-26,09/05/2024,Jun-26-2024 07:11:15 AM EST,Synopsis 1,Archived,Yes,Yes,"The FY24 KCRP Concept Award supports highly innovative, untested, potentially groundbreaking novel concepts in kidney cancer. The Concept Award is not intended to support an incremental progression of an already established research project but, instead, it allows Principal Investigators (PIs) the opportunity to pursue serendipitous observations. Preliminary data are not allowed and should not be discussed. This award mechanism supports high-risk studies that have the potential to reveal entirely new avenues for investigation. Applications must describe how the new idea will enhance the existing knowledge of kidney cancer or develop an innovative and novel course of investigation. Research completed through a Concept Award may generate sufficient preliminary data to enable the PI to prepare an application for future research.Organizational-Level Emphasis Areas:The following areas of emphasis are broadly applicable to many CDMRP programs, not just the KCRP. Investigators are encouraged to consider addressing these areas in their applications if doing so is appropriate for their line of research, addresses the FY24 KCRP strategic priorities and/or focus areas described in Section II.A.1 and Section II.A.2.Nuclear Medicine: Innovative research involving nuclear medicine and related techniques to support early diagnosis, more effective treatment, and improved health outcomes of active-duty Service Members and their Families is encouraged. Such research could improve diagnostic and targeted treatment capabilities through noninvasive techniques and may drive the development of precision imaging and advanced targeted therapies.Women’s Health: CDMRP encourages research on health areas and conditions that affect women uniquely, disproportionately, or differently from men, including studies analyzing sex as a biological variable. Such research should relate anticipated project findings to improvements in women’s health outcomes and/or advancing knowledge for women’s health.Metastatic Cancer Task Force: A congressionally mandated Metastatic Cancer Task Force was formed with the purpose of identifying ways to help accelerate clinical and translational research aimed at extending the lives of advanced state and recurrent patients. As a member of the Metastatic Cancer Task Force, CDMRP encourages applicants to review the recommendations (https://health.mil/Reference-Center/Congressional-Testimonies/2018/05/03/Metastatic-Cancer-Research) and submit research ideas to address these recommendations provided they are within the limitations of this funding opportunity and fit within the FY24 KCRP priorities.Rigorous Study Design: All projects should adhere to a core set of standards for rigorous study design and reporting to maximize the reproducibility and translational potential of clinical and preclinical research. The standards are described in SC Landis et al., 2012, A call for transparent reporting to optimize the predictive value of preclinical research, Nature 490:187-191 (https://www.nature.com/nature/journal/v490/n7419/full/nature11556.html). While these standards are written for preclinical studies, the basic principles of randomization, blinding, sample-size estimation, and data handling derive from well-established best practices in clinical studies.Military Service Involvement: Applications from investigators within the military services and applications involving multidisciplinary collaborations among academia, industry, the military services, the U.S. Department of Veterans Affairs (VA), and other federal government agencies are highly encouraged. These relationships can leverage knowledge, infrastructure, and access to unique clinical populations that the collaborators bring to the research effort, ultimately advancing research that is of significance to Service Members, Veterans, and/or their Families. If the proposed research relies on access to unique resources or databases, the application must describe the access at the time of submission and include a plan for maintaining access as needed throughout the proposed research.Reviewers will be blinded to the identity of the Principal Investigator (PI), collaborator(s), and their organization(s). Refer to Section II.D.2.b.i, Full Application Guidelines, for more information.Clinical trials are not allowed under this funding opportunity.A clinical trial is defined in the Code of Federal Regulations, Title 45, Part 46.102 (45 CFR 46.102) as a research study in which one or more human subjects are prospectively assigned to one or more interventions (which may include a placebo or another control) to evaluate the effects of the interventions on biomedical or behavioral health-related outcomes.Studies that do not seek to measure safety, effectiveness, and/or efficacy outcome(s) of an intervention are not considered clinical trials.For the purposes of this funding opportunity, research that meets the definition of a clinical trial is distinct from clinical research. Clinical research encompasses research with human data, human specimens, and/or interaction with human subjects. Clinical research is observational in nature and includes:(1) Research conducted with human subjects and/or material of human origin such as data, specimens, and cognitive phenomena for which an investigator (or co-investigator) does not seek to assess the safety, effectiveness, and/or efficacy outcomes of an intervention. Research meeting this definition may include but is not limited to: (a) mechanisms of human disease, (b) diagnostic or detection studies (e.g., biomarker or imaging), (c) health disparity studies, and (d) development of new technologies.(2) Epidemiologic and behavioral studies that do not seek to assess the safety, effectiveness, and/or efficacy outcomes of an intervention.(3) Outcomes research and health services research that do not fit under the definition of clinical trial.Excluded from the definition of clinical research are in vitro studies that utilize human data or specimens that cannot be linked to a living individual and meet the requirements for exemption under §46.104(d)(4) of the Common Rule.The funding instrument for awards made under the program announcement will be grants (31 USC 6304).The anticipated direct costs budgeted for the entire period of performance for an FY24 KCRP Concept Award should not exceed $100,000. Refer to Section II.D.5, Funding Restrictions, for detailed funding information.Awards supported with FY24 funds will be made no later than September 30, 2025.The CDMRP expects to allot approximately $1.44M to fund approximately nine Concept Award applications. Funding of applications received is contingent upon the availability of federal funds for this program, the number of applications received, the quality and merit of the applications as evaluated by peer and programmatic review, and the requirements of the government. Funds to be obligated on any award resulting from this funding opportunity will be available for use for a limited time period based on the fiscal year of the funds. It is anticipated that awards made from this FY24 funding opportunity will be funded with FY24 funds, which will expire for use on September 30, 2030.","Unrestricted (i.e., open to any type of entity above), subject to any clarification in text field entitled ""Additional Information on Eligibility""","the fy24 kcrp concept award supports highly innovative, untested, potentially groundbreaking novel concepts in kidney cancer. the concept award is not intended to support an incremental progression of an already established research project but, instead, it allows principal investigators (pis) the opportunity to pursue serendipitous observations. preliminary data are not allowed and should not be discussed. this award mechanism supports high-risk studies that have the potential to reveal entirely new avenues for investigation. applications must describe how the new idea will enhance the existing knowledge of kidney cancer or develop an innovative and novel course of investigation. research completed through a concept award may generate sufficient preliminary data to enable the pi to prepare an application for future research.organizational-level emphasis areas:the following areas of emphasis are broadly applicable to many cdmrp programs, not just the kcrp. investigators are encouraged to consider addressing these areas in their applications if doing so is appropriate for their line of research, addresses the fy24 kcrp strategic priorities and/or focus areas described in section ii.a.1 and section ii.a.2.nuclear medicine: innovative research involving nuclear medicine and related techniques to support early diagnosis, more effective treatment, and improved health outcomes of active-duty service members and their families is encouraged. such research could improve diagnostic and targeted treatment capabilities through noninvasive techniques and may drive the development of precision imaging and advanced targeted therapies.women’s health: cdmrp encourages research on health areas and conditions that affect women uniquely, disproportionately, or differently from men, including studies analyzing sex as a biological variable. such research should relate anticipated project findings to improvements in women’s health outcomes and/or advancing knowledge for women’s health.metastatic cancer task force: a congressionally mandated metastatic cancer task force was formed with the purpose of identifying ways to help accelerate clinical and translational research aimed at extending the lives of advanced state and recurrent patients. as a member of the metastatic cancer task force, cdmrp encourages applicants to review the recommendations (https://health.mil/reference-center/congressional-testimonies/2018/05/03/metastatic-cancer-research) and submit research ideas to address these recommendations provided they are within the limitations of this funding opportunity and fit within the fy24 kcrp priorities.rigorous study design: all projects should adhere to a core set of standards for rigorous study design and reporting to maximize the reproducibility and translational potential of clinical and preclinical research. the standards are described in sc landis et al., 2012, a call for transparent reporting to optimize the predictive value of preclinical research, nature 490:187-191 (https://www.nature.com/nature/journal/v490/n7419/full/nature11556.html). while these standards are written for preclinical studies, the basic principles of randomization, blinding, sample-size estimation, and data handling derive from well-established best practices in clinical studies.military service involvement: applications from investigators within the military services and applications involving multidisciplinary collaborations among academia, industry, the military services, the u.s. department of veterans affairs (va), and other federal government agencies are highly encouraged. these relationships can leverage knowledge, infrastructure, and access to unique clinical populations that the collaborators bring to the research effort, ultimately advancing research that is of significance to service members, veterans, and/or their families. if the proposed research relies on access to unique resources or databases, the application must describe the access at the time of submission and include a plan for maintaining access as needed throughout the proposed research.reviewers will be blinded to the identity of the principal investigator (pi), collaborator(s), and their organization(s). refer to section ii.d.2.b.i, full application guidelines, for more information.clinical trials are not allowed under this funding opportunity.a clinical trial is defined in the code of federal regulations, title 45, part 46.102 (45 cfr 46.102) as a research study in which one or more human subjects are prospectively assigned to one or more interventions (which may include a placebo or another control) to evaluate the effects of the interventions on biomedical or behavioral health-related outcomes.studies that do not seek to measure safety, effectiveness, and/or efficacy outcome(s) of an intervention are not considered clinical trials.for the purposes of this funding opportunity, research that meets the definition of a clinical trial is distinct from clinical research. clinical research encompasses research with human data, human specimens, and/or interaction with human subjects. clinical research is observational in nature and includes:(1) research conducted with human subjects and/or material of human origin such as data, specimens, and cognitive phenomena for which an investigator (or co-investigator) does not seek to assess the safety, effectiveness, and/or efficacy outcomes of an intervention. research meeting this definition may include but is not limited to: (a) mechanisms of human disease, (b) diagnostic or detection studies (e.g., biomarker or imaging), (c) health disparity studies, and (d) development of new technologies.(2) epidemiologic and behavioral studies that do not seek to assess the safety, effectiveness, and/or efficacy outcomes of an intervention.(3) outcomes research and health services research that do not fit under the definition of clinical trial.excluded from the definition of clinical research are in vitro studies that utilize human data or specimens that cannot be linked to a living individual and meet the requirements for exemption under §46.104(d)(4) of the common rule.the funding instrument for awards made under the program announcement will be grants (31 usc 6304).the anticipated direct costs budgeted for the entire period of performance for an fy24 kcrp concept award should not exceed $100,000. refer to section ii.d.5, funding restrictions, for detailed funding information.awards supported with fy24 funds will be made no later than september 30, 2025.the cdmrp expects to allot approximately $1.44m to fund approximately nine concept award applications. funding of applications received is contingent upon the availability of federal funds for this program, the number of applications received, the quality and merit of the applications as evaluated by peer and programmatic review, and the requirements of the government. funds to be obligated on any award resulting from this funding opportunity will be available for use for a limited time period based on the fiscal year of the funds. it is anticipated that awards made from this fy24 funding opportunity will be funded with fy24 funds, which will expire for use on september 30, 2030.",True,False
"=HYPERLINK(""https://www.grants.gov/search-results-detail/354640"",""HRSA-24-120"")",Delta Region Maternal Care Coordination Program,HHS-HRSA,Health Resources and Services Administration,Health,https://grants.hrsa.gov/2010/Web2External/Interface/FundingCycle/ExternalView.aspx?fCycleID=cf7d29ab-9b79-4f32-a832-fa2f168f5f0a,Grant,"93.912 - Rural Health Care Services Outreach, Rural Health Network Development and Small Health Care Provider Quality Improvement",1800000.0,4.0,450000,0,No,,"Department of Health and Human Services, Health Resources and Services Administration
DeltaMCCProgram@hrsa.gov",,DeltaMCCProgram@hrsa.gov,,,2024-06-25,08/02/2024,Jun-25-2024 02:31:28 PM EST,Synopsis 1,Closed,Yes,No,"This notice announces the opportunity to apply for funding under the Delta Region Maternal Care Coordination Program (Delta MCC). The purpose of this program is to improve and increase access to care for pregnant women and new mothers during and after pregnancy.
 To support this purpose, the objectives for the Delta MCC are to:
 1. Use care coordination strategies to enhance and expand access to perinatal services in the Delta Region through a strong, diverse network of entities that represent the spectrum of care during and after pregnancy;
 2. Utilize evidence-based, promising practices and/or value-based care model(s) in the planning and delivery of perinatal services;
 3. Identify barriers to providing maternal health care in the region and strategies for addressing such barriers; and
 4. Develop and implement deliberate and sustainable strategies of care coordination into policies, procedures, staffing, services, and communication systems (including but not limited to billing for appropriate services and partnering private and public payers).
 Applicants are encouraged to consider innovative strategies to meet the needs of and support pregnant women and new mothers. Some examples of activities that can be provided include:
 • Provide outreach and education to pregnant women and new mothers on healthy nutrition to reduce risk of hypertension
 • Provide screening and referral of mental health issues such as depression and anxiety including HRSAs Maternal Mental Health Hotline (1-833-TLC-MAMA)
 • Refer pregnant women and new mothers to online or local support groups
 • Recruitment of doula and midwifery services, community health workers, and/or maternal fetal specialist services
 • Support patient care through telehealth
 • Support travel costs, as necessary, of maternal health specialist to travel to pregnant woman
 • Provide education and social support for pregnant women through the development of centering pregnancy (group prenatal care) visits;
 • Provide resources and education to support in-home hypertension management and blood pressure self-monitoring and reporting;
 • Support mobile prenatal and postpartum care visits for pregnant women and new mothers;
 • Utilize development dyad models (mother and infant) to support combined postpartum and infant checkup visits;
 • Support childcare for pregnant women and new mothers during prenatal and postpartum care visits;
 Applicants are encouraged to consider innovative strategies. Applicants are encouraged to propose ways to achieve these goals through the establishment or continuation of collaborative networks/consortiums of providers and services who support pregnant women and new mothers through pregnancy and post-partum. The networks will focus on reducing risk factors for pregnant women during and after pregnancy through screening and referral to needed services and interventions.
 HRSA recommends your members consist of a broad array of organizations from both traditional and non-traditional health care entities. Network members may include cross-sector entities such as health care providers, key services for supporting infant and child health, quality program providers, and insurers. See Appendix B for examples of the types of network members.
 This program funding should be used to complement the work of other organizations and should not duplicate or supplant activities that are funded through other federal mechanisms.
 The Delta MCC is a four-year program with year one (September 30, 2024 – September 29, 2025) a planning year and years two, three, and four (September 30, 2025 – September 29, 2028) focused on program implementation.
 For more details, see Program Requirements and Expectations.","State governments; County governments; City or township governments; Special district governments; Independent school districts; Nonprofits having a 501(c)(3) status with the IRS, other than institutions of higher education; Nonprofits that do not have a 501(c)(3) status with the IRS, other than institutions of higher education; For profit organizations other than small businesses; Small businesses; Others (see text field entitled ""Additional Information on Eligibility"" for clarification)","this notice announces the opportunity to apply for funding under the delta region maternal care coordination program (delta mcc). the purpose of this program is to improve and increase access to care for pregnant women and new mothers during and after pregnancy.
 to support this purpose, the objectives for the delta mcc are to:
 1. use care coordination strategies to enhance and expand access to perinatal services in the delta region through a strong, diverse network of entities that represent the spectrum of care during and after pregnancy;
 2. utilize evidence-based, promising practices and/or value-based care model(s) in the planning and delivery of perinatal services;
 3. identify barriers to providing maternal health care in the region and strategies for addressing such barriers; and
 4. develop and implement deliberate and sustainable strategies of care coordination into policies, procedures, staffing, services, and communication systems (including but not limited to billing for appropriate services and partnering private and public payers).
 applicants are encouraged to consider innovative strategies to meet the needs of and support pregnant women and new mothers. some examples of activities that can be provided include:
 • provide outreach and education to pregnant women and new mothers on healthy nutrition to reduce risk of hypertension
 • provide screening and referral of mental health issues such as depression and anxiety including hrsas maternal mental health hotline (1-833-tlc-mama)
 • refer pregnant women and new mothers to online or local support groups
 • recruitment of doula and midwifery services, community health workers, and/or maternal fetal specialist services
 • support patient care through telehealth
 • support travel costs, as necessary, of maternal health specialist to travel to pregnant woman
 • provide education and social support for pregnant women through the development of centering pregnancy (group prenatal care) visits;
 • provide resources and education to support in-home hypertension management and blood pressure self-monitoring and reporting;
 • support mobile prenatal and postpartum care visits for pregnant women and new mothers;
 • utilize development dyad models (mother and infant) to support combined postpartum and infant checkup visits;
 • support childcare for pregnant women and new mothers during prenatal and postpartum care visits;
 applicants are encouraged to consider innovative strategies. applicants are encouraged to propose ways to achieve these goals through the establishment or continuation of collaborative networks/consortiums of providers and services who support pregnant women and new mothers through pregnancy and post-partum. the networks will focus on reducing risk factors for pregnant women during and after pregnancy through screening and referral to needed services and interventions.
 hrsa recommends your members consist of a broad array of organizations from both traditional and non-traditional health care entities. network members may include cross-sector entities such as health care providers, key services for supporting infant and child health, quality program providers, and insurers. see appendix b for examples of the types of network members.
 this program funding should be used to complement the work of other organizations and should not duplicate or supplant activities that are funded through other federal mechanisms.
 the delta mcc is a four-year program with year one (september 30, 2024 – september 29, 2025) a planning year and years two, three, and four (september 30, 2025 – september 29, 2028) focused on program implementation.
 for more details, see program requirements and expectations.",True,False
"=HYPERLINK(""https://www.grants.gov/search-results-detail/355112"",""RFI72066724RFI00001"")",USAID/Sudan’s Feed the Future Agriculture-led Growth Activity,USAID,Agency for International Development,"Other (see text field entitled ""Explanation of Other Category of Funding Activity"" for clarification)",N/A- Request for Information,Other,98.001 - USAID Foreign Assistance for Programs Overseas,,,none,none,No,,Wagma  Orya,,usaidsudanawards@usaid.gov,,,2024-06-25,08/09/2024,Jun-25-2024 02:59:54 PM EST,Synopsis 2,Archived,No,Yes,"ACTIVITY OBJECTIVESThis is the initial request for information as part of the FtF Agriculture-led Growth Activity award design process. USAID/Sudan is reaching out for input to identify high-priority, high-impact interventions appropriate for the stable areas in Sudan and which align with the GFSS primary objectives of inclusive and sustainable agriculture-led economic growth; strengthened resilience among people, communities, countries, and systems; and a well-nourished population, especially among women and children. Higher-level objectives of the activity include the following:Enhance the resilience and livelihoods of households, communities, and systems.Increase food security through sustainable agricultural production.Strengthen agriculture value chains, market linkages and agribusiness.Attention: Please read the RFI attached to this Notice and respond to the questions accordingly.","Unrestricted (i.e., open to any type of entity above), subject to any clarification in text field entitled ""Additional Information on Eligibility""","activity objectivesthis is the initial request for information as part of the ftf agriculture-led growth activity award design process. usaid/sudan is reaching out for input to identify high-priority, high-impact interventions appropriate for the stable areas in sudan and which align with the gfss primary objectives of inclusive and sustainable agriculture-led economic growth; strengthened resilience among people, communities, countries, and systems; and a well-nourished population, especially among women and children. higher-level objectives of the activity include the following:enhance the resilience and livelihoods of households, communities, and systems.increase food security through sustainable agricultural production.strengthen agriculture value chains, market linkages and agribusiness.attention: please read the rfi attached to this notice and respond to the questions accordingly.",True,False
"=HYPERLINK(""https://www.grants.gov/search-results-detail/354868"",""SUSMAS24CA0005"")",2025 U.S.-ASEAN Women's Leadership Academy for YSEALI,DOS-ASEAN,U.S. Mission to ASEAN,"Community Development; Other (see text field entitled ""Explanation of Other Category of Funding Activity"" for clarification)",Women empowerment.,Cooperative Agreement,19.040 - Public Diplomacy Programs,250000.0,1.0,250000,100000,No,https://asean.usmission.gov/notice-of-funding-opportunity-2025-u-s-asean-womens-leadership-academy-for-yseali/,"Immanuella Suganda
Grantor
Phone 08111549105",,sugandai@state.gov,,,2024-06-24,08/05/2024,Jun-24-2024 01:45:53 AM EST,Synopsis 2,Archived,No,Yes,"YSEALI (yseali.state.gov) is the U.S. government’s signature initiative to engage emerging leaders in Southeast Asia. The program aims to create a network of young Southeast Asian leaders who work across national borders to solve common problems. Through a variety of programs and engagements, YSEALI seeks to build the leadership capabilities of youth in the region, strengthen ties between the United States and Southeast Asia, and nurture a community of leaders who work across borders to solve shared issues. 
 
YSEALI is open to young leaders ages 18 to 35 who are both citizens and residents of the Association of Southeast Asian Nations (ASEAN) member countries (Brunei, Burma, Cambodia, Indonesia, Laos, Malaysia, the Philippines, Singapore, Thailand, and Vietnam) or Timor-Leste. Responding to priorities from youth in the ASEAN region, YSEALI programs focus on four themes (i.e., Civic Engagement, Economic Empowerment and Social Entrepreneurship, Education and Environmental Issues). The 2025 YSEALI WLA: InnovateHER will advance all of the YSEALI themes and the U.S. Mission to ASEAN’s strategic goals:
 
Sub-objective 3.2.1. ASEAN recognizes the contribution of women in the economic recovery of the region and strives to promote DEIA principles across its economic community pillar.  
 
Sub-objective 3.2.2. The United States creates a program to promote the role of women across ASEAN in contributing to peace and security across the region.       
 
The 2025 YSEALI WLA: InnovatHER will be designed for 50 to 60 female participants who have professional experience working in the tech industry. Possible fields include artificial intelligence technology, clean energy, cybersecurity, software development, medical technology research, and tech start-up incubators. The participants, age 20 to 35, must represent all 10 of the Association of Southeast Asian Nations (ASEAN) member states and Timor-Leste.
 
The Academy will have pre-workshop virtual activities and an in-person four-day or five-day workshop located in Southeast Asia. 
The purpose of the pre-workshop and workshop activities will be to:
 
(1) create a network of Southeast Asian women making advances in technology who will design future activities and workshops for women in the YSEALI network;
(2) explore how technological advancements, including artificial intelligence, could improve the daily lives of women;
(3) discuss political and governmental policies that are affecting women’s access to the digital economy and technological advancements;
(4) develop general leadership skills, including self-awareness of personal professional strengths.
 

FULL NOFO is on the U.S. Mission to ASEAN website here.","Public and State controlled institutions of higher education; Nonprofits having a 501(c)(3) status with the IRS, other than institutions of higher education; Nonprofits that do not have a 501(c)(3) status with the IRS, other than institutions of higher education; Others (see text field entitled ""Additional Information on Eligibility"" for clarification)","yseali (yseali.state.gov) is the u.s. government’s signature initiative to engage emerging leaders in southeast asia. the program aims to create a network of young southeast asian leaders who work across national borders to solve common problems. through a variety of programs and engagements, yseali seeks to build the leadership capabilities of youth in the region, strengthen ties between the united states and southeast asia, and nurture a community of leaders who work across borders to solve shared issues. 
 
yseali is open to young leaders ages 18 to 35 who are both citizens and residents of the association of southeast asian nations (asean) member countries (brunei, burma, cambodia, indonesia, laos, malaysia, the philippines, singapore, thailand, and vietnam) or timor-leste. responding to priorities from youth in the asean region, yseali programs focus on four themes (i.e., civic engagement, economic empowerment and social entrepreneurship, education and environmental issues). the 2025 yseali wla: innovateher will advance all of the yseali themes and the u.s. mission to asean’s strategic goals:
 
sub-objective 3.2.1. asean recognizes the contribution of women in the economic recovery of the region and strives to promote deia principles across its economic community pillar.  
 
sub-objective 3.2.2. the united states creates a program to promote the role of women across asean in contributing to peace and security across the region.       
 
the 2025 yseali wla: innovather will be designed for 50 to 60 female participants who have professional experience working in the tech industry. possible fields include artificial intelligence technology, clean energy, cybersecurity, software development, medical technology research, and tech start-up incubators. the participants, age 20 to 35, must represent all 10 of the association of southeast asian nations (asean) member states and timor-leste.
 
the academy will have pre-workshop virtual activities and an in-person four-day or five-day workshop located in southeast asia. 
the purpose of the pre-workshop and workshop activities will be to:
 
(1) create a network of southeast asian women making advances in technology who will design future activities and workshops for women in the yseali network;
(2) explore how technological advancements, including artificial intelligence, could improve the daily lives of women;
(3) discuss political and governmental policies that are affecting women’s access to the digital economy and technological advancements;
(4) develop general leadership skills, including self-awareness of personal professional strengths.
 

full nofo is on the u.s. mission to asean website here.",True,False
